Graph,Methodnum,T_2 Value,T_2 Bonds,T_2 Pot,T_2 Pot Ratios,T_2 Orientation,B_2 Value,B_2 Tiles,B_2 Pot,B_2 Pot Ratios,B_2 Orientation,SamePot,TileTime,BondTime
GCruvW,3,4,3.0,"['aAAbc', 'aBcC', 'aC', 'ACC']","{'aAAbc': [0, 5, 7], 'aBcC': [1, 4, 6], 'aC': [2], 'ACC': [3]}","[[[0, 0, 0, -0.0, -0.0, -0.0, -0.0, 1.0], [0, 0, 0, 0, -0.0, -0.0, -0.0, 1.0], [0, 0, 0, 0, 0, 1.0, 0, -0.0], [-0.0, 0, 0, 0, 0, -0.0, -0.0, 0], [1.0, -0.0, 0, 0, 0, 0, -0.0, -0.0], [1.0, -0.0, -0.0, -0.0, 0, 0, 0, -0.0], [-0.0, -0.0, 0, 1.0, -0.0, 0, 0, 0], [-0.0, -0.0, -0.0, 0, -0.0, 1.0, 0, 0]], [[0, 0, 0, -0.0, -0.0, -0.0, 1.0, -0.0], [0, 0, 0, 0, -0.0, -0.0, -0.0, -0.0], [0, 0, 0, 0, 0, -0.0, 0, -0.0], [-0.0, 0, 0, 0, 0, -0.0, -0.0, 0], [-0.0, -0.0, 0, 0, 0, 0, -0.0, -0.0], [-0.0, 1.0, -0.0, -0.0, 0, 0, 0, -0.0], [-0.0, -0.0, 0, -0.0, -0.0, 0, 0, 0], [-0.0, -0.0, -0.0, 0, 1.0, -0.0, 0, 0]], [[0, 0, 0, 1.0, -0.0, -0.0, -0.0, -0.0], [0, 0, 0, 0, 1.0, -0.0, -0.0, -0.0], [0, 0, 0, 0, 0, -0.0, 0, -0.0], [-0.0, 0, 0, 0, 0, -0.0, -0.0, 0], [-0.0, -0.0, 0, 0, 0, 0, 1.0, -0.0], [-0.0, -0.0, -0.0, 1.0, 0, 0, 0, -0.0], [-0.0, 1.0, 0, -0.0, -0.0, 0, 0, 0], [-0.0, -0.0, 1.0, 0, -0.0, -0.0, 0, 0]]]",2.0,6,"['aaAbb', 'abb', 'AbbB', 'Ab', 'BBBBB', 'BBBB']","{'aaAbb': [0, 7], 'abb': [3], 'AbbB': [1, 4], 'Ab': [2], 'BBBBB': [5], 'BBBB': [6]}","[[[0, 0, 0, -0.0, 1.0, -0.0, -0.0, 1.0], [0, 0, 0, 0, -0.0, -0.0, -0.0, -0.0], [0, 0, 0, 0, 0, -0.0, 0, -0.0], [1.0, 0, 0, 0, 0, -0.0, -0.0, 0], [-0.0, -0.0, 0, 0, 0, 0, -0.0, -0.0], [-0.0, -0.0, -0.0, -0.0, 0, 0, 0, -0.0], [-0.0, -0.0, 0, -0.0, -0.0, 0, 0, 0], [-0.0, 1.0, 1.0, 0, -0.0, -0.0, 0, 0]], [[0, 0, 0, -0.0, -0.0, 1.0, 1.0, -0.0], [0, 0, 0, 0, -0.0, 1.0, 1.0, -0.0], [0, 0, 0, 0, 0, 1.0, 0, -0.0], [-0.0, 0, 0, 0, 0, 1.0, 1.0, 0], [-0.0, 1.0, 0, 0, 0, 0, 1.0, -0.0], [-0.0, -0.0, -0.0, -0.0, 0, 0, 0, -0.0], [-0.0, -0.0, 0, -0.0, -0.0, 0, 0, 0], [-0.0, -0.0, -0.0, 0, 1.0, 1.0, 0, 0]]]",False,5.617144215852022,672.2435680059716
GCruv[,3,5,3.0,"['aaAACC', 'aacC', 'aAAbc', 'AC', 'BBB']","{'aaAACC': [7], 'aacC': [1, 4], 'aAAbc': [0, 5, 6], 'AC': [2], 'BBB': [3]}","[[[0, 0, 0, -0.0, -0.0, -0.0, -0.0, 1.0], [0, 0, 0, 0, -0.0, 1.0, 1.0, -0.0], [0, 0, 0, 0, 0, -0.0, 0, -0.0], [-0.0, 0, 0, 0, 0, -0.0, -0.0, 0], [-0.0, -0.0, 0, 0, 0, 0, 1.0, 1.0], [1.0, -0.0, -0.0, -0.0, 0, 0, 0, -0.0], [1.0, -0.0, 0, -0.0, -0.0, 0, 0, -0.0], [-0.0, -0.0, 1.0, 0, -0.0, 1.0, -0.0, 0]], [[0, 0, 0, 1.0, -0.0, -0.0, -0.0, -0.0], [0, 0, 0, 0, -0.0, -0.0, -0.0, -0.0], [0, 0, 0, 0, 0, -0.0, 0, -0.0], [-0.0, 0, 0, 0, 0, -0.0, -0.0, 0], [-0.0, -0.0, 0, 0, 0, 0, -0.0, -0.0], [-0.0, -0.0, -0.0, 1.0, 0, 0, 0, -0.0], [-0.0, -0.0, 0, 1.0, -0.0, 0, 0, -0.0], [-0.0, -0.0, -0.0, 0, -0.0, -0.0, -0.0, 0]], [[0, 0, 0, -0.0, 1.0, -0.0, -0.0, -0.0], [0, 0, 0, 0, -0.0, -0.0, -0.0, 1.0], [0, 0, 0, 0, 0, -0.0, 0, -0.0], [-0.0, 0, 0, 0, 0, -0.0, -0.0, 0], [-0.0, 1.0, 0, 0, 0, 0, -0.0, -0.0], [-0.0, -0.0, 1.0, -0.0, 0, 0, 0, -0.0], [-0.0, -0.0, 0, -0.0, -0.0, 0, 0, 1.0], [-0.0, -0.0, -0.0, 0, -0.0, -0.0, -0.0, 0]]]",2.0,7,"['aaaaaB', 'aAbbB', 'aAb', 'AABBB', 'Abbb', 'AbBB', 'AB']","{'aaaaaB': [7], 'aAbbB': [0, 5], 'aAb': [3], 'AABBB': [6], 'Abbb': [1], 'AbBB': [4], 'AB': [2]}","[[[0, 0, 0, -0.0, -0.0, 1.0, -0.0, -0.0], [0, 0, 0, 0, -0.0, -0.0, -0.0, -0.0], [0, 0, 0, 0, 0, -0.0, 0, -0.0], [-0.0, 0, 0, 0, 0, -0.0, 1.0, 0], [-0.0, -0.0, 0, 0, 0, 0, -0.0, -0.0], [-0.0, -0.0, -0.0, 1.0, 0, 0, 0, -0.0], [-0.0, -0.0, 0, -0.0, -0.0, 0, 0, -0.0], [1.0, 1.0, 1.0, 0, 1.0, -0.0, 1.0, 0]], [[0, 0, 0, -0.0, 1.0, -0.0, 1.0, -0.0], [0, 0, 0, 0, 1.0, 1.0, 1.0, -0.0], [0, 0, 0, 0, 0, -0.0, 0, -0.0], [1.0, 0, 0, 0, 0, -0.0, -0.0, 0], [-0.0, -0.0, 0, 0, 0, 0, 1.0, -0.0], [-0.0, -0.0, 1.0, -0.0, 0, 0, 0, 1.0], [-0.0, -0.0, 0, -0.0, -0.0, 0, 0, -0.0], [-0.0, -0.0, -0.0, 0, -0.0, -0.0, -0.0, 0]]]",False,7.218664445914328,30624.53503894061
GCru~w,3,4,3.0,"['aaAC', 'aAAbc', 'aAABcC', 'ac']","{'aaAC': [1, 3, 4], 'aAAbc': [0, 6], 'aAABcC': [5, 7], 'ac': [2]}","[[[0, 0, 0, 1.0, -0.0, -0.0, -0.0, -0.0], [0, 0, 0, 0, 1.0, -0.0, 1.0, -0.0], [0, 0, 0, 0, 0, 1.0, 0, -0.0], [-0.0, 0, 0, 0, 0, 1.0, -0.0, 1.0], [-0.0, -0.0, 0, 0, 0, 0, 1.0, 1.0], [1.0, -0.0, -0.0, -0.0, 0, 0, -0.0, -0.0], [1.0, -0.0, 0, -0.0, -0.0, -0.0, 0, 0], [-0.0, 1.0, -0.0, -0.0, -0.0, -0.0, 0, 0]], [[0, 0, 0, -0.0, -0.0, -0.0, -0.0, 1.0], [0, 0, 0, 0, -0.0, -0.0, -0.0, -0.0], [0, 0, 0, 0, 0, -0.0, 0, -0.0], [-0.0, 0, 0, 0, 0, -0.0, -0.0, -0.0], [-0.0, -0.0, 0, 0, 0, 0, -0.0, -0.0], [-0.0, -0.0, -0.0, -0.0, 0, 0, -0.0, -0.0], [-0.0, -0.0, 0, -0.0, -0.0, 1.0, 0, 0], [-0.0, -0.0, -0.0, -0.0, -0.0, -0.0, 0, 0]], [[0, 0, 0, -0.0, 1.0, -0.0, -0.0, -0.0], [0, 0, 0, 0, -0.0, -0.0, -0.0, -0.0], [0, 0, 0, 0, 0, -0.0, 0, 1.0], [-0.0, 0, 0, 0, 0, -0.0, -0.0, -0.0], [-0.0, -0.0, 0, 0, 0, 0, -0.0, -0.0], [-0.0, 1.0, -0.0, -0.0, 0, 0, -0.0, -0.0], [-0.0, -0.0, 0, 1.0, -0.0, -0.0, 0, 0], [-0.0, -0.0, -0.0, -0.0, -0.0, 1.0, 0, 0]]]",2.0,6,"['aaAbBB', 'abbb', 'abBB', 'aB', 'AAbBB', 'Abbb']","{'aaAbBB': [5, 7], 'abbb': [3], 'abBB': [1], 'aB': [2], 'AAbBB': [0, 6], 'Abbb': [4]}","[[[0, 0, 0, -0.0, -0.0, -0.0, -0.0, -0.0], [0, 0, 0, 0, -0.0, -0.0, 1.0, -0.0], [0, 0, 0, 0, 0, -0.0, 0, 1.0], [1.0, 0, 0, 0, 0, -0.0, -0.0, -0.0], [-0.0, -0.0, 0, 0, 0, 0, -0.0, -0.0], [1.0, -0.0, -0.0, -0.0, 0, 0, 1.0, -0.0], [-0.0, -0.0, 0, -0.0, -0.0, -0.0, 0, 0], [-0.0, -0.0, -0.0, -0.0, 1.0, 1.0, 0, 0]], [[0, 0, 0, -0.0, -0.0, -0.0, -0.0, 1.0], [0, 0, 0, 0, -0.0, 1.0, -0.0, -0.0], [0, 0, 0, 0, 0, -0.0, 0, -0.0], [-0.0, 0, 0, 0, 0, 1.0, 1.0, 1.0], [1.0, 1.0, 0, 0, 0, 0, 1.0, -0.0], [-0.0, -0.0, 1.0, -0.0, 0, 0, -0.0, -0.0], [1.0, -0.0, 0, -0.0, -0.0, -0.0, 0, 0], [-0.0, 1.0, -0.0, -0.0, -0.0, -0.0, 0, 0]]]",False,0.7738995989784598,1095.1147410394624
GCu~fW,5,4,2.0,"['aBBB', 'ABBB', 'bbbBB', 'bbB']","{'aBBB': [6], 'ABBB': [3], 'bbbBB': [0, 4, 5, 7], 'bbB': [1, 2]}","[[[0, 0, 0, 0, 0, 0, 0, 0], [0, 0, 0, 0, 0, 0, 0, 0], [0, 0, 0, 0, 0, 0, 0, 0], [0, 0, 0, 0, 0, 0, 0, 0], [0, 0, 0, 0, 0, 0, 0, 0], [0, 0, 0, 0, 0, 0, 0, 0], [0, 0, 0, 1, 0, 0, 0, 0], [0, 0, 0, 0, 0, 0, 0, 0]], [[0, 0, 0, 1, 0, 0, 1, 1], [0, 0, 0, 0, 1, 0, 1, 0], [0, 0, 0, 0, 0, 1, 1, 0], [0, 0, 0, 0, 0, 0, 0, 0], [1, 0, 0, 1, 0, 1, 0, 0], [1, 0, 0, 1, 0, 0, 0, 1], [0, 0, 0, 0, 0, 0, 0, 0], [0, 1, 1, 0, 1, 0, 0, 0]]]",2.0,4,,,,True,6.470470535568893,132.4565895218402
GCu~f[,5,4,2.0,"['abBBB', 'AAbbBB', 'AAbb', 'bbb']","{'abBBB': [0, 4, 5, 6], 'AAbbBB': [7], 'AAbb': [3], 'bbb': [1, 2]}","[[[0, 0, 0, 0, 0, 0, 0, 1], [0, 0, 0, 0, 0, 0, 0, 0], [0, 0, 0, 0, 0, 0, 0, 0], [0, 0, 0, 0, 0, 0, 0, 0], [0, 0, 0, 0, 0, 0, 0, 1], [0, 0, 0, 1, 0, 0, 0, 0], [0, 0, 0, 1, 0, 0, 0, 0], [0, 0, 0, 0, 0, 0, 0, 0]], [[0, 0, 0, 0, 1, 0, 0, 0], [0, 0, 0, 0, 1, 0, 1, 1], [0, 0, 0, 0, 0, 1, 1, 1], [1, 0, 0, 0, 1, 0, 0, 0], [0, 0, 0, 0, 0, 1, 0, 0], [1, 0, 0, 0, 0, 0, 0, 0], [1, 0, 0, 0, 0, 0, 0, 0], [0, 0, 0, 0, 0, 1, 1, 0]]]",2.0,4,,,,True,14.039424871094525,464.4899488836527
GCu~fo,5,4,2.0,"['aBBB', 'AAb', 'bbbBB', 'bbB']","{'aBBB': [5, 6], 'AAb': [2], 'bbbBB': [0, 3, 4, 7], 'bbB': [1]}","[[[0, 0, 0, 0, 0, 0, 0, 0], [0, 0, 0, 0, 0, 0, 0, 0], [0, 0, 0, 0, 0, 0, 0, 0], [0, 0, 0, 0, 0, 0, 0, 0], [0, 0, 0, 0, 0, 0, 0, 0], [0, 0, 1, 0, 0, 0, 0, 0], [0, 0, 1, 0, 0, 0, 0, 0], [0, 0, 0, 0, 0, 0, 0, 0]], [[0, 0, 0, 1, 0, 1, 1, 0], [0, 0, 0, 0, 0, 0, 1, 1], [0, 0, 0, 0, 0, 0, 0, 1], [0, 0, 0, 0, 1, 1, 1, 0], [1, 1, 0, 0, 0, 1, 0, 0], [0, 0, 0, 0, 0, 0, 0, 0], [0, 0, 0, 0, 0, 0, 0, 0], [1, 0, 0, 1, 1, 0, 0, 0]]]",2.0,4,,,,True,12.922012289986014,198.9543034881353
GCu~fs,5,4,2.0,"['abbB', 'abb', 'aBBBBB', 'AbbBB']","{'abbB': [5], 'abb': [1, 2], 'aBBBBB': [7], 'AbbBB': [0, 3, 4, 6]}","[[[0, 0, 0, 0, 0, 0, 0, 0], [0, 0, 0, 0, 1, 0, 0, 0], [0, 0, 0, 0, 0, 0, 1, 0], [0, 0, 0, 0, 0, 0, 0, 0], [0, 0, 0, 0, 0, 0, 0, 0], [1, 0, 0, 0, 0, 0, 0, 0], [0, 0, 0, 0, 0, 0, 0, 0], [0, 0, 0, 1, 0, 0, 0, 0]], [[0, 0, 0, 0, 1, 0, 0, 1], [0, 0, 0, 0, 0, 0, 1, 1], [0, 0, 0, 0, 0, 1, 0, 1], [1, 0, 0, 0, 0, 0, 1, 0], [0, 0, 0, 1, 0, 0, 0, 1], [0, 0, 0, 1, 1, 0, 0, 0], [1, 0, 0, 0, 0, 0, 0, 1], [0, 0, 0, 0, 0, 0, 0, 0]]]",2.0,4,,,,True,16.719983769580722,409.3200773810968
GCu~fw,5,4,2.0,"['abbBB', 'AABBBB', 'AABB', 'bbb']","{'abbBB': [0, 3, 4, 5], 'AABBBB': [7], 'AABB': [6], 'bbb': [1, 2]}","[[[0, 0, 0, 0, 0, 0, 1, 0], [0, 0, 0, 0, 0, 0, 0, 0], [0, 0, 0, 0, 0, 0, 0, 0], [0, 0, 0, 0, 0, 0, 1, 0], [0, 0, 0, 0, 0, 0, 0, 1], [0, 0, 0, 0, 0, 0, 0, 1], [0, 0, 0, 0, 0, 0, 0, 0], [0, 0, 0, 0, 0, 0, 0, 0]], [[0, 0, 0, 1, 0, 0, 0, 1], [0, 0, 0, 0, 1, 0, 1, 1], [0, 0, 0, 0, 0, 1, 1, 1], [0, 0, 0, 0, 0, 1, 0, 1], [1, 0, 0, 1, 0, 0, 0, 0], [1, 0, 0, 0, 1, 0, 0, 0], [0, 0, 0, 0, 0, 0, 0, 0], [0, 0, 0, 0, 0, 0, 0, 0]]]",2.0,4,,,,True,20.978167393244803,322.7393823657185
GCu~f{,5,3,1.0,"['aaaAA', 'aaA', 'AAAAAAA']","{'aaaAA': [0, 3, 4, 5, 6], 'aaA': [1, 2], 'AAAAAAA': [7]}","[[[0, 0, 0, 0, 0, 1, 1, 1], [0, 0, 0, 0, 1, 0, 0, 1], [0, 0, 0, 0, 0, 0, 1, 1], [1, 0, 0, 0, 0, 1, 0, 1], [1, 0, 0, 1, 0, 0, 0, 1], [0, 0, 1, 0, 1, 0, 0, 1], [0, 1, 0, 1, 0, 0, 0, 1], [0, 0, 0, 0, 0, 0, 0, 0]]]",1.0,3,,,,True,0.3193353284150362,2.966448664665222e-05
GCu~~{,5,5,2.0,"['aBB', 'AbBBBB', 'ABBBBB', 'bbbbbBB', 'bbbbB']","{'aBB': [1, 2], 'AbBBBB': [5], 'ABBBBB': [4], 'bbbbbBB': [6, 7], 'bbbbB': [0, 3]}","[[[0, 0, 0, 0, 0, 0, 0, 0], [0, 0, 0, 0, 1, 0, 0, 0], [0, 0, 0, 0, 0, 1, 0, 0], [0, 0, 0, 0, 0, 0, 0, 0], [0, 0, 0, 0, 0, 0, 0, 0], [0, 0, 0, 0, 0, 0, 0, 0], [0, 0, 0, 0, 0, 0, 0, 0], [0, 0, 0, 0, 0, 0, 0, 0]], [[0, 0, 0, 0, 1, 1, 1, 1], [0, 0, 0, 0, 0, 0, 0, 0], [0, 0, 0, 0, 0, 0, 0, 0], [1, 0, 0, 0, 1, 1, 1, 0], [0, 0, 0, 0, 0, 0, 0, 0], [0, 0, 0, 0, 1, 0, 0, 0], [0, 1, 1, 0, 1, 1, 0, 1], [0, 1, 1, 1, 1, 1, 0, 0]]]",2.0,5,,,,True,66.62183322478086,1800.8410240756348
GCvT|{,5,4,2.0,"['abBBB', 'AAABB', 'bbbbBB', 'bb']","{'abBBB': [0, 4, 5], 'AAABB': [3], 'bbbbBB': [6, 7], 'bb': [1, 2]}","[[[0, 0, 0, 1, 0, 0, 0, 0], [0, 0, 0, 0, 0, 0, 0, 0], [0, 0, 0, 0, 0, 0, 0, 0], [0, 0, 0, 0, 0, 0, 0, 0], [0, 0, 0, 1, 0, 0, 0, 0], [0, 0, 0, 1, 0, 0, 0, 0], [0, 0, 0, 0, 0, 0, 0, 0], [0, 0, 0, 0, 0, 0, 0, 0]], [[0, 0, 0, 0, 0, 0, 0, 1], [0, 0, 0, 0, 1, 1, 0, 0], [0, 0, 0, 0, 0, 0, 1, 1], [0, 0, 0, 0, 0, 0, 0, 0], [1, 0, 0, 0, 0, 0, 0, 0], [1, 0, 0, 0, 0, 0, 0, 0], [1, 0, 0, 1, 1, 1, 0, 0], [0, 0, 0, 1, 1, 1, 1, 0]]]",2.0,4,,,,True,44.00057622697204,161.6969905141741
GCvT~w,5,4,2.0,"['aB', 'ABBBBB', 'bbbBB', 'bbB']","{'aB': [2], 'ABBBBB': [7], 'bbbBB': [0, 3, 4, 5, 6], 'bbB': [1]}","[[[0, 0, 0, 0, 0, 0, 0, 0], [0, 0, 0, 0, 0, 0, 0, 0], [0, 0, 0, 0, 0, 0, 0, 1], [0, 0, 0, 0, 0, 0, 0, 0], [0, 0, 0, 0, 0, 0, 0, 0], [0, 0, 0, 0, 0, 0, 0, 0], [0, 0, 0, 0, 0, 0, 0, 0], [0, 0, 0, 0, 0, 0, 0, 0]], [[0, 0, 0, 1, 0, 1, 0, 1], [0, 0, 0, 0, 1, 0, 0, 1], [0, 0, 0, 0, 0, 0, 0, 0], [0, 0, 0, 0, 0, 1, 1, 1], [1, 0, 0, 1, 0, 0, 0, 1], [0, 1, 0, 0, 0, 0, 1, 1], [1, 0, 1, 0, 1, 0, 0, 0], [0, 0, 0, 0, 0, 0, 0, 0]]]",2.0,4,,,,True,2.636042862199247,228.74227315559983
GCvT~{,5,5,2.0,"['aB', 'ABBBBB', 'bbbbBBB', 'bbbBB', 'bbB']","{'aB': [2], 'ABBBBB': [6], 'bbbbBBB': [7], 'bbbBB': [0, 3, 4, 5], 'bbB': [1]}","[[[0, 0, 0, 0, 0, 0, 0, 0], [0, 0, 0, 0, 0, 0, 0, 0], [0, 0, 0, 0, 0, 0, 1, 0], [0, 0, 0, 0, 0, 0, 0, 0], [0, 0, 0, 0, 0, 0, 0, 0], [0, 0, 0, 0, 0, 0, 0, 0], [0, 0, 0, 0, 0, 0, 0, 0], [0, 0, 0, 0, 0, 0, 0, 0]], [[0, 0, 0, 0, 1, 0, 1, 1], [0, 0, 0, 0, 0, 1, 0, 1], [0, 0, 0, 0, 0, 0, 0, 0], [1, 0, 0, 0, 0, 0, 1, 1], [0, 1, 0, 1, 0, 0, 1, 0], [1, 0, 0, 1, 0, 0, 1, 0], [0, 0, 0, 0, 0, 0, 0, 0], [0, 0, 1, 0, 1, 1, 1, 0]]]",2.0,5,,,,True,17.28315648715943,688.3211289849132
GCru~{,3,5,2.0,"['aaAAAb', 'aaAb', 'aAbBBBB', 'ab', 'AABBB']","{'aaAAAb': [5, 6], 'aaAb': [1, 3, 4], 'aAbBBBB': [7], 'ab': [2], 'AABBB': [0]}","[[[0, 0, 0, -0.0, -0.0, -0.0, -0.0, -0.0], [0, 0, 0, 0, -0.0, 1.0, 1.0, -0.0], [0, 0, 0, 0, 0, 1.0, 0, -0.0], [-0.0, 0, 0, 0, 0, 1.0, 1.0, -0.0], [1.0, 1.0, 0, 0, 0, 0, -0.0, -0.0], [-0.0, -0.0, -0.0, -0.0, 0, 0, 1.0, 1.0], [1.0, -0.0, 0, -0.0, 1.0, -0.0, 0, -0.0], [-0.0, -0.0, -0.0, 1.0, -0.0, -0.0, -0.0, 0]], [[0, 0, 0, -0.0, -0.0, -0.0, -0.0, -0.0], [0, 0, 0, 0, -0.0, -0.0, -0.0, 1.0], [0, 0, 0, 0, 0, -0.0, 0, 1.0], [1.0, 0, 0, 0, 0, -0.0, -0.0, -0.0], [-0.0, -0.0, 0, 0, 0, 0, -0.0, 1.0], [1.0, -0.0, -0.0, -0.0, 0, 0, -0.0, -0.0], [-0.0, -0.0, 0, -0.0, -0.0, -0.0, 0, 1.0], [1.0, -0.0, -0.0, -0.0, -0.0, -0.0, -0.0, 0]]]",2.0,5,,,,True,7.5051497323438525,727.5337476255372
GCvUvs,5,5,2.0,"['aBBB', 'AbBBBB', 'bbbBB', 'bbB', 'b']","{'aBBB': [1], 'AbBBBB': [7], 'bbbBB': [0, 3, 4, 6], 'bbB': [5], 'b': [2]}","[[[0, 0, 0, 0, 0, 0, 0, 0], [0, 0, 0, 0, 0, 0, 0, 1], [0, 0, 0, 0, 0, 0, 0, 0], [0, 0, 0, 0, 0, 0, 0, 0], [0, 0, 0, 0, 0, 0, 0, 0], [0, 0, 0, 0, 0, 0, 0, 0], [0, 0, 0, 0, 0, 0, 0, 0], [0, 0, 0, 0, 0, 0, 0, 0]], [[0, 0, 0, 0, 1, 1, 1, 0], [0, 0, 0, 0, 0, 0, 0, 0], [0, 0, 0, 0, 0, 0, 0, 1], [1, 0, 0, 0, 0, 0, 1, 1], [0, 1, 0, 1, 0, 0, 0, 1], [0, 1, 0, 1, 0, 0, 0, 0], [0, 1, 0, 0, 1, 0, 0, 1], [1, 0, 0, 0, 0, 0, 0, 0]]]",2.0,5,,,,True,18.799834159202877,282.57789078820497
GCvUvw,5,4,2.0,"['abBBB', 'AAAbBB', 'bbbB', 'b']","{'abBBB': [0, 3, 4], 'AAAbBB': [7], 'bbbB': [1, 5, 6], 'b': [2]}","[[[0, 0, 0, 0, 0, 0, 0, 1], [0, 0, 0, 0, 0, 0, 0, 0], [0, 0, 0, 0, 0, 0, 0, 0], [0, 0, 0, 0, 0, 0, 0, 1], [0, 0, 0, 0, 0, 0, 0, 1], [0, 0, 0, 0, 0, 0, 0, 0], [0, 0, 0, 0, 0, 0, 0, 0], [0, 0, 0, 0, 0, 0, 0, 0]], [[0, 0, 0, 1, 0, 0, 0, 0], [0, 0, 0, 0, 1, 0, 1, 1], [0, 0, 0, 0, 0, 0, 0, 1], [0, 0, 0, 0, 1, 0, 0, 0], [1, 0, 0, 0, 0, 0, 0, 0], [1, 1, 0, 1, 0, 0, 0, 0], [1, 0, 0, 1, 1, 0, 0, 0], [0, 0, 0, 0, 0, 1, 0, 0]]]",2.0,4,,,,True,5.128772363997996,216.99049538280812
GCvUv{,5,4,2.0,"['abBB', 'AAbBBBB', 'bbbBB', 'b']","{'abBB': [1, 5], 'AAbBBBB': [7], 'bbbBB': [0, 3, 4, 6], 'b': [2]}","[[[0, 0, 0, 0, 0, 0, 0, 0], [0, 0, 0, 0, 0, 0, 0, 1], [0, 0, 0, 0, 0, 0, 0, 0], [0, 0, 0, 0, 0, 0, 0, 0], [0, 0, 0, 0, 0, 0, 0, 0], [0, 0, 0, 0, 0, 0, 0, 1], [0, 0, 0, 0, 0, 0, 0, 0], [0, 0, 0, 0, 0, 0, 0, 0]], [[0, 0, 0, 0, 1, 1, 1, 0], [0, 0, 0, 0, 0, 0, 1, 0], [0, 0, 0, 0, 0, 0, 0, 1], [1, 0, 0, 0, 0, 1, 0, 1], [0, 1, 0, 1, 0, 0, 0, 1], [0, 1, 0, 0, 0, 0, 0, 0], [0, 0, 0, 1, 1, 0, 0, 1], [1, 0, 0, 0, 0, 0, 0, 0]]]",2.0,4,,,,True,4.197493409737945,325.5875360434875
GCvU|{,5,4,2.0,"['abbBB', 'aBB', 'a', 'AAAbbB']","{'abbBB': [0, 3, 4, 5], 'aBB': [1], 'a': [2], 'AAAbbB': [6, 7]}","[[[0, 0, 0, 0, 0, 0, 0, 1], [0, 0, 0, 0, 0, 0, 1, 0], [0, 0, 0, 0, 0, 0, 0, 1], [0, 0, 0, 0, 0, 0, 0, 1], [0, 0, 0, 0, 0, 0, 1, 0], [0, 0, 0, 0, 0, 0, 1, 0], [0, 0, 0, 0, 0, 0, 0, 0], [0, 0, 0, 0, 0, 0, 0, 0]], [[0, 0, 0, 0, 0, 1, 1, 0], [0, 0, 0, 0, 0, 0, 0, 0], [0, 0, 0, 0, 0, 0, 0, 0], [1, 0, 0, 0, 1, 0, 0, 0], [1, 1, 0, 0, 0, 0, 0, 0], [0, 1, 0, 1, 0, 0, 0, 0], [0, 0, 0, 1, 0, 0, 0, 1], [0, 0, 0, 0, 1, 1, 0, 0]]]",2.0,4,,,,True,11.280081164091824,314.62185284588486
GCvU~w,5,4,2.0,"['aBBB', 'AbBBBB', 'bbbBB', 'b']","{'aBBB': [1], 'AbBBBB': [7], 'bbbBB': [0, 3, 4, 5, 6], 'b': [2]}","[[[0, 0, 0, 0, 0, 0, 0, 0], [0, 0, 0, 0, 0, 0, 0, 1], [0, 0, 0, 0, 0, 0, 0, 0], [0, 0, 0, 0, 0, 0, 0, 0], [0, 0, 0, 0, 0, 0, 0, 0], [0, 0, 0, 0, 0, 0, 0, 0], [0, 0, 0, 0, 0, 0, 0, 0], [0, 0, 0, 0, 0, 0, 0, 0]], [[0, 0, 0, 0, 1, 0, 1, 1], [0, 0, 0, 0, 0, 0, 0, 0], [0, 0, 0, 0, 0, 0, 0, 1], [1, 0, 0, 0, 0, 1, 0, 1], [0, 1, 0, 1, 0, 0, 1, 0], [1, 1, 0, 0, 0, 0, 0, 1], [0, 1, 0, 1, 0, 1, 0, 0], [0, 0, 0, 0, 1, 0, 0, 0]]]",2.0,4,,,,True,1.9579161927104,128.5642279246822
GCvU~{,5,5,2.0,"['aBBB', 'AbBBBB', 'bbbbBBB', 'bbbBB', 'b']","{'aBBB': [1], 'AbBBBB': [6], 'bbbbBBB': [7], 'bbbBB': [0, 3, 4, 5], 'b': [2]}","[[[0, 0, 0, 0, 0, 0, 0, 0], [0, 0, 0, 0, 0, 0, 1, 0], [0, 0, 0, 0, 0, 0, 0, 0], [0, 0, 0, 0, 0, 0, 0, 0], [0, 0, 0, 0, 0, 0, 0, 0], [0, 0, 0, 0, 0, 0, 0, 0], [0, 0, 0, 0, 0, 0, 0, 0], [0, 0, 0, 0, 0, 0, 0, 0]], [[0, 0, 0, 1, 1, 0, 1, 0], [0, 0, 0, 0, 0, 0, 0, 0], [0, 0, 0, 0, 0, 0, 0, 1], [0, 0, 0, 0, 1, 0, 1, 1], [0, 1, 0, 0, 0, 0, 1, 1], [1, 1, 0, 1, 0, 0, 0, 0], [0, 0, 0, 0, 0, 1, 0, 0], [1, 1, 0, 0, 0, 1, 1, 0]]]",2.0,5,,,,True,17.46436004433781,592.4827827364206
GCvVZ{,5,4,2.0,"['abBB', 'ab', 'Abbbb', 'AbBBBB']","{'abBB': [0, 1, 3], 'ab': [2], 'Abbbb': [4, 5], 'AbBBBB': [6, 7]}","[[[0, 0, 0, 0, 1, 0, 0, 0], [0, 0, 0, 0, 0, 1, 0, 0], [0, 0, 0, 0, 0, 0, 1, 0], [0, 0, 0, 0, 0, 0, 0, 1], [0, 0, 0, 0, 0, 0, 0, 0], [0, 0, 0, 0, 0, 0, 0, 0], [0, 0, 0, 0, 0, 0, 0, 0], [0, 0, 0, 0, 0, 0, 0, 0]], [[0, 0, 0, 0, 0, 0, 1, 0], [0, 0, 0, 0, 0, 0, 1, 0], [0, 0, 0, 0, 0, 0, 0, 1], [1, 0, 0, 0, 0, 0, 0, 0], [0, 1, 0, 1, 0, 0, 1, 1], [1, 0, 0, 1, 0, 0, 1, 1], [0, 0, 0, 0, 0, 0, 0, 1], [0, 1, 0, 0, 0, 0, 0, 0]]]",2.0,4,,,,True,8.390414311550558,250.93650388531387
GCvV\{,5,5,2.0,"['abBBB', 'AAAB', 'bbbbBB', 'bbB', 'bb']","{'abBBB': [0, 4, 5], 'AAAB': [3], 'bbbbBB': [6, 7], 'bbB': [1], 'bb': [2]}","[[[0, 0, 0, 1, 0, 0, 0, 0], [0, 0, 0, 0, 0, 0, 0, 0], [0, 0, 0, 0, 0, 0, 0, 0], [0, 0, 0, 0, 0, 0, 0, 0], [0, 0, 0, 1, 0, 0, 0, 0], [0, 0, 0, 1, 0, 0, 0, 0], [0, 0, 0, 0, 0, 0, 0, 0], [0, 0, 0, 0, 0, 0, 0, 0]], [[0, 0, 0, 0, 1, 0, 0, 0], [0, 0, 0, 0, 0, 1, 1, 0], [0, 0, 0, 0, 0, 0, 1, 1], [0, 0, 0, 0, 0, 0, 0, 0], [0, 1, 0, 0, 0, 0, 0, 0], [1, 0, 0, 0, 0, 0, 0, 0], [1, 0, 0, 0, 1, 1, 0, 1], [1, 0, 0, 1, 1, 1, 0, 0]]]",2.0,5,,,,True,57.90382152888924,532.2705578524619
GCvV]{,5,4,2.0,"['abbbB', 'abBBBB', 'AAbB', 'A']","{'abbbB': [0, 4, 5], 'abBBBB': [6, 7], 'AAbB': [1, 3], 'A': [2]}","[[[0, 0, 0, 1, 0, 0, 0, 0], [0, 0, 0, 0, 0, 0, 0, 0], [0, 0, 0, 0, 0, 0, 0, 0], [0, 0, 0, 0, 0, 0, 0, 0], [0, 1, 0, 0, 0, 0, 0, 0], [0, 1, 0, 0, 0, 0, 0, 0], [0, 0, 1, 0, 0, 0, 0, 0], [0, 0, 0, 1, 0, 0, 0, 0]], [[0, 0, 0, 0, 1, 0, 1, 1], [0, 0, 0, 0, 0, 0, 1, 0], [0, 0, 0, 0, 0, 0, 0, 0], [0, 0, 0, 0, 0, 1, 0, 0], [0, 0, 0, 1, 0, 0, 1, 1], [1, 0, 0, 0, 0, 0, 1, 1], [0, 0, 0, 0, 0, 0, 0, 1], [0, 1, 0, 0, 0, 0, 0, 0]]]",2.0,4,,,,True,18.902482592500743,402.0993905104697
GCvV^[,5,5,2.0,"['abbbB', 'abBBBB', 'AAbB', 'AA', 'AbB']","{'abbbB': [0, 4, 5], 'abBBBB': [6, 7], 'AAbB': [1], 'AA': [2], 'AbB': [3]}","[[[0, 0, 0, 1, 0, 0, 0, 0], [0, 0, 0, 0, 0, 0, 0, 0], [0, 0, 0, 0, 0, 0, 0, 0], [0, 0, 0, 0, 0, 0, 0, 0], [0, 1, 0, 0, 0, 0, 0, 0], [0, 1, 0, 0, 0, 0, 0, 0], [0, 0, 1, 0, 0, 0, 0, 0], [0, 0, 1, 0, 0, 0, 0, 0]], [[0, 0, 0, 0, 1, 0, 1, 1], [0, 0, 0, 0, 0, 0, 0, 1], [0, 0, 0, 0, 0, 0, 0, 0], [0, 0, 0, 0, 0, 1, 0, 0], [0, 0, 0, 1, 0, 0, 1, 1], [1, 0, 0, 0, 0, 0, 1, 1], [0, 1, 0, 0, 0, 0, 0, 0], [0, 0, 0, 0, 0, 0, 1, 0]]]",2.0,5,,,,True,211.40305361151692,425.31618781294674
GCrvP{,3,4,2.0,"['aaAAc', 'aAc', 'acCC', 'AACCC']","{'aaAAc': [5, 7], 'aAc': [1, 2, 3], 'acCC': [0, 4], 'AACCC': [6]}","[[[0, 0, 0, -0.0, -0.0, -0.0, 1.0, 0], [0, 0, 0, 0, -0.0, -0.0, 1.0, 0], [0, 0, 0, 0, 0, 0.0, -0.0, 1.0], [-0.0, 0, 0, 0, 0, 1.0, 0, 0.0], [-0.0, -0.0, 0, 0, 0, 0, -0.0, 1.0], [-0.0, 1.0, 1.0, 0.0, 0, 0, 0, 0.0], [-0.0, -0.0, -0.0, 0, -0.0, 0, 0, -0.0], [0, 0, 0.0, 1.0, -0.0, 1.0, -0.0, 0]], [[0, 0, 0, -0.0, -0.0, -0.0, -0.0, 0], [0, 0, 0, 0, -0.0, -0.0, -0.0, 0], [0, 0, 0, 0, 0, -0.0, -0.0, -0.0], [-0.0, 0, 0, 0, 0, -0.0, 0, -0.0], [-0.0, -0.0, 0, 0, 0, 0, -0.0, -0.0], [-0.0, -0.0, -0.0, -0.0, 0, 0, 0, -0.0], [-0.0, -0.0, -0.0, 0, -0.0, 0, 0, -0.0], [0, 0, -0.0, -0.0, -0.0, -0.0, -0.0, 0]], [[0, 0, 0, -0.0, 1.0, -0.0, -0.0, 0], [0, 0, 0, 0, 1.0, -0.0, -0.0, 0], [0, 0, 0, 0, 0, -0.0, 1.0, -0.0], [1.0, 0, 0, 0, 0, -0.0, 0, -0.0], [-0.0, -0.0, 0, 0, 0, 0, 1.0, -0.0], [1.0, -0.0, -0.0, -0.0, 0, 0, 0, -0.0], [-0.0, -0.0, -0.0, 0, -0.0, 0, 0, -0.0], [0, 0, -0.0, -0.0, -0.0, -0.0, 1.0, 0]]]",2.0,4,,,,True,183.29080425947905,229.78345465753227
GCvV^w,5,4,2.0,"['abBB', 'aB', 'AAAbBB', 'bbbBB']","{'abBB': [1, 3], 'aB': [2], 'AAAbBB': [7], 'bbbBB': [0, 4, 5, 6]}","[[[0, 0, 0, 0, 0, 0, 0, 0], [0, 0, 0, 0, 0, 0, 0, 1], [0, 0, 0, 0, 0, 0, 0, 1], [0, 0, 0, 0, 0, 0, 0, 1], [0, 0, 0, 0, 0, 0, 0, 0], [0, 0, 0, 0, 0, 0, 0, 0], [0, 0, 0, 0, 0, 0, 0, 0], [0, 0, 0, 0, 0, 0, 0, 0]], [[0, 0, 0, 1, 0, 1, 1, 0], [0, 0, 0, 0, 1, 0, 0, 0], [0, 0, 0, 0, 0, 0, 0, 0], [0, 0, 0, 0, 1, 0, 0, 0], [1, 0, 0, 0, 0, 0, 1, 1], [0, 1, 0, 1, 0, 0, 0, 1], [0, 1, 1, 0, 0, 1, 0, 0], [1, 0, 0, 0, 0, 0, 0, 0]]]",2.0,4,,,,True,8.813589436933398,252.3947220556438
GCvV^{,5,5,2.0,"['ab', 'aBBB', 'AAbbbBB', 'ABBBBB', 'bbbbB']","{'ab': [2], 'aBBB': [1, 3], 'AAbbbBB': [7], 'ABBBBB': [6], 'bbbbB': [0, 4, 5]}","[[[0, 0, 0, 0, 0, 0, 0, 0], [0, 0, 0, 0, 0, 0, 1, 0], [0, 0, 0, 0, 0, 0, 0, 1], [0, 0, 0, 0, 0, 0, 0, 1], [0, 0, 0, 0, 0, 0, 0, 0], [0, 0, 0, 0, 0, 0, 0, 0], [0, 0, 0, 0, 0, 0, 0, 0], [0, 0, 0, 0, 0, 0, 0, 0]], [[0, 0, 0, 1, 1, 1, 1, 0], [0, 0, 0, 0, 0, 0, 0, 0], [0, 0, 0, 0, 0, 0, 1, 0], [0, 0, 0, 0, 0, 0, 0, 0], [0, 1, 0, 1, 0, 0, 1, 1], [0, 1, 0, 1, 0, 0, 1, 1], [0, 0, 0, 0, 0, 0, 0, 0], [1, 1, 0, 0, 0, 0, 1, 0]]]",2.0,5,,,,True,78.81399494037032,708.727917467244
GCvVt{,5,5,2.0,"['abBBBB', 'aBBB', 'AAB', 'Ab', 'bbbbB']","{'abBBBB': [6, 7], 'aBBB': [5], 'AAB': [1], 'Ab': [2], 'bbbbB': [0, 3, 4]}","[[[0, 0, 0, 0, 0, 0, 0, 0], [0, 0, 0, 0, 0, 0, 0, 0], [0, 0, 0, 0, 0, 0, 0, 0], [0, 0, 0, 0, 0, 0, 0, 0], [0, 0, 0, 0, 0, 0, 0, 0], [0, 1, 0, 0, 0, 0, 0, 0], [0, 1, 0, 0, 0, 0, 0, 0], [0, 0, 1, 0, 0, 0, 0, 0]], [[0, 0, 0, 0, 1, 1, 1, 1], [0, 0, 0, 0, 0, 0, 0, 0], [0, 0, 0, 0, 0, 0, 1, 0], [1, 0, 0, 0, 0, 1, 1, 1], [0, 1, 0, 1, 0, 0, 1, 1], [0, 0, 0, 0, 0, 0, 0, 0], [0, 0, 0, 0, 0, 0, 0, 1], [0, 0, 0, 0, 0, 1, 0, 0]]]",2.0,5,,,,True,82.26552923116833,414.793900382705
GCvVu{,5,4,2.0,"['abbbB', 'abBBBB', 'AAbB', 'A']","{'abbbB': [0, 3, 4], 'abBBBB': [6, 7], 'AAbB': [1, 5], 'A': [2]}","[[[0, 0, 0, 0, 0, 1, 0, 0], [0, 0, 0, 0, 0, 0, 0, 0], [0, 0, 0, 0, 0, 0, 0, 0], [0, 0, 0, 0, 0, 1, 0, 0], [0, 1, 0, 0, 0, 0, 0, 0], [0, 0, 0, 0, 0, 0, 0, 0], [0, 0, 1, 0, 0, 0, 0, 0], [0, 1, 0, 0, 0, 0, 0, 0]], [[0, 0, 0, 0, 1, 0, 1, 1], [0, 0, 0, 0, 0, 0, 1, 0], [0, 0, 0, 0, 0, 0, 0, 0], [1, 0, 0, 0, 0, 0, 1, 1], [0, 0, 0, 1, 0, 0, 1, 1], [0, 1, 0, 0, 0, 0, 0, 0], [0, 0, 0, 0, 0, 0, 0, 1], [0, 0, 0, 0, 0, 1, 0, 0]]]",2.0,4,,,,True,15.38657567370683,386.719879725948
GCvVv[,5,4,2.0,"['aAAbBB', 'abBB', 'AB', 'bbbbB']","{'aAAbBB': [6, 7], 'abBB': [1, 3, 5], 'AB': [2], 'bbbbB': [0, 4]}","[[[0, 0, 0, 0, 0, 0, 0, 0], [0, 0, 0, 0, 0, 0, 1, 0], [0, 0, 0, 0, 0, 0, 0, 0], [0, 0, 0, 0, 0, 0, 1, 0], [0, 0, 0, 0, 0, 0, 0, 0], [0, 0, 0, 0, 0, 0, 0, 1], [0, 0, 0, 0, 0, 0, 0, 1], [0, 0, 1, 0, 0, 0, 0, 0]], [[0, 0, 0, 1, 0, 1, 1, 1], [0, 0, 0, 0, 0, 0, 0, 1], [0, 0, 0, 0, 0, 0, 0, 0], [0, 0, 0, 0, 0, 1, 0, 0], [1, 1, 0, 1, 0, 0, 1, 0], [0, 1, 0, 0, 0, 0, 0, 0], [0, 0, 1, 0, 0, 0, 0, 0], [0, 0, 0, 0, 1, 0, 0, 0]]]",2.0,4,,,,True,73.59578583110124,277.61239542253315
GCvVvk,5,4,2.0,"['aAAbBB', 'abBB', 'AB', 'bbbbB']","{'aAAbBB': [6, 7], 'abBB': [1, 4, 5], 'AB': [2], 'bbbbB': [0, 3]}","[[[0, 0, 0, 0, 0, 0, 0, 0], [0, 0, 0, 0, 0, 0, 0, 1], [0, 0, 0, 0, 0, 0, 0, 0], [0, 0, 0, 0, 0, 0, 0, 0], [0, 0, 0, 0, 0, 0, 1, 0], [0, 0, 0, 0, 0, 0, 0, 1], [0, 0, 1, 0, 0, 0, 0, 0], [0, 0, 0, 0, 0, 0, 1, 0]], [[0, 0, 0, 1, 0, 1, 1, 1], [0, 0, 0, 0, 1, 0, 0, 0], [0, 0, 0, 0, 0, 0, 0, 0], [0, 0, 0, 0, 1, 1, 1, 1], [1, 0, 0, 0, 0, 0, 0, 0], [0, 1, 0, 0, 0, 0, 0, 0], [0, 1, 0, 0, 0, 0, 0, 0], [0, 0, 1, 0, 0, 0, 0, 0]]]",2.0,4,,,,True,58.72457652725279,276.4490090282634
GCvVvs,5,5,2.0,"['aAbBBB', 'aAB', 'abbbB', 'AAAb', 'BB']","{'aAbBBB': [6, 7], 'aAB': [5], 'abbbB': [0, 3, 4], 'AAAb': [1], 'BB': [2]}","[[[0, 0, 0, 0, 0, 0, 1, 0], [0, 0, 0, 0, 0, 0, 0, 0], [0, 0, 0, 0, 0, 0, 0, 0], [0, 0, 0, 0, 0, 1, 0, 0], [0, 1, 0, 0, 0, 0, 0, 0], [0, 1, 0, 0, 0, 0, 0, 0], [0, 0, 0, 0, 0, 0, 0, 1], [0, 1, 0, 0, 0, 0, 0, 0]], [[0, 0, 0, 1, 0, 1, 0, 1], [0, 0, 0, 0, 0, 0, 1, 0], [0, 0, 0, 0, 0, 0, 0, 0], [0, 0, 0, 0, 1, 0, 1, 1], [1, 0, 0, 0, 0, 0, 1, 1], [0, 0, 0, 0, 0, 0, 0, 0], [0, 0, 1, 0, 0, 0, 0, 0], [0, 0, 1, 0, 0, 0, 0, 0]]]",2.0,5,,,,True,387.47970042563975,369.4600693965331
GCvVvw,5,4,2.0,"['abBB', 'aB', 'AAAbBB', 'bbbBB']","{'abBB': [1, 5], 'aB': [2], 'AAAbBB': [7], 'bbbBB': [0, 3, 4, 6]}","[[[0, 0, 0, 0, 0, 0, 0, 0], [0, 0, 0, 0, 0, 0, 0, 1], [0, 0, 0, 0, 0, 0, 0, 1], [0, 0, 0, 0, 0, 0, 0, 0], [0, 0, 0, 0, 0, 0, 0, 0], [0, 0, 0, 0, 0, 0, 0, 1], [0, 0, 0, 0, 0, 0, 0, 0], [0, 0, 0, 0, 0, 0, 0, 0]], [[0, 0, 0, 0, 0, 1, 1, 1], [0, 0, 0, 0, 0, 1, 0, 0], [0, 0, 0, 0, 0, 0, 0, 0], [1, 0, 0, 0, 0, 0, 1, 1], [1, 1, 0, 1, 0, 0, 0, 0], [0, 0, 0, 1, 0, 0, 0, 0], [0, 1, 1, 0, 1, 0, 0, 0], [0, 0, 0, 0, 1, 0, 0, 0]]]",2.0,4,,,,True,5.665101769380271,237.0698547884822
GCvVv{,5,5,2.0,"['abBB', 'aB', 'AABBBBB', 'AbbBBB', 'bbbbB']","{'abBB': [1, 5], 'aB': [2], 'AABBBBB': [7], 'AbbBBB': [6], 'bbbbB': [0, 3, 4]}","[[[0, 0, 0, 0, 0, 0, 0, 0], [0, 0, 0, 0, 0, 0, 1, 0], [0, 0, 0, 0, 0, 0, 0, 1], [0, 0, 0, 0, 0, 0, 0, 0], [0, 0, 0, 0, 0, 0, 0, 0], [0, 0, 0, 0, 0, 0, 0, 1], [0, 0, 0, 0, 0, 0, 0, 0], [0, 0, 0, 0, 0, 0, 0, 0]], [[0, 0, 0, 0, 1, 1, 1, 1], [0, 0, 0, 0, 0, 0, 0, 1], [0, 0, 0, 0, 0, 0, 0, 0], [1, 0, 0, 0, 0, 1, 1, 1], [0, 1, 0, 1, 0, 0, 1, 1], [0, 1, 0, 0, 0, 0, 0, 0], [0, 0, 1, 0, 0, 0, 0, 1], [0, 0, 0, 0, 0, 0, 0, 0]]]",2.0,5,,,,True,61.31471600290388,621.670496026054
GCvV~w,5,4,2.0,"['aAAbBB', 'abbBB', 'Abbb', 'AB']","{'aAAbBB': [6, 7], 'abbBB': [0, 3, 4, 5], 'Abbb': [1], 'AB': [2]}","[[[0, 0, 0, 0, 0, 0, 0, 1], [0, 0, 0, 0, 0, 0, 0, 0], [0, 0, 0, 0, 0, 0, 0, 0], [0, 0, 0, 0, 0, 0, 1, 0], [0, 0, 0, 0, 0, 0, 0, 1], [0, 0, 0, 0, 0, 0, 1, 0], [0, 0, 1, 0, 0, 0, 0, 0], [0, 1, 0, 0, 0, 0, 0, 0]], [[0, 0, 0, 1, 1, 0, 0, 0], [0, 0, 0, 0, 1, 1, 1, 0], [0, 0, 0, 0, 0, 0, 0, 0], [0, 0, 0, 0, 0, 1, 0, 1], [0, 0, 0, 1, 0, 0, 1, 0], [1, 0, 0, 0, 0, 0, 0, 1], [1, 0, 0, 0, 0, 0, 0, 0], [0, 0, 1, 0, 0, 0, 0, 0]]]",2.0,4,,,,True,71.26291692070663,264.3474015807733
GCrvQ{,3,4,3.0,"['abbBC', 'AAC', 'Ac', 'bBBc']","{'abbBC': [5, 6, 7], 'AAC': [3], 'Ac': [2], 'bBBc': [0, 1, 4]}","[[[0, 0, 0, -0.0, -0.0, -0.0, 0.0, 0], [0, 0, 0, 0, 0.0, -0.0, -0.0, -0.0], [0, 0, 0, 0, 0, 0.0, -0.0, 0], [-0.0, 0, 0, 0, 0, -0.0, 0, -0.0], [-0.0, -0.0, 0, 0, 0, 0, -0.0, -0.0], [-0.0, -0.0, 0.0, 1.0, 0, 0, 0, 0.0], [-0.0, -0.0, 1.0, 0, -0.0, 0, 0, -0.0], [0, -0.0, 0, 1.0, -0.0, 0.0, 0.0, 0]], [[0, 0, 0, -0.0, 1.0, -0.0, -0.0, 0], [0, 0, 0, 0, 1.0, -0.0, -0.0, -0.0], [0, 0, 0, 0, 0, -0.0, 0.0, 0], [-0.0, 0, 0, 0, 0, 0.0, 0, 0.0], [-0.0, -0.0, 0, 0, 0, 0, -0.0, 1.0], [1.0, 1.0, -0.0, -0.0, 0, 0, 0, 0.0], [1.0, 1.0, 0.0, 0, -0.0, 0, 0, -0.0], [0, 0.0, 0, 0.0, -0.0, 1.0, 1.0, 0]], [[0, 0, 0, 1.0, -0.0, -0.0, -0.0, 0], [0, 0, 0, 0, -0.0, -0.0, 0.0, 1.0], [0, 0, 0, 0, 0, 1.0, -0.0, 0], [-0.0, 0, 0, 0, 0, -0.0, 0, -0.0], [-0.0, -0.0, 0, 0, 0, 0, 1.0, -0.0], [-0.0, -0.0, -0.0, 0.0, 0, 0, 0, -0.0], [-0.0, -0.0, -0.0, 0, -0.0, 0, 0, -0.0], [0, -0.0, 0, -0.0, -0.0, 0.0, -0.0, 0]]]",2.0,6,"['abbbB', 'abb', 'AbbB', 'Ab', 'BBBBB', 'BBBB']","{'abbbB': [6, 7], 'abb': [3], 'AbbB': [0, 1], 'Ab': [2], 'BBBBB': [5], 'BBBB': [4]}","[[[0, 0, 0, -0.0, -0.0, -0.0, -0.0, 0], [0, 0, 0, 0, -0.0, -0.0, -0.0, -0.0], [0, 0, 0, 0, 0, -0.0, -0.0, 0], [1.0, 0, 0, 0, 0, -0.0, 0, -0.0], [-0.0, -0.0, 0, 0, 0, 0, -0.0, -0.0], [-0.0, -0.0, -0.0, -0.0, 0, 0, 0, -0.0], [-0.0, -0.0, 1.0, 0, -0.0, 0, 0, -0.0], [0, 1.0, 0, -0.0, -0.0, -0.0, -0.0, 0]], [[0, 0, 0, -0.0, 1.0, 1.0, -0.0, 0], [0, 0, 0, 0, 1.0, 1.0, -0.0, -0.0], [0, 0, 0, 0, 0, 1.0, -0.0, 0], [-0.0, 0, 0, 0, 0, 1.0, 0, 1.0], [-0.0, -0.0, 0, 0, 0, 0, -0.0, -0.0], [-0.0, -0.0, -0.0, -0.0, 0, 0, 0, -0.0], [1.0, 1.0, -0.0, 0, 1.0, 0, 0, -0.0], [0, -0.0, 0, -0.0, 1.0, 1.0, 1.0, 0]]]",False,398.322542979382,2581.5738642094657
GCvV~{,5,4,2.0,"['abbBB', 'AAbBBBB', 'bbbb', 'bb']","{'abbBB': [0, 3, 4, 5], 'AAbBBBB': [6, 7], 'bbbb': [1], 'bb': [2]}","[[[0, 0, 0, 0, 0, 0, 1, 0], [0, 0, 0, 0, 0, 0, 0, 0], [0, 0, 0, 0, 0, 0, 0, 0], [0, 0, 0, 0, 0, 0, 1, 0], [0, 0, 0, 0, 0, 0, 0, 1], [0, 0, 0, 0, 0, 0, 0, 1], [0, 0, 0, 0, 0, 0, 0, 0], [0, 0, 0, 0, 0, 0, 0, 0]], [[0, 0, 0, 1, 0, 0, 0, 1], [0, 0, 0, 0, 1, 1, 1, 1], [0, 0, 0, 0, 0, 0, 1, 1], [0, 0, 0, 0, 0, 1, 0, 1], [1, 0, 0, 1, 0, 0, 0, 0], [1, 0, 0, 0, 0, 0, 1, 0], [0, 0, 0, 0, 1, 0, 0, 0], [0, 0, 0, 0, 0, 0, 1, 0]]]",2.0,4,,,,True,6.745388636365533,521.4968757787719
GCv\|{,5,4,2.0,"['abBBBB', 'AbbbBB', 'Ab', 'bbbbB']","{'abBBBB': [4, 5, 7], 'AbbbBB': [6], 'Ab': [1, 2], 'bbbbB': [0, 3]}","[[[0, 0, 0, 0, 0, 0, 0, 0], [0, 0, 0, 0, 0, 0, 0, 0], [0, 0, 0, 0, 0, 0, 0, 0], [0, 0, 0, 0, 0, 0, 0, 0], [0, 1, 0, 0, 0, 0, 0, 0], [0, 0, 0, 0, 0, 0, 1, 0], [0, 0, 0, 0, 0, 0, 0, 0], [0, 0, 1, 0, 0, 0, 0, 0]], [[0, 0, 0, 0, 1, 1, 1, 1], [0, 0, 0, 0, 0, 1, 0, 0], [0, 0, 0, 0, 0, 0, 1, 0], [1, 0, 0, 0, 1, 1, 0, 1], [0, 0, 0, 0, 0, 0, 0, 1], [0, 0, 0, 0, 1, 0, 0, 0], [0, 0, 0, 1, 1, 0, 0, 1], [0, 0, 0, 0, 0, 1, 0, 0]]]",2.0,4,,,,True,25.01155223697424,117.97852831706405
GCv\~{,5,5,2.0,"['abBBB', 'AABBBBB', 'bbbbBB', 'bbB', 'bb']","{'abBBB': [0, 3], 'AABBBBB': [7], 'bbbbBB': [4, 5, 6], 'bbB': [1], 'bb': [2]}","[[[0, 0, 0, 0, 0, 0, 0, 1], [0, 0, 0, 0, 0, 0, 0, 0], [0, 0, 0, 0, 0, 0, 0, 0], [0, 0, 0, 0, 0, 0, 0, 1], [0, 0, 0, 0, 0, 0, 0, 0], [0, 0, 0, 0, 0, 0, 0, 0], [0, 0, 0, 0, 0, 0, 0, 0], [0, 0, 0, 0, 0, 0, 0, 0]], [[0, 0, 0, 0, 0, 0, 1, 0], [0, 0, 0, 0, 1, 0, 0, 1], [0, 0, 0, 0, 0, 0, 1, 1], [1, 0, 0, 0, 0, 0, 0, 0], [1, 0, 0, 1, 0, 1, 0, 1], [1, 1, 0, 1, 0, 0, 0, 1], [0, 0, 0, 1, 1, 1, 0, 1], [0, 0, 0, 0, 0, 0, 0, 0]]]",2.0,5,,,,True,48.64548522140831,815.219224804081
GCv]|{,5,4,3.0,"['aBccCC', 'AAC', 'AbbcC', 'c']","{'aBccCC': [4, 5, 6, 7], 'AAC': [1], 'AbbcC': [0, 3], 'c': [2]}","[[[0, 0, 0, 0, 0, 0, 0, 0], [0, 0, 0, 0, 0, 0, 0, 0], [0, 0, 0, 0, 0, 0, 0, 0], [0, 0, 0, 0, 0, 0, 0, 0], [0, 1, 0, 0, 0, 0, 0, 0], [0, 0, 0, 1, 0, 0, 0, 0], [0, 1, 0, 0, 0, 0, 0, 0], [1, 0, 0, 0, 0, 0, 0, 0]], [[0, 0, 0, 0, 0, 1, 1, 0], [0, 0, 0, 0, 0, 0, 0, 0], [0, 0, 0, 0, 0, 0, 0, 0], [0, 0, 0, 0, 1, 0, 0, 1], [0, 0, 0, 0, 0, 0, 0, 0], [0, 0, 0, 0, 0, 0, 0, 0], [0, 0, 0, 0, 0, 0, 0, 0], [0, 0, 0, 0, 0, 0, 0, 0]], [[0, 0, 0, 0, 1, 0, 0, 0], [0, 0, 0, 0, 0, 0, 0, 0], [0, 0, 0, 0, 0, 0, 0, 1], [1, 0, 0, 0, 0, 0, 0, 0], [0, 0, 0, 0, 0, 1, 1, 0], [0, 1, 0, 0, 0, 0, 0, 1], [0, 0, 0, 1, 0, 1, 0, 0], [0, 0, 0, 0, 1, 0, 1, 0]]]",2.0,5,"['abBBB', 'aBB', 'AAAbBB', 'bbbbBB', 'b']","{'abBBB': [0, 3], 'aBB': [1], 'AAAbBB': [4], 'bbbbBB': [5, 6, 7], 'b': [2]}","[[[0, 0, 0, 0, 1, 0, 0, 0], [0, 0, 0, 0, 1, 0, 0, 0], [0, 0, 0, 0, 0, 0, 0, 0], [0, 0, 0, 0, 1, 0, 0, 0], [0, 0, 0, 0, 0, 0, 0, 0], [0, 0, 0, 0, 0, 0, 0, 0], [0, 0, 0, 0, 0, 0, 0, 0], [0, 0, 0, 0, 0, 0, 0, 0]], [[0, 0, 0, 0, 0, 0, 1, 0], [0, 0, 0, 0, 0, 0, 0, 0], [0, 0, 0, 0, 0, 0, 0, 1], [1, 0, 0, 0, 0, 0, 0, 0], [0, 0, 0, 0, 0, 1, 0, 0], [1, 1, 0, 1, 0, 0, 1, 0], [0, 1, 0, 1, 1, 0, 0, 1], [1, 0, 0, 1, 1, 1, 0, 0]]]",False,124.709154243581,289.27569037955254
GCv]~w,5,4,2.0,"['abBBBB', 'AAAB', 'bbbbB', 'b']","{'abBBBB': [4, 5, 7], 'AAAB': [1], 'bbbbB': [0, 3, 6], 'b': [2]}","[[[0, 0, 0, 0, 0, 0, 0, 0], [0, 0, 0, 0, 0, 0, 0, 0], [0, 0, 0, 0, 0, 0, 0, 0], [0, 0, 0, 0, 0, 0, 0, 0], [0, 1, 0, 0, 0, 0, 0, 0], [0, 1, 0, 0, 0, 0, 0, 0], [0, 0, 0, 0, 0, 0, 0, 0], [0, 1, 0, 0, 0, 0, 0, 0]], [[0, 0, 0, 1, 1, 1, 0, 1], [0, 0, 0, 0, 0, 0, 0, 0], [0, 0, 0, 0, 0, 0, 0, 1], [0, 0, 0, 0, 1, 1, 1, 1], [0, 0, 0, 0, 0, 1, 0, 0], [0, 0, 0, 0, 0, 0, 0, 1], [1, 1, 0, 0, 1, 1, 0, 0], [0, 0, 0, 0, 1, 0, 0, 0]]]",2.0,4,,,,True,6.156308025121689,326.25694339256734
GCv]~{,5,5,2.0,"['abBBB', 'AABBBBB', 'bbbbBB', 'bbbB', 'b']","{'abBBB': [0, 3], 'AABBBBB': [7], 'bbbbBB': [4, 5, 6], 'bbbB': [1], 'b': [2]}","[[[0, 0, 0, 0, 0, 0, 0, 1], [0, 0, 0, 0, 0, 0, 0, 0], [0, 0, 0, 0, 0, 0, 0, 0], [0, 0, 0, 0, 0, 0, 0, 1], [0, 0, 0, 0, 0, 0, 0, 0], [0, 0, 0, 0, 0, 0, 0, 0], [0, 0, 0, 0, 0, 0, 0, 0], [0, 0, 0, 0, 0, 0, 0, 0]], [[0, 0, 0, 0, 1, 0, 0, 0], [0, 0, 0, 0, 1, 0, 1, 1], [0, 0, 0, 0, 0, 0, 0, 1], [1, 0, 0, 0, 0, 0, 0, 0], [0, 0, 0, 1, 0, 1, 1, 1], [1, 1, 0, 1, 0, 0, 0, 1], [1, 0, 0, 1, 0, 1, 0, 1], [0, 0, 0, 0, 0, 0, 0, 0]]]",2.0,5,,,,True,33.10924939159304,599.3942208150402
GCv^b[,5,4,2.0,"['abBB', 'aB', 'AbbbB', 'AbBBB']","{'abBB': [0, 1, 3], 'aB': [2], 'AbbbB': [4, 5, 6], 'AbBBB': [7]}","[[[0, 0, 0, 0, 0, 0, 1, 0], [0, 0, 0, 0, 1, 0, 0, 0], [0, 0, 0, 0, 0, 0, 0, 1], [0, 0, 0, 0, 0, 1, 0, 0], [0, 0, 0, 0, 0, 0, 0, 0], [0, 0, 0, 0, 0, 0, 0, 0], [0, 0, 0, 0, 0, 0, 0, 0], [0, 0, 0, 0, 0, 0, 0, 0]], [[0, 0, 0, 1, 0, 0, 0, 0], [0, 0, 0, 0, 0, 0, 0, 1], [0, 0, 0, 0, 0, 0, 0, 0], [0, 0, 0, 0, 0, 0, 1, 0], [1, 0, 0, 1, 0, 1, 0, 0], [1, 1, 0, 0, 0, 0, 0, 1], [0, 1, 1, 0, 0, 0, 0, 1], [0, 0, 0, 0, 1, 0, 0, 0]]]",2.0,4,,,,True,20.563011594116688,79.38684936519712
GCv^c{,5,4,2.0,"['aBB', 'ABBBB', 'bbbBB', 'b']","{'aBB': [1], 'ABBBB': [5], 'bbbBB': [0, 3, 4, 6, 7], 'b': [2]}","[[[0, 0, 0, 0, 0, 0, 0, 0], [0, 0, 0, 0, 0, 1, 0, 0], [0, 0, 0, 0, 0, 0, 0, 0], [0, 0, 0, 0, 0, 0, 0, 0], [0, 0, 0, 0, 0, 0, 0, 0], [0, 0, 0, 0, 0, 0, 0, 0], [0, 0, 0, 0, 0, 0, 0, 0], [0, 0, 0, 0, 0, 0, 0, 0]], [[0, 0, 0, 1, 0, 1, 0, 1], [0, 0, 0, 0, 0, 0, 0, 0], [0, 0, 0, 0, 0, 0, 1, 0], [0, 0, 0, 0, 1, 1, 1, 0], [1, 1, 0, 0, 0, 1, 0, 0], [0, 0, 0, 0, 0, 0, 0, 0], [1, 1, 0, 0, 0, 0, 0, 1], [0, 0, 0, 1, 1, 1, 0, 0]]]",2.0,4,,,,True,4.447730535641313,32.33359110541642
GCv^dw,5,4,3.0,"['aC', 'ABCC', 'bCC', 'cccCC']","{'aC': [2], 'ABCC': [6], 'bCC': [1], 'cccCC': [0, 3, 4, 5, 7]}","[[[0, 0, 0, 0, 0, 0, 0, 0], [0, 0, 0, 0, 0, 0, 0, 0], [0, 0, 0, 0, 0, 0, 1, 0], [0, 0, 0, 0, 0, 0, 0, 0], [0, 0, 0, 0, 0, 0, 0, 0], [0, 0, 0, 0, 0, 0, 0, 0], [0, 0, 0, 0, 0, 0, 0, 0], [0, 0, 0, 0, 0, 0, 0, 0]], [[0, 0, 0, 0, 0, 0, 0, 0], [0, 0, 0, 0, 0, 0, 1, 0], [0, 0, 0, 0, 0, 0, 0, 0], [0, 0, 0, 0, 0, 0, 0, 0], [0, 0, 0, 0, 0, 0, 0, 0], [0, 0, 0, 0, 0, 0, 0, 0], [0, 0, 0, 0, 0, 0, 0, 0], [0, 0, 0, 0, 0, 0, 0, 0]], [[0, 0, 0, 1, 0, 1, 1, 0], [0, 0, 0, 0, 0, 0, 0, 0], [0, 0, 0, 0, 0, 0, 0, 0], [0, 0, 0, 0, 1, 0, 1, 1], [1, 1, 0, 0, 0, 1, 0, 0], [0, 1, 0, 1, 0, 0, 0, 1], [0, 0, 0, 0, 0, 0, 0, 0], [1, 0, 1, 0, 1, 0, 0, 0]]]",2.0,5,"['abbBB', 'abB', 'AAABB', 'AbbB', 'Ab']","{'abbBB': [0, 4, 5, 7], 'abB': [1], 'AAABB': [3], 'AbbB': [6], 'Ab': [2]}","[[[0, 0, 0, 1, 0, 0, 0, 0], [0, 0, 0, 0, 0, 0, 1, 0], [0, 0, 0, 0, 0, 0, 0, 0], [0, 0, 0, 0, 0, 0, 0, 0], [0, 0, 0, 1, 0, 0, 0, 0], [0, 0, 0, 1, 0, 0, 0, 0], [0, 0, 0, 0, 0, 0, 0, 0], [0, 0, 1, 0, 0, 0, 0, 0]], [[0, 0, 0, 0, 0, 1, 0, 1], [0, 0, 0, 0, 0, 1, 0, 0], [0, 0, 0, 0, 0, 0, 1, 0], [0, 0, 0, 0, 0, 0, 0, 0], [1, 1, 0, 0, 0, 0, 0, 0], [0, 0, 0, 0, 1, 0, 0, 1], [1, 0, 0, 1, 0, 0, 0, 0], [0, 0, 0, 1, 1, 0, 0, 0]]]",False,75.45023736357689,442.2602268019691
GCv^d{,5,4,2.0,"['aB', 'ABBBBB', 'bbbBB', 'bbB']","{'aB': [2], 'ABBBBB': [7], 'bbbBB': [0, 3, 4, 5, 6], 'bbB': [1]}","[[[0, 0, 0, 0, 0, 0, 0, 0], [0, 0, 0, 0, 0, 0, 0, 0], [0, 0, 0, 0, 0, 0, 0, 1], [0, 0, 0, 0, 0, 0, 0, 0], [0, 0, 0, 0, 0, 0, 0, 0], [0, 0, 0, 0, 0, 0, 0, 0], [0, 0, 0, 0, 0, 0, 0, 0], [0, 0, 0, 0, 0, 0, 0, 0]], [[0, 0, 0, 1, 0, 0, 1, 1], [0, 0, 0, 0, 1, 1, 0, 0], [0, 0, 0, 0, 0, 0, 0, 0], [0, 0, 0, 0, 1, 0, 1, 1], [1, 0, 0, 0, 0, 1, 0, 1], [1, 0, 0, 1, 0, 0, 0, 1], [0, 1, 1, 0, 0, 0, 0, 1], [0, 0, 0, 0, 0, 0, 0, 0]]]",2.0,4,,,,True,1.5115176858380437,145.90964030195028
GCrvR[,3,4,3.0,"['abb', 'accC', 'Ab', 'ABcCC']","{'abb': [2], 'accC': [0, 1, 4], 'Ab': [3], 'ABcCC': [5, 6, 7]}","[[[0, 0, 0, 1.0, -0.0, -0.0, -0.0, 0], [0, 0, 0, 0, -0.0, 0.0, -0.0, 1.0], [0, 0, 0, 0, 0, 1.0, 0.0, 0.0], [-0.0, 0, 0, 0, 0, -0.0, 0, 0], [-0.0, -0.0, 0, 0, 0, 0, 1.0, 0.0], [-0.0, -0.0, -0.0, -0.0, 0, 0, 0, -0.0], [-0.0, -0.0, -0.0, 0, -0.0, 0, 0, -0.0], [0, -0.0, -0.0, 0, -0.0, -0.0, -0.0, 0]], [[0, 0, 0, -0.0, -0.0, -0.0, -0.0, 0], [0, 0, 0, 0, -0.0, -0.0, -0.0, 0.0], [0, 0, 0, 0, 0, -0.0, 1.0, 1.0], [-0.0, 0, 0, 0, 0, 1.0, 0, 0], [-0.0, -0.0, 0, 0, 0, 0, 0.0, -0.0], [-0.0, -0.0, -0.0, -0.0, 0, 0, 0, 0.0], [-0.0, -0.0, -0.0, 0, -0.0, 0, 0, 0.0], [0, -0.0, -0.0, 0, -0.0, -0.0, 0.0, 0]], [[0, 0, 0, -0.0, -0.0, 1.0, 1.0, 0], [0, 0, 0, 0, 1.0, -0.0, 1.0, 0.0], [0, 0, 0, 0, 0, 0.0, -0.0, -0.0], [0.0, 0, 0, 0, 0, 0.0, 0, 0], [1.0, 0.0, 0, 0, 0, 0, 0.0, 1.0], [0.0, 1.0, -0.0, 0.0, 0, 0, 0, 0.0], [-0.0, -0.0, -0.0, 0, 0.0, 0, 0, 1.0], [0, -0.0, -0.0, 0, 0.0, 1.0, -0.0, 0]]]",2.0,6,"['aaAb', 'aAABB', 'ab', 'aBBBB', 'AAbbB', 'AAb']","{'aaAb': [0, 1, 4], 'aAABB': [5], 'ab': [3], 'aBBBB': [6], 'AAbbB': [7], 'AAb': [2]}","[[[0, 0, 0, -0.0, 1.0, 1.0, -0.0, 0], [0, 0, 0, 0, -0.0, 1.0000000000000036, -0.0, 0.9999999999999964], [0, 0, 0, 0, 0, -0.0, -0.0, 0.0], [1.0, 0, 0, 0, 0, 0.0, 0, 0], [-0.0, 1.0, 0, 0, 0, 0, -0.0, 1.0], [-0.0, -0.0, 0.9999999999999964, 0.0, 0, 0, 0, 3.552713678800501e-15], [-0.0, 0.0, 1.0, 0, -0.0, 0, 0, -0.0], [0, -0.0, 0.0, 0, -0.0, -0.0, -0.0, 0]], [[0, 0, 0, -0.0, -0.0, 0.0, 1.0, 0], [0, 0, 0, 0, -0.0, -3.552713678800501e-15, 1.0, -0.0], [0, 0, 0, 0, 0, 3.552713678800501e-15, 0.0, 1.0], [0.0, 0, 0, 0, 0, 1.0, 0, 0], [0.0, 0.0, 0, 0, 0, 0, 1.0, 0.0], [0.0, 0.0, -0.0, -0.0, 0, 0, 0, -0.0], [-0.0, 0.0, -0.0, 0, -0.0, 0, 0, -0.0], [0, 3.552713678800501e-15, 0.0, 0, 0.0, 0.9999999999999964, 1.0, 0]]]",False,0.7438867213204503,3385.08633004874
GCv^e[,5,4,2.0,"['aBBB', 'AAbbB', 'bbbBB', 'b']","{'aBBB': [1, 3], 'AAbbB': [5], 'bbbBB': [0, 4, 6, 7], 'b': [2]}","[[[0, 0, 0, 0, 0, 0, 0, 0], [0, 0, 0, 0, 0, 1, 0, 0], [0, 0, 0, 0, 0, 0, 0, 0], [0, 0, 0, 0, 0, 1, 0, 0], [0, 0, 0, 0, 0, 0, 0, 0], [0, 0, 0, 0, 0, 0, 0, 0], [0, 0, 0, 0, 0, 0, 0, 0], [0, 0, 0, 0, 0, 0, 0, 0]], [[0, 0, 0, 1, 0, 1, 1, 0], [0, 0, 0, 0, 0, 0, 0, 0], [0, 0, 0, 0, 0, 0, 1, 0], [0, 0, 0, 0, 0, 0, 0, 0], [1, 1, 0, 1, 0, 0, 0, 0], [0, 0, 0, 0, 1, 0, 0, 1], [0, 1, 0, 1, 0, 0, 0, 1], [1, 1, 0, 0, 1, 0, 0, 0]]]",2.0,4,,,,True,8.40387999266386,67.91029535140842
GCv^es,5,4,2.0,"['aBBB', 'ABBB', 'bbbBB', 'b']","{'aBBB': [1], 'ABBB': [5], 'bbbBB': [0, 3, 4, 6, 7], 'b': [2]}","[[[0, 0, 0, 0, 0, 0, 0, 0], [0, 0, 0, 0, 0, 1, 0, 0], [0, 0, 0, 0, 0, 0, 0, 0], [0, 0, 0, 0, 0, 0, 0, 0], [0, 0, 0, 0, 0, 0, 0, 0], [0, 0, 0, 0, 0, 0, 0, 0], [0, 0, 0, 0, 0, 0, 0, 0], [0, 0, 0, 0, 0, 0, 0, 0]], [[0, 0, 0, 1, 1, 1, 0, 0], [0, 0, 0, 0, 0, 0, 0, 0], [0, 0, 0, 0, 0, 0, 1, 0], [0, 0, 0, 0, 1, 1, 0, 1], [0, 1, 0, 0, 0, 1, 0, 1], [0, 0, 0, 0, 0, 0, 0, 0], [1, 1, 0, 1, 0, 0, 0, 0], [1, 1, 0, 0, 0, 0, 1, 0]]]",2.0,4,,,,True,10.054701630026102,67.57137325964868
GCv^ew,5,4,2.0,"['aBBB', 'ABBB', 'bbbBB', 'b']","{'aBBB': [6], 'ABBB': [1], 'bbbBB': [0, 3, 4, 5, 7], 'b': [2]}","[[[0, 0, 0, 0, 0, 0, 0, 0], [0, 0, 0, 0, 0, 0, 0, 0], [0, 0, 0, 0, 0, 0, 0, 0], [0, 0, 0, 0, 0, 0, 0, 0], [0, 0, 0, 0, 0, 0, 0, 0], [0, 0, 0, 0, 0, 0, 0, 0], [0, 1, 0, 0, 0, 0, 0, 0], [0, 0, 0, 0, 0, 0, 0, 0]], [[0, 0, 0, 1, 0, 0, 1, 1], [0, 0, 0, 0, 0, 0, 0, 0], [0, 0, 0, 0, 0, 0, 1, 0], [0, 0, 0, 0, 1, 0, 1, 1], [1, 1, 0, 0, 0, 1, 0, 0], [1, 1, 0, 1, 0, 0, 0, 0], [0, 0, 0, 0, 0, 0, 0, 0], [0, 1, 0, 0, 1, 1, 0, 0]]]",2.0,4,,,,True,4.96838497556746,53.96876275818795
GCv^e{,5,4,2.0,"['aBBB', 'AbBBBB', 'bbbBB', 'b']","{'aBBB': [1], 'AbBBBB': [7], 'bbbBB': [0, 3, 4, 5, 6], 'b': [2]}","[[[0, 0, 0, 0, 0, 0, 0, 0], [0, 0, 0, 0, 0, 0, 0, 1], [0, 0, 0, 0, 0, 0, 0, 0], [0, 0, 0, 0, 0, 0, 0, 0], [0, 0, 0, 0, 0, 0, 0, 0], [0, 0, 0, 0, 0, 0, 0, 0], [0, 0, 0, 0, 0, 0, 0, 0], [0, 0, 0, 0, 0, 0, 0, 0]], [[0, 0, 0, 1, 1, 0, 0, 1], [0, 0, 0, 0, 0, 0, 0, 0], [0, 0, 0, 0, 0, 0, 1, 0], [0, 0, 0, 0, 1, 1, 0, 1], [0, 1, 0, 0, 0, 1, 0, 1], [1, 1, 0, 0, 0, 0, 0, 1], [1, 1, 0, 1, 0, 0, 0, 0], [0, 0, 0, 0, 0, 0, 1, 0]]]",2.0,4,,,,True,1.2023587543517351,143.27023670636115
GCv^fS,5,4,2.0,"['abBB', 'aB', 'AbbbB', 'AbBBB']","{'abBB': [1, 3, 5], 'aB': [2], 'AbbbB': [4, 6, 7], 'AbBBB': [0]}","[[[0, 0, 0, 0, 0, 0, 0, 0], [0, 0, 0, 0, 0, 0, 1, 0], [0, 0, 0, 0, 0, 0, 0, 1], [1, 0, 0, 0, 0, 0, 0, 0], [0, 0, 0, 0, 0, 0, 0, 0], [0, 0, 0, 0, 1, 0, 0, 0], [0, 0, 0, 0, 0, 0, 0, 0], [0, 0, 0, 0, 0, 0, 0, 0]], [[0, 0, 0, 0, 0, 0, 0, 1], [0, 0, 0, 0, 0, 1, 0, 0], [0, 0, 0, 0, 0, 0, 0, 0], [0, 0, 0, 0, 0, 1, 0, 0], [1, 1, 0, 1, 0, 0, 0, 0], [1, 0, 0, 0, 0, 0, 0, 0], [1, 0, 1, 1, 0, 0, 0, 0], [0, 1, 0, 0, 1, 0, 1, 0]]]",2.0,4,,,,True,21.83209828473628,70.656519706361
GCv^fW,5,4,2.0,"['abBB', 'aB', 'AbbbB', 'AbBBB']","{'abBB': [1, 3, 6], 'aB': [2], 'AbbbB': [0, 4, 5], 'AbBBB': [7]}","[[[0, 0, 0, 0, 0, 0, 0, 0], [0, 0, 0, 0, 1, 0, 0, 0], [0, 0, 0, 0, 0, 0, 0, 1], [0, 0, 0, 0, 0, 1, 0, 0], [0, 0, 0, 0, 0, 0, 0, 0], [0, 0, 0, 0, 0, 0, 0, 0], [1, 0, 0, 0, 0, 0, 0, 0], [0, 0, 0, 0, 0, 0, 0, 0]], [[0, 0, 0, 1, 0, 1, 0, 1], [0, 0, 0, 0, 0, 0, 1, 0], [0, 0, 0, 0, 0, 0, 0, 0], [0, 0, 0, 0, 0, 0, 1, 0], [1, 0, 0, 1, 0, 0, 0, 1], [0, 1, 0, 0, 1, 0, 0, 1], [0, 0, 1, 0, 0, 0, 0, 0], [0, 1, 0, 0, 0, 0, 0, 0]]]",2.0,4,,,,True,23.42421180661768,79.16825037077069
GCv^f[,5,4,2.0,"['abBBB', 'AbbbbB', 'Abbb', 'AB']","{'abBBB': [0, 4, 5, 6], 'AbbbbB': [7], 'Abbb': [1, 3], 'AB': [2]}","[[[0, 0, 0, 1, 0, 0, 0, 0], [0, 0, 0, 0, 0, 0, 0, 0], [0, 0, 0, 0, 0, 0, 0, 0], [0, 0, 0, 0, 0, 0, 0, 0], [0, 1, 0, 0, 0, 0, 0, 0], [0, 0, 0, 0, 0, 0, 0, 1], [0, 0, 1, 0, 0, 0, 0, 0], [0, 0, 0, 0, 0, 0, 0, 0]], [[0, 0, 0, 0, 0, 1, 0, 0], [0, 0, 0, 0, 0, 1, 1, 1], [0, 0, 0, 0, 0, 0, 0, 0], [0, 0, 0, 0, 1, 1, 1, 0], [1, 0, 0, 0, 0, 0, 0, 0], [0, 0, 0, 0, 1, 0, 0, 0], [1, 0, 0, 0, 0, 0, 0, 0], [1, 0, 1, 0, 1, 0, 1, 0]]]",2.0,4,,,,True,7.671257951296866,206.2178116608411
GCv^fo,5,4,2.0,"['abBB', 'aB', 'AbbbB', 'AbBBB']","{'abBB': [1, 5, 6], 'aB': [2], 'AbbbB': [0, 3, 4], 'AbBBB': [7]}","[[[0, 0, 0, 0, 0, 0, 0, 0], [0, 0, 0, 0, 1, 0, 0, 0], [0, 0, 0, 0, 0, 0, 0, 1], [0, 0, 0, 0, 0, 0, 0, 0], [0, 0, 0, 0, 0, 0, 0, 0], [0, 0, 0, 1, 0, 0, 0, 0], [1, 0, 0, 0, 0, 0, 0, 0], [0, 0, 0, 0, 0, 0, 0, 0]], [[0, 0, 0, 1, 0, 1, 0, 1], [0, 0, 0, 0, 0, 0, 1, 0], [0, 0, 0, 0, 0, 0, 0, 0], [0, 0, 0, 0, 1, 0, 1, 1], [1, 0, 0, 0, 0, 1, 0, 1], [0, 1, 0, 0, 0, 0, 0, 0], [0, 0, 1, 0, 0, 0, 0, 0], [0, 1, 0, 0, 0, 0, 0, 0]]]",2.0,4,,,,True,22.32974261138588,80.79129527974874
GCv^fs,5,4,2.0,"['abbB', 'abBBBB', 'ab', 'AbbBB']","{'abbB': [1, 5], 'abBBBB': [7], 'ab': [2], 'AbbBB': [0, 3, 4, 6]}","[[[0, 0, 0, 0, 0, 0, 0, 0], [0, 0, 0, 0, 1, 0, 0, 0], [0, 0, 0, 0, 0, 0, 1, 0], [0, 0, 0, 0, 0, 0, 0, 0], [0, 0, 0, 0, 0, 0, 0, 0], [0, 0, 0, 1, 0, 0, 0, 0], [0, 0, 0, 0, 0, 0, 0, 0], [1, 0, 0, 0, 0, 0, 0, 0]], [[0, 0, 0, 1, 0, 0, 1, 0], [0, 0, 0, 0, 0, 1, 0, 1], [0, 0, 0, 0, 0, 0, 0, 1], [0, 0, 0, 0, 1, 0, 1, 0], [1, 0, 0, 0, 0, 0, 0, 1], [1, 0, 0, 0, 1, 0, 0, 0], [0, 1, 0, 0, 0, 0, 0, 1], [0, 0, 0, 1, 0, 0, 0, 0]]]",2.0,4,,,,True,7.339513101615012,181.652136108838
GCv^fw,5,4,2.0,"['aAbBB', 'abbB', 'ab', 'AAAbbB']","{'aAbBB': [0, 3, 4, 5], 'abbB': [1, 6], 'ab': [2], 'AAAbbB': [7]}","[[[0, 0, 0, 0, 0, 1, 0, 0], [0, 0, 0, 0, 0, 0, 0, 1], [0, 0, 0, 0, 0, 0, 0, 1], [0, 0, 0, 0, 0, 0, 0, 1], [1, 0, 0, 0, 0, 0, 0, 0], [0, 0, 0, 0, 1, 0, 0, 0], [0, 0, 0, 1, 0, 0, 0, 0], [0, 0, 0, 0, 0, 0, 0, 0]], [[0, 0, 0, 0, 0, 0, 0, 1], [0, 0, 0, 0, 1, 1, 0, 0], [0, 0, 0, 0, 0, 0, 1, 0], [1, 0, 0, 0, 0, 0, 0, 0], [0, 0, 0, 1, 0, 0, 0, 0], [0, 0, 0, 1, 0, 0, 0, 0], [1, 1, 0, 0, 0, 0, 0, 0], [0, 0, 0, 0, 1, 1, 0, 0]]]",2.0,4,,,,True,19.624547246843576,154.688459796831
GCrvRk,3,4,2.0,"['bcc', 'BcccC', 'BccC', 'CCCCC']","{'bcc': [2, 3, 4], 'BcccC': [7], 'BccC': [0, 1], 'CCCCC': [5, 6]}","[[[0, 0, 0, -0.0, -0.0, -0.0, -0.0, 0], [0, 0, 0, 0, -0.0, -0.0, -0.0, -0.0], [0, 0, 0, 0, 0, -0.0, -0.0, -0.0], [-0.0, 0, 0, 0, 0, -0.0, 0, -0.0], [-0.0, -0.0, 0, 0, 0, 0, -0.0, 0], [-0.0, -0.0, -0.0, -0.0, 0, 0, 0, -0.0], [-0.0, -0.0, -0.0, 0, -0.0, 0, 0, -0.0], [0, -0.0, -0.0, -0.0, 0, -0.0, -0.0, 0]], [[0, 0, 0, -0.0, -0.0, -0.0, -0.0, 0], [0, 0, 0, 0, -0.0, -0.0, -0.0, -0.0], [0, 0, 0, 0, 0, -0.0, -0.0, 1.0], [1.0, 0, 0, 0, 0, -0.0, 0, -0.0], [-0.0, 1.0, 0, 0, 0, 0, -0.0, 0], [-0.0, -0.0, -0.0, -0.0, 0, 0, 0, -0.0], [-0.0, -0.0, -0.0, 0, -0.0, 0, 0, -0.0], [0, -0.0, -0.0, -0.0, 0, -0.0, -0.0, 0]], [[0, 0, 0, -0.0, -0.0, 1.0, 1.0, 0], [0, 0, 0, 0, -0.0, 1.0, 1.0, -0.0], [0, 0, 0, 0, 0, 1.0, 1.0, -0.0], [-0.0, 0, 0, 0, 0, 1.0, 0, 1.0], [1.0, -0.0, 0, 0, 0, 0, 1.0, 0], [-0.0, -0.0, -0.0, -0.0, 0, 0, 0, -0.0], [-0.0, -0.0, -0.0, 0, -0.0, 0, 0, -0.0], [0, 1.0, -0.0, -0.0, 0, 1.0, 1.0, 0]]]",2.0,4,,,,True,245.75041521713135,4076.307262515649
GCv^f{,5,4,2.0,"['abBB', 'aB', 'AAbBBBB', 'bbbBB']","{'abBB': [1], 'aB': [2], 'AAbBBBB': [7], 'bbbBB': [0, 3, 4, 5, 6]}","[[[0, 0, 0, 0, 0, 0, 0, 0], [0, 0, 0, 0, 0, 0, 0, 1], [0, 0, 0, 0, 0, 0, 0, 1], [0, 0, 0, 0, 0, 0, 0, 0], [0, 0, 0, 0, 0, 0, 0, 0], [0, 0, 0, 0, 0, 0, 0, 0], [0, 0, 0, 0, 0, 0, 0, 0], [0, 0, 0, 0, 0, 0, 0, 0]], [[0, 0, 0, 0, 1, 1, 0, 1], [0, 0, 0, 0, 0, 0, 1, 0], [0, 0, 0, 0, 0, 0, 0, 0], [1, 0, 0, 0, 1, 0, 0, 1], [0, 1, 0, 0, 0, 1, 0, 1], [0, 1, 0, 1, 0, 0, 0, 1], [1, 0, 1, 1, 0, 0, 0, 0], [0, 0, 0, 0, 0, 0, 1, 0]]]",2.0,4,,,,True,7.150045512244105,195.57297057658437
GCv^t{,5,4,2.0,"['abBBBB', 'AAB', 'Ab', 'bbbbB']","{'abBBBB': [4, 6, 7], 'AAB': [1], 'Ab': [2], 'bbbbB': [0, 3, 5]}","[[[0, 0, 0, 0, 0, 0, 0, 0], [0, 0, 0, 0, 0, 0, 0, 0], [0, 0, 0, 0, 0, 0, 0, 0], [0, 0, 0, 0, 0, 0, 0, 0], [0, 1, 0, 0, 0, 0, 0, 0], [0, 0, 0, 0, 0, 0, 0, 0], [0, 1, 0, 0, 0, 0, 0, 0], [0, 0, 1, 0, 0, 0, 0, 0]], [[0, 0, 0, 1, 1, 0, 1, 1], [0, 0, 0, 0, 0, 0, 0, 0], [0, 0, 0, 0, 0, 0, 1, 0], [0, 0, 0, 0, 1, 1, 1, 1], [0, 0, 0, 0, 0, 0, 0, 1], [1, 1, 0, 0, 1, 0, 0, 1], [0, 0, 0, 0, 1, 0, 0, 0], [0, 0, 0, 0, 0, 0, 1, 0]]]",2.0,4,,,,True,4.379240371286869,264.22769149858505
GCv^vk,5,4,2.0,"['aAAbBB', 'abbBB', 'Abbb', 'AB']","{'aAAbBB': [6, 7], 'abbBB': [0, 3, 4, 5], 'Abbb': [1], 'AB': [2]}","[[[0, 0, 0, 0, 0, 0, 1, 0], [0, 0, 0, 0, 0, 0, 0, 0], [0, 0, 0, 0, 0, 0, 0, 0], [0, 0, 0, 0, 0, 0, 0, 1], [0, 1, 0, 0, 0, 0, 0, 0], [0, 0, 0, 0, 0, 0, 0, 1], [0, 0, 1, 0, 0, 0, 0, 0], [0, 0, 0, 0, 0, 0, 1, 0]], [[0, 0, 0, 1, 0, 0, 0, 1], [0, 0, 0, 0, 0, 1, 1, 1], [0, 0, 0, 0, 0, 0, 0, 0], [0, 0, 0, 0, 0, 1, 1, 0], [1, 0, 0, 1, 0, 0, 0, 0], [1, 0, 0, 0, 1, 0, 0, 0], [0, 0, 0, 0, 1, 0, 0, 0], [0, 0, 1, 0, 0, 0, 0, 0]]]",2.0,4,,,,True,62.81133485678584,223.56979452166703
GCv^vs,5,4,2.0,"['abBB', 'aB', 'AbbBBB', 'bbbbB']","{'abBB': [1, 5], 'aB': [2], 'AbbBBB': [4, 6, 7], 'bbbbB': [0, 3]}","[[[0, 0, 0, 0, 0, 0, 0, 0], [0, 0, 0, 0, 0, 0, 0, 1], [0, 0, 0, 0, 0, 0, 1, 0], [0, 0, 0, 0, 0, 0, 0, 0], [0, 0, 0, 0, 0, 0, 0, 0], [0, 0, 0, 0, 1, 0, 0, 0], [0, 0, 0, 0, 0, 0, 0, 0], [0, 0, 0, 0, 0, 0, 0, 0]], [[0, 0, 0, 0, 1, 1, 1, 1], [0, 0, 0, 0, 0, 1, 0, 0], [0, 0, 0, 0, 0, 0, 0, 0], [1, 0, 0, 0, 1, 0, 1, 1], [0, 1, 0, 0, 0, 0, 0, 1], [0, 0, 0, 1, 0, 0, 0, 0], [0, 1, 0, 0, 1, 0, 0, 0], [0, 0, 1, 0, 0, 0, 1, 0]]]",2.0,4,,,,True,3.0854278886690736,296.1189691508189
GCv^vw,5,4,2.0,"['abbBB', 'Abbb', 'AbbBBB', 'AB']","{'abbBB': [0, 3, 5, 6], 'Abbb': [1], 'AbbBBB': [4, 7], 'AB': [2]}","[[[0, 0, 0, 0, 0, 0, 0, 1], [0, 0, 0, 0, 0, 0, 0, 0], [0, 0, 0, 0, 0, 0, 0, 0], [0, 0, 0, 0, 1, 0, 0, 0], [0, 0, 0, 0, 0, 0, 0, 0], [0, 1, 0, 0, 0, 0, 0, 0], [0, 0, 1, 0, 0, 0, 0, 0], [0, 0, 0, 0, 0, 0, 0, 0]], [[0, 0, 0, 0, 1, 1, 0, 0], [0, 0, 0, 0, 1, 0, 1, 1], [0, 0, 0, 0, 0, 0, 0, 0], [1, 0, 0, 0, 0, 1, 0, 0], [0, 0, 0, 0, 0, 0, 1, 1], [0, 0, 0, 0, 1, 0, 0, 1], [1, 0, 0, 1, 0, 0, 0, 0], [0, 0, 1, 1, 0, 0, 0, 0]]]",2.0,4,,,,True,7.384070251137018,254.96481809951365
GCv^v{,5,5,2.0,"['abBB', 'aB', 'AbbBBB', 'bbbbB', 'bBBBBBB']","{'abBB': [1], 'aB': [2], 'AbbBBB': [4, 6], 'bbbbB': [0, 3, 5], 'bBBBBBB': [7]}","[[[0, 0, 0, 0, 0, 0, 0, 0], [0, 0, 0, 0, 1, 0, 0, 0], [0, 0, 0, 0, 0, 0, 1, 0], [0, 0, 0, 0, 0, 0, 0, 0], [0, 0, 0, 0, 0, 0, 0, 0], [0, 0, 0, 0, 0, 0, 0, 0], [0, 0, 0, 0, 0, 0, 0, 0], [0, 0, 0, 0, 0, 0, 0, 0]], [[0, 0, 0, 1, 1, 0, 1, 1], [0, 0, 0, 0, 0, 0, 0, 1], [0, 0, 0, 0, 0, 0, 0, 0], [0, 0, 0, 0, 1, 1, 1, 1], [0, 0, 0, 0, 0, 0, 1, 1], [1, 1, 0, 0, 1, 0, 0, 1], [0, 1, 0, 0, 0, 0, 0, 1], [0, 0, 1, 0, 0, 0, 0, 0]]]",2.0,5,,,,True,38.2912341542542,794.482705722563
GCv^~{,5,5,2.0,"['abbb', 'abbBBB', 'aB', 'AbbbB', 'AbbBBBB']","{'abbb': [1], 'abbBBB': [4, 5], 'aB': [2], 'AbbbB': [0, 3], 'AbbBBBB': [6, 7]}","[[[0, 0, 0, 0, 0, 0, 0, 0], [0, 0, 0, 0, 0, 0, 1, 0], [0, 0, 0, 0, 0, 0, 0, 1], [0, 0, 0, 0, 0, 0, 0, 0], [1, 0, 0, 0, 0, 0, 0, 0], [0, 0, 0, 1, 0, 0, 0, 0], [0, 0, 0, 0, 0, 0, 0, 0], [0, 0, 0, 0, 0, 0, 0, 0]], [[0, 0, 0, 0, 0, 1, 1, 1], [0, 0, 0, 0, 1, 1, 0, 1], [0, 0, 0, 0, 0, 0, 0, 0], [1, 0, 0, 0, 0, 0, 1, 1], [0, 0, 0, 1, 0, 0, 1, 0], [0, 0, 0, 0, 1, 0, 0, 1], [0, 0, 1, 0, 0, 1, 0, 0], [0, 0, 0, 0, 1, 0, 1, 0]]]",2.0,5,,,,True,182.8181321742013,1065.7823809832337
GCvbk{,5,4,2.0,"['abBB', 'aB', 'AbbbB', 'ABB']","{'abBB': [0, 3, 4], 'aB': [2], 'AbbbB': [5, 6, 7], 'ABB': [1]}","[[[0, 0, 0, 0, 0, 1, 0, 0], [0, 0, 0, 0, 0, 0, 0, 0], [0, 0, 0, 0, 0, 0, 1, 0], [0, 0, 0, 0, 0, 0, 0, 1], [0, 1, 0, 0, 0, 0, 0, 0], [0, 0, 0, 0, 0, 0, 0, 0], [0, 0, 0, 0, 0, 0, 0, 0], [0, 0, 0, 0, 0, 0, 0, 0]], [[0, 0, 0, 0, 1, 0, 0, 0], [0, 0, 0, 0, 0, 0, 0, 0], [0, 0, 0, 0, 0, 0, 0, 0], [1, 0, 0, 0, 0, 0, 0, 0], [0, 0, 0, 1, 0, 0, 0, 0], [0, 1, 1, 0, 0, 0, 1, 0], [0, 1, 0, 1, 0, 0, 0, 1], [1, 0, 0, 0, 1, 1, 0, 0]]]",2.0,4,,,,True,2.766011731699109,124.15409866627306
GCvbl[,5,4,2.0,"['aBBB', 'ABBB', 'bbbBB', 'bbB']","{'aBBB': [4], 'ABBB': [0], 'bbbBB': [5, 6, 7], 'bbB': [1, 2, 3]}","[[[0, 0, 0, 0, 0, 0, 0, 0], [0, 0, 0, 0, 0, 0, 0, 0], [0, 0, 0, 0, 0, 0, 0, 0], [0, 0, 0, 0, 0, 0, 0, 0], [1, 0, 0, 0, 0, 0, 0, 0], [0, 0, 0, 0, 0, 0, 0, 0], [0, 0, 0, 0, 0, 0, 0, 0], [0, 0, 0, 0, 0, 0, 0, 0]], [[0, 0, 0, 0, 0, 0, 0, 0], [0, 0, 0, 0, 1, 1, 0, 0], [0, 0, 0, 0, 0, 1, 1, 0], [1, 0, 0, 0, 1, 0, 0, 0], [0, 0, 0, 0, 0, 0, 0, 0], [1, 0, 0, 0, 0, 0, 1, 1], [0, 1, 0, 1, 0, 0, 0, 1], [1, 0, 1, 0, 1, 0, 0, 0]]]",2.0,4,,,,True,7.622086932882667,157.0029344027862
GCvblk,5,4,2.0,"['aBBB', 'ABBB', 'bbbBB', 'bbB']","{'aBBB': [0], 'ABBB': [3], 'bbbBB': [5, 6, 7], 'bbB': [1, 2, 4]}","[[[0, 0, 0, 1, 0, 0, 0, 0], [0, 0, 0, 0, 0, 0, 0, 0], [0, 0, 0, 0, 0, 0, 0, 0], [0, 0, 0, 0, 0, 0, 0, 0], [0, 0, 0, 0, 0, 0, 0, 0], [0, 0, 0, 0, 0, 0, 0, 0], [0, 0, 0, 0, 0, 0, 0, 0], [0, 0, 0, 0, 0, 0, 0, 0]], [[0, 0, 0, 0, 0, 0, 0, 0], [0, 0, 0, 0, 1, 1, 0, 0], [0, 0, 0, 0, 0, 1, 0, 1], [0, 0, 0, 0, 0, 0, 0, 0], [1, 0, 0, 1, 0, 0, 0, 0], [1, 0, 0, 0, 0, 0, 1, 1], [0, 1, 1, 1, 0, 0, 0, 0], [1, 0, 0, 1, 0, 0, 1, 0]]]",2.0,4,,,,True,7.535896463319659,141.11773319449276
GCrvRs,3,4,2.0,"['bcccc', 'bccCC', 'bcC', 'BcCC']","{'bcccc': [6], 'bccCC': [7], 'bcC': [2, 3], 'BcCC': [0, 1, 4, 5]}","[[[0, 0, 0, -0.0, -0.0, 0.0, -0.0, 0], [0, 0, 0, 0, -0.0, 0.0, -0.0, -0.0], [0, 0, 0, 0, 0, 0.0, -0.0, 0.0], [-0.0, 0, 0, 0, 0, -0.0, 0, -0.0], [-0.0, -0.0, 0, 0, 0, 0, -0.0, -0.0], [-0.0, -0.0, -0.0, -0.0, 0, 0, 0, 0], [-0.0, -0.0, -0.0, 0, -0.0, 0, 0, 0.0], [0, -0.0, 0.0, 0.0, -0.0, 0, 0.0, 0]], [[0, 0, 0, -0.0, -0.0, -0.0, -0.0, 0], [0, 0, 0, 0, -0.0, -0.0, -0.0, -0.0], [0, 0, 0, 0, 0, 1.0, -0.0, -0.0], [1.0, 0, 0, 0, 0, -0.0, 0, -0.0], [-0.0, 0.0, 0, 0, 0, 0, -0.0, -0.0], [0.0, -0.0, -0.0, -0.0, 0, 0, 0, 0], [0.0, 1.0, 0.0, 0, 0.0, 0, 0, 0.0], [0, 0.0, -0.0, 0.0, 1.0, 0, 0.0, 0]], [[0, 0, 0, -0.0, -0.0, 1.0, -0.0, 0], [0, 0, 0, 0, 1.0, 0.0, -0.0, -0.0], [0, 0, 0, 0, 0, -0.0, -0.0, 1.0], [0.0, 0, 0, 0, 0, 1.0, 0, -0.0], [1.0, -0.0, 0, 0, 0, 0, -0.0, -0.0], [-0.0, 1.0, -0.0, 0.0, 0, 0, 0, 0], [1.0, 0.0, 1.0, 0, 1.0, 0, 0, 1.0], [0, 1.0, 0.0, 1.0, 0.0, 0, -0.0, 0]]]",2.0,4,,,,True,1043.355233686976,180.24365344271064
GCvbl{,5,4,2.0,"['abBB', 'AAAbBB', 'bbbBB', 'bbB']","{'abBB': [0, 3, 4], 'AAAbBB': [7], 'bbbBB': [5, 6], 'bbB': [1, 2]}","[[[0, 0, 0, 0, 0, 0, 0, 1], [0, 0, 0, 0, 0, 0, 0, 0], [0, 0, 0, 0, 0, 0, 0, 0], [0, 0, 0, 0, 0, 0, 0, 1], [0, 0, 0, 0, 0, 0, 0, 1], [0, 0, 0, 0, 0, 0, 0, 0], [0, 0, 0, 0, 0, 0, 0, 0], [0, 0, 0, 0, 0, 0, 0, 0]], [[0, 0, 0, 0, 1, 0, 0, 0], [0, 0, 0, 0, 1, 0, 1, 0], [0, 0, 0, 0, 0, 0, 1, 1], [1, 0, 0, 0, 0, 0, 0, 0], [0, 0, 0, 1, 0, 0, 0, 0], [1, 1, 1, 0, 0, 0, 0, 0], [0, 0, 0, 1, 0, 1, 0, 1], [0, 0, 0, 0, 0, 1, 0, 0]]]",2.0,4,,,,True,5.371369370259345,245.9510388076305
GCvbmk,5,4,2.0,"['abBB', 'aB', 'AbbbB', 'ABB']","{'abBB': [0, 1, 3], 'aB': [2], 'AbbbB': [5, 6, 7], 'ABB': [4]}","[[[0, 0, 0, 0, 0, 1, 0, 0], [0, 0, 0, 0, 0, 0, 0, 1], [0, 0, 0, 0, 0, 0, 1, 0], [0, 0, 0, 0, 1, 0, 0, 0], [0, 0, 0, 0, 0, 0, 0, 0], [0, 0, 0, 0, 0, 0, 0, 0], [0, 0, 0, 0, 0, 0, 0, 0], [0, 0, 0, 0, 0, 0, 0, 0]], [[0, 0, 0, 0, 1, 0, 0, 0], [0, 0, 0, 0, 1, 0, 0, 0], [0, 0, 0, 0, 0, 0, 0, 0], [1, 0, 0, 0, 0, 0, 0, 0], [0, 0, 0, 0, 0, 0, 0, 0], [0, 1, 1, 0, 0, 0, 0, 1], [0, 1, 0, 1, 0, 1, 0, 0], [1, 0, 0, 1, 0, 0, 1, 0]]]",2.0,4,,,,True,2.357411287724972,100.14808354899289
GCvbm{,5,4,2.0,"['abBB', 'aB', 'AAbbB', 'AbbbbB']","{'abBB': [0, 1, 3, 4], 'aB': [2], 'AAbbB': [5, 6], 'AbbbbB': [7]}","[[[0, 0, 0, 0, 0, 1, 0, 0], [0, 0, 0, 0, 0, 1, 0, 0], [0, 0, 0, 0, 0, 0, 1, 0], [0, 0, 0, 0, 0, 0, 1, 0], [0, 0, 0, 0, 0, 0, 0, 1], [0, 0, 0, 0, 0, 0, 0, 0], [0, 0, 0, 0, 0, 0, 0, 0], [0, 0, 0, 0, 0, 0, 0, 0]], [[0, 0, 0, 1, 0, 0, 0, 0], [0, 0, 0, 0, 1, 0, 0, 0], [0, 0, 0, 0, 0, 0, 0, 0], [0, 0, 0, 0, 1, 0, 0, 0], [1, 0, 0, 0, 0, 0, 0, 0], [0, 0, 1, 0, 0, 0, 1, 0], [0, 1, 0, 0, 0, 0, 0, 1], [1, 1, 0, 1, 0, 1, 0, 0]]]",2.0,4,,,,True,5.184489690698683,122.84279298689216
GCvbn[,5,4,2.0,"['abBB', 'AAAbBB', 'bbbBB', 'bbB']","{'abBB': [0, 1, 4], 'AAAbBB': [7], 'bbbBB': [5, 6], 'bbB': [2, 3]}","[[[0, 0, 0, 0, 0, 0, 0, 1], [0, 0, 0, 0, 0, 0, 0, 1], [0, 0, 0, 0, 0, 0, 0, 0], [0, 0, 0, 0, 0, 0, 0, 0], [0, 0, 0, 0, 0, 0, 0, 1], [0, 0, 0, 0, 0, 0, 0, 0], [0, 0, 0, 0, 0, 0, 0, 0], [0, 0, 0, 0, 0, 0, 0, 0]], [[0, 0, 0, 0, 1, 0, 0, 0], [0, 0, 0, 0, 0, 0, 1, 0], [0, 0, 0, 0, 0, 0, 1, 1], [1, 0, 0, 0, 1, 0, 0, 0], [0, 1, 0, 0, 0, 0, 0, 0], [1, 1, 1, 0, 0, 0, 0, 0], [0, 0, 0, 1, 0, 1, 0, 1], [0, 0, 0, 0, 0, 1, 0, 0]]]",2.0,4,,,,True,7.207480057142675,316.5066169081256
GCvbng,5,4,2.0,"['abBB', 'AbbbB', 'Abb', 'ABB']","{'abBB': [0, 1, 3, 6], 'AbbbB': [5, 7], 'Abb': [4], 'ABB': [2]}","[[[0, 0, 0, 0, 0, 1, 0, 0], [0, 0, 0, 0, 0, 0, 0, 1], [0, 0, 0, 0, 0, 0, 0, 0], [0, 0, 0, 0, 1, 0, 0, 0], [0, 0, 0, 0, 0, 0, 0, 0], [0, 0, 0, 0, 0, 0, 0, 0], [0, 0, 1, 0, 0, 0, 0, 0], [0, 0, 0, 0, 0, 0, 0, 0]], [[0, 0, 0, 1, 0, 0, 0, 0], [0, 0, 0, 0, 0, 0, 1, 0], [0, 0, 0, 0, 0, 0, 0, 0], [0, 0, 0, 0, 0, 0, 0, 1], [1, 1, 0, 0, 0, 0, 0, 0], [0, 1, 1, 0, 0, 0, 1, 0], [0, 0, 0, 1, 0, 0, 0, 0], [1, 0, 1, 0, 0, 1, 0, 0]]]",2.0,4,,,,True,44.471087344922125,101.01856838352978
GCvbnk,5,4,2.0,"['abBB', 'AAAbBB', 'bbbBB', 'bbB']","{'abBB': [0, 1, 3], 'AAAbBB': [7], 'bbbBB': [5, 6], 'bbB': [2, 4]}","[[[0, 0, 0, 0, 0, 0, 0, 1], [0, 0, 0, 0, 0, 0, 0, 1], [0, 0, 0, 0, 0, 0, 0, 0], [0, 0, 0, 0, 0, 0, 0, 1], [0, 0, 0, 0, 0, 0, 0, 0], [0, 0, 0, 0, 0, 0, 0, 0], [0, 0, 0, 0, 0, 0, 0, 0], [0, 0, 0, 0, 0, 0, 0, 0]], [[0, 0, 0, 1, 0, 0, 0, 0], [0, 0, 0, 0, 1, 0, 0, 0], [0, 0, 0, 0, 0, 1, 0, 1], [0, 0, 0, 0, 0, 0, 1, 0], [1, 0, 0, 1, 0, 0, 0, 0], [1, 1, 0, 0, 0, 0, 0, 1], [0, 1, 1, 0, 0, 1, 0, 0], [0, 0, 0, 0, 0, 0, 1, 0]]]",2.0,4,,,,True,5.086394009180367,344.48378897551447
GCvbno,5,4,2.0,"['aBBB', 'AABBB', 'bbbB', 'bbB']","{'aBBB': [1, 3], 'AABBB': [7], 'bbbB': [0, 4, 5, 6], 'bbB': [2]}","[[[0, 0, 0, 0, 0, 0, 0, 0], [0, 0, 0, 0, 0, 0, 0, 1], [0, 0, 0, 0, 0, 0, 0, 0], [0, 0, 0, 0, 0, 0, 0, 1], [0, 0, 0, 0, 0, 0, 0, 0], [0, 0, 0, 0, 0, 0, 0, 0], [0, 0, 0, 0, 0, 0, 0, 0], [0, 0, 0, 0, 0, 0, 0, 0]], [[0, 0, 0, 1, 1, 0, 0, 1], [0, 0, 0, 0, 0, 0, 0, 0], [0, 0, 0, 0, 0, 1, 0, 1], [0, 0, 0, 0, 0, 0, 0, 0], [0, 1, 0, 1, 0, 0, 0, 1], [1, 1, 0, 0, 0, 0, 1, 0], [0, 1, 1, 1, 0, 0, 0, 0], [0, 0, 0, 0, 0, 0, 0, 0]]]",2.0,4,,,,True,8.64316563680768,15.178402899764478
GCvbnw,5,5,2.0,"['aBBB', 'AABBB', 'bbbbBB', 'bbbB', 'bbB']","{'aBBB': [0, 1], 'AABBB': [5], 'bbbbBB': [7], 'bbbB': [3, 4, 6], 'bbB': [2]}","[[[0, 0, 0, 0, 0, 1, 0, 0], [0, 0, 0, 0, 0, 1, 0, 0], [0, 0, 0, 0, 0, 0, 0, 0], [0, 0, 0, 0, 0, 0, 0, 0], [0, 0, 0, 0, 0, 0, 0, 0], [0, 0, 0, 0, 0, 0, 0, 0], [0, 0, 0, 0, 0, 0, 0, 0], [0, 0, 0, 0, 0, 0, 0, 0]], [[0, 0, 0, 0, 0, 0, 0, 0], [0, 0, 0, 0, 0, 0, 0, 0], [0, 0, 0, 0, 0, 1, 0, 1], [1, 0, 0, 0, 0, 0, 1, 1], [1, 1, 0, 1, 0, 0, 0, 0], [0, 0, 0, 0, 0, 0, 0, 0], [0, 1, 1, 0, 0, 1, 0, 0], [1, 1, 0, 0, 1, 1, 0, 0]]]",2.0,5,,,,True,76.44432612881064,72.6667838441208
GCvbn{,5,4,2.0,"['abBB', 'AAAABBB', 'bbbbB', 'bbB']","{'abBB': [0, 1, 3, 4], 'AAAABBB': [7], 'bbbbB': [5, 6], 'bbB': [2]}","[[[0, 0, 0, 0, 0, 0, 0, 1], [0, 0, 0, 0, 0, 0, 0, 1], [0, 0, 0, 0, 0, 0, 0, 0], [0, 0, 0, 0, 0, 0, 0, 1], [0, 0, 0, 0, 0, 0, 0, 1], [0, 0, 0, 0, 0, 0, 0, 0], [0, 0, 0, 0, 0, 0, 0, 0], [0, 0, 0, 0, 0, 0, 0, 0]], [[0, 0, 0, 1, 0, 0, 0, 0], [0, 0, 0, 0, 1, 0, 0, 0], [0, 0, 0, 0, 0, 0, 1, 1], [0, 0, 0, 0, 1, 0, 0, 0], [1, 0, 0, 0, 0, 0, 0, 0], [1, 1, 1, 0, 0, 0, 0, 1], [0, 1, 0, 1, 0, 1, 0, 1], [0, 0, 0, 0, 0, 0, 0, 0]]]",2.0,4,,,,True,7.6586640095338225,268.7455035457388
GCvbrk,5,4,2.0,"['abBB', 'AbbbB', 'Abb', 'ABB']","{'abBB': [1, 3, 4, 5], 'AbbbB': [6, 7], 'Abb': [0], 'ABB': [2]}","[[[0, 0, 0, 0, 0, 0, 0, 0], [0, 0, 0, 0, 0, 0, 0, 1], [0, 0, 0, 0, 0, 0, 0, 0], [0, 0, 0, 0, 0, 0, 1, 0], [1, 0, 0, 0, 0, 0, 0, 0], [0, 0, 1, 0, 0, 0, 0, 0], [0, 0, 0, 0, 0, 0, 0, 0], [0, 0, 0, 0, 0, 0, 0, 0]], [[0, 0, 0, 1, 0, 1, 0, 0], [0, 0, 0, 0, 1, 0, 0, 0], [0, 0, 0, 0, 0, 0, 0, 0], [0, 0, 0, 0, 1, 0, 0, 0], [0, 0, 0, 0, 0, 0, 1, 0], [0, 1, 0, 0, 0, 0, 0, 0], [0, 1, 1, 0, 0, 0, 0, 1], [0, 0, 1, 1, 0, 1, 0, 0]]]",2.0,4,,,,True,34.15158029273152,93.63822087552398
GCrvR{,3,4,3.0,"['aAAbcc', 'abcC', 'AcC', 'BBcCC']","{'aAAbcc': [7], 'abcC': [0, 1, 4], 'AcC': [2, 3], 'BBcCC': [5, 6]}","[[[0, 0, 0, 1.0, 0.0, -0.0, -0.0, 0], [0, 0, 0, 0, 0.0, -0.0, -0.0, 1.0], [0, 0, 0, 0, 0, -0.0, -0.0, 0.0], [0.0, 0, 0, 0, 0, -0.0, 0, -0.0], [-0.0, -0.0, 0, 0, 0, 0, -0.0, 1.0], [-0.0, -0.0, 0.0, -0.0, 0, 0, 0, -0.0], [-0.0, -0.0, 0.0, 0, -0.0, 0, 0, -0.0], [0, -0.0, 1.0, -0.0, -0.0, -0.0, -0.0, 0]], [[0, 0, 0, -0.0, -0.0, 1.0, -0.0, 0], [0, 0, 0, 0, -0.0, 0.0, 1.0, -0.0], [0, 0, 0, 0, 0, 0.0, -0.0, -0.0], [-0.0, 0, 0, 0, 0, -0.0, 0, -0.0], [-0.0, 0.0, 0, 0, 0, 0, 1.0, -0.0], [-0.0, -0.0, 0.0, -0.0, 0, 0, 0, -0.0], [-0.0, -0.0, 0.0, 0, 0.0, 0, 0, -0.0], [0, -0.0, -0.0, 0.0, -0.0, 1.0, -0.0, 0]], [[0, 0, 0, -0.0, 1.0, 0.0, -0.0, 0], [0, 0, 0, 0, -0.0, 1.0, 0.0, -0.0], [0, 0, 0, 0, 0, -0.0, 1.0, -0.0], [-0.0, 0, 0, 0, 0, 1.0, 0, -0.0], [-0.0, 1.0, 0, 0, 0, 0, 0.0, -0.0], [-0.0, -0.0, 1.0, 0.0, 0, 0, 0, 0.0], [1.0, -0.0, 0.0, 0, 0.0, 0, 0, 0.0], [0, 0.0, 0.0, 1.0, -0.0, -0.0, 1.0, 0]]]",2.0,5,"['aabbb', 'aabBB', 'aAAbbB', 'AbbB', 'BBB']","{'aabbb': [5], 'aabBB': [6], 'aAAbbB': [7], 'AbbB': [0, 1, 4], 'BBB': [2, 3]}","[[[0, 0, 0, -0.0, -0.0, -0.0, -0.0, 0], [0, 0, 0, 0, -0.0, -0.0, -0.0, -0.0], [0, 0, 0, 0, 0, -0.0, -0.0, -0.0], [-0.0, 0, 0, 0, 0, -0.0, 0, -0.0], [-0.0, -0.0, 0, 0, 0, 0, -0.0, -0.0], [-0.0, 1.0, -0.0, -0.0, 0, 0, 0, 1.0], [1.0, -0.0, -0.0, 0, -0.0, 0, 0, 1.0], [0, -0.0, -0.0, -0.0, 1.0, -0.0, -0.0, 0]], [[0, 0, 0, 1.0, 1.0, -0.0, -0.0, 0], [0, 0, 0, 0, -0.0, -0.0, 1.0, 1.0], [0, 0, 0, 0, 0, -0.0, -0.0, -0.0], [-0.0, 0, 0, 0, 0, -0.0, 0, -0.0], [-0.0, 1.0, 0, 0, 0, 0, 1.0, -0.0], [1.0, -0.0, 1.0, 1.0, 0, 0, 0, -0.0], [-0.0, -0.0, 1.0, 0, -0.0, 0, 0, -0.0], [0, -0.0, 1.0, 1.0, -0.0, -0.0, -0.0, 0]]]",False,1.908603916876018,658.1122943963856
GCvbrs,5,4,2.0,"['aBBB', 'AAbbB', 'bbbBB', 'bbB']","{'aBBB': [1, 3], 'AAbbB': [7], 'bbbBB': [4, 6], 'bbB': [0, 2, 5]}","[[[0, 0, 0, 0, 0, 0, 0, 0], [0, 0, 0, 0, 0, 0, 0, 1], [0, 0, 0, 0, 0, 0, 0, 0], [0, 0, 0, 0, 0, 0, 0, 1], [0, 0, 0, 0, 0, 0, 0, 0], [0, 0, 0, 0, 0, 0, 0, 0], [0, 0, 0, 0, 0, 0, 0, 0], [0, 0, 0, 0, 0, 0, 0, 0]], [[0, 0, 0, 1, 0, 1, 0, 0], [0, 0, 0, 0, 0, 0, 0, 0], [0, 0, 0, 0, 0, 0, 1, 1], [0, 0, 0, 0, 0, 0, 0, 0], [1, 1, 0, 1, 0, 0, 0, 0], [0, 1, 1, 0, 0, 0, 0, 0], [0, 1, 0, 1, 1, 0, 0, 0], [0, 0, 0, 0, 1, 0, 1, 0]]]",2.0,4,,,,True,6.408670892938972,135.3110518231988
GCvbrw,5,4,2.0,"['abBB', 'AbbbB', 'Abb', 'ABB']","{'abBB': [1, 3, 5, 6], 'AbbbB': [4, 7], 'Abb': [0], 'ABB': [2]}","[[[0, 0, 0, 0, 0, 0, 0, 0], [0, 0, 0, 0, 1, 0, 0, 0], [0, 0, 0, 0, 0, 0, 0, 0], [0, 0, 0, 0, 0, 0, 0, 1], [0, 0, 0, 0, 0, 0, 0, 0], [1, 0, 0, 0, 0, 0, 0, 0], [0, 0, 1, 0, 0, 0, 0, 0], [0, 0, 0, 0, 0, 0, 0, 0]], [[0, 0, 0, 1, 1, 0, 0, 0], [0, 0, 0, 0, 0, 1, 0, 0], [0, 0, 0, 0, 0, 0, 0, 0], [0, 0, 0, 0, 0, 0, 1, 0], [0, 0, 0, 1, 0, 0, 1, 1], [0, 0, 1, 0, 0, 0, 0, 0], [0, 1, 0, 0, 0, 0, 0, 0], [0, 1, 1, 0, 0, 1, 0, 0]]]",2.0,4,,,,True,48.7323071397841,87.34344432968646
GCvbr{,5,4,2.0,"['abBB', 'AAAbBB', 'bbbBB', 'bbB']","{'abBB': [1, 3, 5], 'AAAbBB': [7], 'bbbBB': [4, 6], 'bbB': [0, 2]}","[[[0, 0, 0, 0, 0, 0, 0, 0], [0, 0, 0, 0, 0, 0, 0, 1], [0, 0, 0, 0, 0, 0, 0, 0], [0, 0, 0, 0, 0, 0, 0, 1], [0, 0, 0, 0, 0, 0, 0, 0], [0, 0, 0, 0, 0, 0, 0, 1], [0, 0, 0, 0, 0, 0, 0, 0], [0, 0, 0, 0, 0, 0, 0, 0]], [[0, 0, 0, 1, 0, 1, 0, 0], [0, 0, 0, 0, 0, 1, 0, 0], [0, 0, 0, 0, 0, 0, 1, 1], [0, 0, 0, 0, 1, 0, 0, 0], [1, 1, 0, 0, 0, 0, 0, 1], [0, 0, 1, 0, 0, 0, 0, 0], [0, 1, 0, 1, 1, 0, 0, 0], [0, 0, 0, 0, 0, 0, 1, 0]]]",2.0,4,,,,True,6.543884948827326,339.6608890313655
GCvbtw,5,4,2.0,"['abBB', 'AbbbB', 'Abb', 'ABB']","{'abBB': [0, 3, 5, 6], 'AbbbB': [4, 7], 'Abb': [2], 'ABB': [1]}","[[[0, 0, 0, 0, 1, 0, 0, 0], [0, 0, 0, 0, 0, 0, 0, 0], [0, 0, 0, 0, 0, 0, 0, 0], [0, 0, 0, 0, 0, 0, 0, 1], [0, 0, 0, 0, 0, 0, 0, 0], [0, 1, 0, 0, 0, 0, 0, 0], [0, 0, 1, 0, 0, 0, 0, 0], [0, 0, 0, 0, 0, 0, 0, 0]], [[0, 0, 0, 1, 0, 0, 0, 0], [0, 0, 0, 0, 0, 0, 0, 0], [0, 0, 0, 0, 0, 1, 0, 1], [0, 0, 0, 0, 0, 0, 1, 0], [0, 1, 0, 1, 0, 0, 1, 0], [1, 0, 0, 0, 0, 0, 0, 0], [0, 1, 0, 0, 0, 0, 0, 0], [1, 0, 0, 0, 1, 1, 0, 0]]]",2.0,4,,,,True,53.52387598808855,92.13034992665052
GCvbt{,5,4,2.0,"['abBB', 'AAAbBB', 'bbbBB', 'bbB']","{'abBB': [0, 3, 5], 'AAAbBB': [7], 'bbbBB': [4, 6], 'bbB': [1, 2]}","[[[0, 0, 0, 0, 0, 0, 0, 1], [0, 0, 0, 0, 0, 0, 0, 0], [0, 0, 0, 0, 0, 0, 0, 0], [0, 0, 0, 0, 0, 0, 0, 1], [0, 0, 0, 0, 0, 0, 0, 0], [0, 0, 0, 0, 0, 0, 0, 1], [0, 0, 0, 0, 0, 0, 0, 0], [0, 0, 0, 0, 0, 0, 0, 0]], [[0, 0, 0, 0, 0, 1, 0, 0], [0, 0, 0, 0, 0, 1, 1, 0], [0, 0, 0, 0, 0, 0, 1, 1], [1, 0, 0, 0, 0, 0, 0, 0], [1, 1, 0, 1, 0, 0, 0, 0], [0, 0, 1, 0, 0, 0, 0, 0], [0, 0, 0, 1, 1, 0, 0, 1], [0, 0, 0, 0, 1, 0, 0, 0]]]",2.0,4,,,,True,4.764176780357957,292.4436630876735
GCvbuk,5,4,2.0,"['abBB', 'AbBB', 'AB', 'bbbbB']","{'abBB': [3, 4, 5], 'AbBB': [0, 1], 'AB': [2], 'bbbbB': [6, 7]}","[[[0, 0, 0, 0, 0, 0, 0, 0], [0, 0, 0, 0, 0, 0, 0, 0], [0, 0, 0, 0, 0, 0, 0, 0], [1, 0, 0, 0, 0, 0, 0, 0], [0, 1, 0, 0, 0, 0, 0, 0], [0, 0, 1, 0, 0, 0, 0, 0], [0, 0, 0, 0, 0, 0, 0, 0], [0, 0, 0, 0, 0, 0, 0, 0]], [[0, 0, 0, 0, 1, 0, 0, 0], [0, 0, 0, 0, 0, 1, 0, 0], [0, 0, 0, 0, 0, 0, 0, 0], [0, 0, 0, 0, 1, 0, 0, 0], [0, 0, 0, 0, 0, 0, 1, 0], [1, 0, 0, 0, 0, 0, 0, 0], [0, 1, 1, 1, 0, 0, 0, 1], [1, 1, 0, 1, 0, 1, 0, 0]]]",2.0,4,,,,True,16.8343643900007,44.28098534140736
GCvbuw,5,4,2.0,"['abBB', 'AbBB', 'AB', 'bbbbB']","{'abBB': [0, 1, 5], 'AbBB': [3, 6], 'AB': [2], 'bbbbB': [4, 7]}","[[[0, 0, 0, 1, 0, 0, 0, 0], [0, 0, 0, 0, 0, 0, 1, 0], [0, 0, 0, 0, 0, 0, 0, 0], [0, 0, 0, 0, 0, 0, 0, 0], [0, 0, 0, 0, 0, 0, 0, 0], [0, 0, 1, 0, 0, 0, 0, 0], [0, 0, 0, 0, 0, 0, 0, 0], [0, 0, 0, 0, 0, 0, 0, 0]], [[0, 0, 0, 0, 0, 1, 0, 0], [0, 0, 0, 0, 0, 0, 0, 1], [0, 0, 0, 0, 0, 0, 0, 0], [0, 0, 0, 0, 0, 0, 1, 0], [1, 1, 0, 1, 0, 0, 1, 0], [0, 1, 0, 0, 0, 0, 0, 0], [0, 0, 1, 0, 0, 0, 0, 0], [1, 0, 0, 1, 1, 1, 0, 0]]]",2.0,4,,,,True,8.113440956920385,37.320129700005054
GCvbu{,5,4,2.0,"['abBB', 'AAAbBB', 'AB', 'bbbbB']","{'abBB': [0, 1, 3, 5], 'AAAbBB': [7], 'AB': [2], 'bbbbB': [4, 6]}","[[[0, 0, 0, 0, 0, 0, 0, 1], [0, 0, 0, 0, 0, 0, 0, 1], [0, 0, 0, 0, 0, 0, 0, 0], [0, 0, 0, 0, 0, 0, 0, 1], [0, 0, 0, 0, 0, 0, 0, 0], [0, 0, 1, 0, 0, 0, 0, 0], [0, 0, 0, 0, 0, 0, 0, 0], [0, 0, 0, 0, 0, 0, 0, 0]], [[0, 0, 0, 0, 1, 0, 0, 0], [0, 0, 0, 0, 0, 1, 0, 0], [0, 0, 0, 0, 0, 0, 0, 0], [1, 0, 0, 0, 0, 0, 0, 0], [0, 1, 0, 1, 0, 0, 1, 1], [1, 0, 0, 0, 0, 0, 0, 0], [0, 1, 1, 1, 0, 0, 0, 1], [0, 0, 0, 0, 0, 1, 0, 0]]]",2.0,4,,,,True,7.27599317021668,155.780874222517
GCvbvW,5,4,2.0,"['abBB', 'AbbbB', 'Abb', 'ABB']","{'abBB': [0, 1, 5, 6], 'AbbbB': [4, 7], 'Abb': [3], 'ABB': [2]}","[[[0, 0, 0, 0, 0, 0, 0, 1], [0, 0, 0, 0, 1, 0, 0, 0], [0, 0, 0, 0, 0, 0, 0, 0], [0, 0, 0, 0, 0, 0, 0, 0], [0, 0, 0, 0, 0, 0, 0, 0], [0, 0, 1, 0, 0, 0, 0, 0], [0, 0, 0, 1, 0, 0, 0, 0], [0, 0, 0, 0, 0, 0, 0, 0]], [[0, 0, 0, 0, 0, 1, 0, 0], [0, 0, 0, 0, 0, 0, 1, 0], [0, 0, 0, 0, 0, 0, 0, 0], [1, 0, 0, 0, 1, 0, 0, 0], [1, 0, 0, 0, 0, 0, 1, 1], [0, 1, 0, 0, 0, 0, 0, 0], [0, 0, 1, 0, 0, 0, 0, 0], [0, 1, 1, 0, 0, 1, 0, 0]]]",2.0,4,,,,True,46.40301159396768,105.25733000878245
GCvbv[,5,4,2.0,"['abBB', 'AAAbBB', 'bbbBB', 'bbB']","{'abBB': [0, 1, 5], 'AAAbBB': [7], 'bbbBB': [4, 6], 'bbB': [2, 3]}","[[[0, 0, 0, 0, 0, 0, 0, 1], [0, 0, 0, 0, 0, 0, 0, 1], [0, 0, 0, 0, 0, 0, 0, 0], [0, 0, 0, 0, 0, 0, 0, 0], [0, 0, 0, 0, 0, 0, 0, 0], [0, 0, 0, 0, 0, 0, 0, 1], [0, 0, 0, 0, 0, 0, 0, 0], [0, 0, 0, 0, 0, 0, 0, 0]], [[0, 0, 0, 0, 0, 1, 0, 0], [0, 0, 0, 0, 0, 0, 1, 0], [0, 0, 0, 0, 0, 1, 0, 1], [1, 0, 0, 0, 1, 0, 0, 0], [1, 1, 0, 0, 0, 0, 0, 1], [0, 1, 0, 0, 0, 0, 0, 0], [0, 0, 1, 1, 1, 0, 0, 0], [0, 0, 0, 0, 0, 0, 1, 0]]]",2.0,4,,,,True,7.80203759483993,320.64271094836295
GCrvS{,3,4,3.0,"['aaC', 'ab', 'AbBcC', 'ABcc']","{'aaC': [1, 3], 'ab': [2], 'AbBcC': [0, 5, 6, 7], 'ABcc': [4]}","[[[0, 0, 0, -0.0, -0.0, -0.0, -0.0, -0.0], [0, 0, 0, 0, 1.0, 1.0, 0.0, 0], [0, 0, 0, 0, 0, -0.0, 1.0, 0], [1.0, 0, 0, 0, 0, -0.0, 0, 1.0], [-0.0, -0.0, 0, 0, 0, 0, -0.0, -0.0], [-0.0, -0.0, -0.0, -0.0, 0, 0, 0, -0.0], [-0.0, -0.0, -0.0, 0, -0.0, 0, 0, -0.0], [-0.0, 0, 0, -0.0, -0.0, -0.0, -0.0, 0]], [[0, 0, 0, -0.0, 1.0, -0.0, 0.0, 0.0], [0, 0, 0, 0, -0.0, -0.0, -0.0, 0], [0, 0, 0, 0, 0, 1.0, -0.0, 0], [-0.0, 0, 0, 0, 0, 0.0, 0, -0.0], [0.0, -0.0, 0, 0, 0, 0, 0.0, -0.0], [0.0, 0.0, 0.0, 0.0, 0, 0, 0, 1.0], [1.0, 0.0, -0.0, 0, -0.0, 0, 0, -0.0], [-0.0, 0, 0, 0.0, -0.0, -0.0, 1.0, 0]], [[0, 0, 0, -0.0, -0.0, 1.0, -0.0, 0.0], [0, 0, 0, 0, -0.0, 0.0, -0.0, 0], [0, 0, 0, 0, 0, -0.0, -0.0, 0], [-0.0, 0, 0, 0, 0, -0.0, 0, -0.0], [0.0, 0.0, 0, 0, 0, 0, 1.0, 1.0], [-0.0, -0.0, 0.0, 1.0, 0, 0, 0, -0.0], [-0.0, 1.0, 0.0, 0, -0.0, 0, 0, -0.0], [1.0, 0, 0, -0.0, 0.0, -0.0, 0.0, 0]]]",2.0,6,"['aaAbB', 'abB', 'aBBBB', 'AAAbb', 'AbbB', 'Ab']","{'aaAbB': [0, 5], 'abB': [1, 3], 'aBBBB': [6], 'AAAbb': [7], 'AbbB': [4], 'Ab': [2]}","[[[0, 0, 0, -0.0, 1.0, -0.0, -0.0, 1.0], [0, 0, 0, 0, -0.0, 1.0, -0.0, 0], [0, 0, 0, 0, 0, -0.0, -0.0, 0], [-0.0, 0, 0, 0, 0, -0.0, 0, 1.0], [-0.0, -0.0, 0, 0, 0, 0, -0.0, -0.0], [-0.0, -0.0, 1.0, -0.0, 0, 0, 0, 1.0], [1.0, -0.0, -0.0, 0, -0.0, 0, 0, -0.0], [-0.0, 0, 0, -0.0, -0.0, -0.0, -0.0, 0]], [[0, 0, 0, 1.0, -0.0, -0.0, -0.0, -0.0], [0, 0, 0, 0, -0.0, -0.0, 1.0, 0], [0, 0, 0, 0, 0, -0.0, 1.0, 0], [-0.0, 0, 0, 0, 0, 1.0, 0, -0.0], [-0.0, 1.0, 0, 0, 0, 0, 1.0, -0.0], [1.0, -0.0, -0.0, -0.0, 0, 0, 0, -0.0], [-0.0, -0.0, -0.0, 0, -0.0, 0, 0, -0.0], [-0.0, 0, 0, -0.0, 1.0, -0.0, 1.0, 0]]]",False,46.2302815169096,554.2840890642256
GCvbvc,5,4,2.0,"['abBB', 'AAAB', 'bbbBB', 'bbB']","{'abBB': [0, 1, 3], 'AAAB': [4], 'bbbBB': [6, 7], 'bbB': [2, 5]}","[[[0, 0, 0, 0, 1, 0, 0, 0], [0, 0, 0, 0, 1, 0, 0, 0], [0, 0, 0, 0, 0, 0, 0, 0], [0, 0, 0, 0, 1, 0, 0, 0], [0, 0, 0, 0, 0, 0, 0, 0], [0, 0, 0, 0, 0, 0, 0, 0], [0, 0, 0, 0, 0, 0, 0, 0], [0, 0, 0, 0, 0, 0, 0, 0]], [[0, 0, 0, 0, 0, 0, 0, 1], [0, 0, 0, 0, 0, 1, 0, 0], [0, 0, 0, 0, 0, 0, 1, 1], [1, 0, 0, 0, 0, 0, 0, 0], [0, 0, 0, 0, 0, 0, 0, 0], [1, 0, 1, 0, 0, 0, 0, 0], [0, 1, 0, 1, 1, 0, 0, 0], [0, 1, 0, 1, 0, 0, 1, 0]]]",2.0,4,,,,True,28.754558596760035,103.44487555604428
GCvbvg,5,4,2.0,"['aBBB', 'AABBB', 'bbbB', 'bbB']","{'aBBB': [3, 5], 'AABBB': [7], 'bbbB': [0, 1, 4, 6], 'bbB': [2]}","[[[0, 0, 0, 0, 0, 0, 0, 0], [0, 0, 0, 0, 0, 0, 0, 0], [0, 0, 0, 0, 0, 0, 0, 0], [0, 0, 0, 0, 0, 0, 0, 1], [0, 0, 0, 0, 0, 0, 0, 0], [0, 0, 0, 0, 0, 0, 0, 1], [0, 0, 0, 0, 0, 0, 0, 0], [0, 0, 0, 0, 0, 0, 0, 0]], [[0, 0, 0, 1, 0, 1, 0, 1], [0, 0, 0, 0, 1, 1, 0, 1], [0, 0, 0, 0, 0, 1, 0, 1], [0, 0, 0, 0, 0, 0, 0, 0], [1, 0, 0, 1, 0, 0, 1, 0], [0, 0, 0, 0, 0, 0, 0, 0], [0, 1, 1, 1, 0, 0, 0, 0], [0, 0, 0, 0, 0, 0, 0, 0]]]",2.0,4,,,,True,13.703165220096707,16.02972235623747
GCvbvk,5,5,2.0,"['aBBB', 'AABBB', 'bbbbBB', 'bbbB', 'bbB']","{'aBBB': [1, 3], 'AABBB': [6], 'bbbbBB': [7], 'bbbB': [0, 4, 5], 'bbB': [2]}","[[[0, 0, 0, 0, 0, 0, 0, 0], [0, 0, 0, 0, 0, 0, 1, 0], [0, 0, 0, 0, 0, 0, 0, 0], [0, 0, 0, 0, 0, 0, 1, 0], [0, 0, 0, 0, 0, 0, 0, 0], [0, 0, 0, 0, 0, 0, 0, 0], [0, 0, 0, 0, 0, 0, 0, 0], [0, 0, 0, 0, 0, 0, 0, 0]], [[0, 0, 0, 1, 1, 0, 0, 1], [0, 0, 0, 0, 0, 0, 0, 0], [0, 0, 0, 0, 0, 1, 1, 0], [0, 0, 0, 0, 0, 0, 0, 0], [0, 1, 0, 1, 0, 0, 1, 0], [1, 1, 0, 0, 0, 0, 0, 1], [0, 0, 0, 0, 0, 0, 0, 0], [0, 1, 1, 1, 0, 0, 1, 0]]]",2.0,5,,,,True,107.82489004544914,91.2643950274214
GCvbvs,5,4,2.0,"['abBB', 'AAAbBB', 'bbbBB', 'bbB']","{'abBB': [0, 1, 3], 'AAAbBB': [7], 'bbbBB': [4, 6], 'bbB': [2, 5]}","[[[0, 0, 0, 0, 0, 0, 0, 1], [0, 0, 0, 0, 0, 0, 0, 1], [0, 0, 0, 0, 0, 0, 0, 0], [0, 0, 0, 0, 0, 0, 0, 1], [0, 0, 0, 0, 0, 0, 0, 0], [0, 0, 0, 0, 0, 0, 0, 0], [0, 0, 0, 0, 0, 0, 0, 0], [0, 0, 0, 0, 0, 0, 0, 0]], [[0, 0, 0, 1, 0, 0, 0, 0], [0, 0, 0, 0, 0, 1, 0, 0], [0, 0, 0, 0, 0, 0, 1, 1], [0, 0, 0, 0, 0, 0, 1, 0], [1, 1, 0, 1, 0, 0, 0, 0], [1, 0, 1, 0, 0, 0, 0, 0], [0, 1, 0, 0, 1, 0, 0, 1], [0, 0, 0, 0, 1, 0, 0, 0]]]",2.0,4,,,,True,4.813582811504602,365.248694838956
GCvbvw,5,4,2.0,"['abBB', 'AAbbB', 'AAB', 'Abbbbb']","{'abBB': [0, 1, 3, 5, 6], 'AAbbB': [4], 'AAB': [2], 'Abbbbb': [7]}","[[[0, 0, 0, 0, 1, 0, 0, 0], [0, 0, 0, 0, 0, 0, 0, 1], [0, 0, 0, 0, 0, 0, 0, 0], [0, 0, 0, 0, 1, 0, 0, 0], [0, 0, 0, 0, 0, 0, 0, 0], [0, 0, 1, 0, 0, 0, 0, 0], [0, 0, 1, 0, 0, 0, 0, 0], [0, 0, 0, 0, 0, 0, 0, 0]], [[0, 0, 0, 0, 0, 1, 0, 0], [0, 0, 0, 0, 0, 0, 1, 0], [0, 0, 0, 0, 0, 0, 0, 0], [1, 0, 0, 0, 0, 0, 0, 0], [0, 1, 0, 0, 0, 0, 1, 0], [0, 1, 0, 0, 0, 0, 0, 0], [0, 0, 0, 1, 0, 0, 0, 0], [1, 0, 1, 1, 1, 1, 0, 0]]]",2.0,4,,,,True,7.183882411569357,98.29780619312078
GCvbv{,5,4,2.0,"['abBB', 'AbbbB', 'AbbBBBB', 'Abb']","{'abBB': [0, 1, 3, 5], 'AbbbB': [4, 6], 'AbbBBBB': [7], 'Abb': [2]}","[[[0, 0, 0, 0, 1, 0, 0, 0], [0, 0, 0, 0, 0, 0, 0, 1], [0, 0, 0, 0, 0, 0, 0, 0], [0, 0, 0, 0, 0, 0, 1, 0], [0, 0, 0, 0, 0, 0, 0, 0], [0, 0, 1, 0, 0, 0, 0, 0], [0, 0, 0, 0, 0, 0, 0, 0], [0, 0, 0, 0, 0, 0, 0, 0]], [[0, 0, 0, 0, 0, 0, 0, 1], [0, 0, 0, 0, 0, 1, 0, 0], [0, 0, 0, 0, 0, 0, 1, 1], [1, 0, 0, 0, 0, 0, 0, 0], [0, 1, 0, 1, 0, 0, 0, 1], [1, 0, 0, 0, 0, 0, 0, 0], [0, 1, 0, 0, 1, 0, 0, 1], [0, 0, 0, 1, 0, 1, 0, 0]]]",2.0,4,,,,True,7.953280872665346,350.4152130028233
GCvbz{,5,5,2.0,"['aBBB', 'Abbbbb', 'AbBBBB', 'bbbBB', 'bbB']","{'aBBB': [1, 3], 'Abbbbb': [7], 'AbBBBB': [6], 'bbbBB': [4, 5], 'bbB': [0, 2]}","[[[0, 0, 0, 0, 0, 0, 0, 0], [0, 0, 0, 0, 0, 0, 0, 1], [0, 0, 0, 0, 0, 0, 0, 0], [0, 0, 0, 0, 0, 0, 1, 0], [0, 0, 0, 0, 0, 0, 0, 0], [0, 0, 0, 0, 0, 0, 0, 0], [0, 0, 0, 0, 0, 0, 0, 0], [0, 0, 0, 0, 0, 0, 0, 0]], [[0, 0, 0, 1, 1, 0, 0, 0], [0, 0, 0, 0, 0, 0, 0, 0], [0, 0, 0, 0, 0, 1, 1, 0], [0, 0, 0, 0, 0, 0, 0, 0], [0, 1, 0, 1, 0, 0, 1, 0], [1, 1, 0, 0, 0, 0, 1, 0], [0, 1, 0, 0, 0, 0, 0, 0], [0, 0, 1, 1, 1, 1, 1, 0]]]",2.0,5,,,,True,27487.301269190382,439.49420067481697
GCvb|w,5,4,2.0,"['aBBB', 'ABBB', 'bbbBB', 'bbB']","{'aBBB': [0], 'ABBB': [3], 'bbbBB': [4, 5, 6, 7], 'bbB': [1, 2]}","[[[0, 0, 0, 1, 0, 0, 0, 0], [0, 0, 0, 0, 0, 0, 0, 0], [0, 0, 0, 0, 0, 0, 0, 0], [0, 0, 0, 0, 0, 0, 0, 0], [0, 0, 0, 0, 0, 0, 0, 0], [0, 0, 0, 0, 0, 0, 0, 0], [0, 0, 0, 0, 0, 0, 0, 0], [0, 0, 0, 0, 0, 0, 0, 0]], [[0, 0, 0, 0, 0, 0, 0, 0], [0, 0, 0, 0, 1, 1, 0, 0], [0, 0, 0, 0, 0, 0, 1, 1], [0, 0, 0, 0, 0, 0, 0, 0], [1, 0, 0, 1, 0, 0, 0, 1], [1, 0, 1, 0, 0, 0, 1, 0], [0, 1, 0, 1, 1, 0, 0, 0], [1, 0, 0, 1, 0, 1, 0, 0]]]",2.0,4,,,,True,3.976098075509072,159.22993069514632
GCvb}w,5,4,2.0,"['abBB', 'aB', 'AbbbB', 'AbBBB']","{'abBB': [0, 1, 3], 'aB': [2], 'AbbbB': [4, 6, 7], 'AbBBB': [5]}","[[[0, 0, 0, 0, 1, 0, 0, 0], [0, 0, 0, 0, 0, 0, 1, 0], [0, 0, 0, 0, 0, 1, 0, 0], [0, 0, 0, 0, 0, 0, 0, 1], [0, 0, 0, 0, 0, 0, 0, 0], [0, 0, 0, 0, 0, 0, 0, 0], [0, 0, 0, 0, 0, 0, 0, 0], [0, 0, 0, 0, 0, 0, 0, 0]], [[0, 0, 0, 1, 0, 0, 0, 0], [0, 0, 0, 0, 0, 1, 0, 0], [0, 0, 0, 0, 0, 0, 0, 0], [0, 0, 0, 0, 0, 0, 1, 0], [0, 1, 0, 1, 0, 0, 0, 1], [1, 0, 0, 0, 0, 0, 0, 0], [0, 0, 1, 0, 1, 1, 0, 0], [1, 1, 0, 0, 0, 1, 0, 0]]]",2.0,4,,,,True,30.41426275856793,83.99723792262375
GCvb}{,5,4,2.0,"['abBB', 'ab', 'Abbbb', 'AbBBBB']","{'abBB': [0, 1, 3], 'ab': [2], 'Abbbb': [4, 5], 'AbBBBB': [6, 7]}","[[[0, 0, 0, 0, 1, 0, 0, 0], [0, 0, 0, 0, 0, 0, 1, 0], [0, 0, 0, 0, 0, 1, 0, 0], [0, 0, 0, 0, 0, 0, 0, 1], [0, 0, 0, 0, 0, 0, 0, 0], [0, 0, 0, 0, 0, 0, 0, 0], [0, 0, 0, 0, 0, 0, 0, 0], [0, 0, 0, 0, 0, 0, 0, 0]], [[0, 0, 0, 1, 0, 0, 0, 0], [0, 0, 0, 0, 0, 0, 0, 1], [0, 0, 0, 0, 0, 0, 1, 0], [0, 0, 0, 0, 0, 0, 1, 0], [0, 1, 0, 1, 0, 0, 1, 1], [1, 1, 0, 0, 0, 0, 1, 1], [0, 0, 0, 0, 0, 0, 0, 1], [1, 0, 0, 0, 0, 0, 0, 0]]]",2.0,4,,,,True,6.44951485004276,315.28155161906034
GCrvT[,3,4,3.0,"['abbc', 'aBC', 'ac', 'AbBcC']","{'abbc': [4], 'aBC': [1, 2], 'ac': [3], 'AbBcC': [0, 5, 6, 7]}","[[[0, 0, 0, -0.0, -0.0, -0.0, -0.0, -0.0], [0, 0, 0, 0, 0.0, 0.0, 1.0, 0], [0, 0, 0, 0, 0, -0.0, 0.0, 1.0], [0.0, 0, 0, 0, 0, 1.0, 0, 0], [1.0, 0.0, 0, 0, 0, 0, 0.0, -0.0], [-0.0, -0.0, -0.0, -0.0, 0, 0, 0, -0.0], [-0.0, -0.0, -0.0, 0, -0.0, 0, 0, -0.0], [-0.0, 0, 0.0, 0, -0.0, -0.0, -0.0, 0]], [[0, 0, 0, -0.0, -0.0, 1.0, -0.0, -0.0], [0, 0, 0, 0, -0.0, -0.0, -0.0, 0], [0, 0, 0, 0, 0, -0.0, -0.0, -0.0], [-0.0, 0, 0, 0, 0, -0.0, 0, 0], [-0.0, 1.0, 0, 0, 0, 0, 1.0, -0.0], [-0.0, -0.0, 1.0, -0.0, 0, 0, 0, 0.0], [0.0, -0.0, 0.0, 0, -0.0, 0, 0, 1.0], [1.0, 0, -0.0, 0, 0.0, -0.0, -0.0, 0]], [[0, 0, 0, -0.0, 0.0, -0.0, 1.0, -0.0], [0, 0, 0, 0, -0.0, 0.0, -0.0, 0], [0, 0, 0, 0, 0, -0.0, -0.0, -0.0], [1.0, 0, 0, 0, 0, 0.0, 0, 0], [0.0, 0.0, 0, 0, 0, 0, -0.0, 1.0], [-0.0, 1.0, 0.0, 0.0, 0, 0, 0, 0.0], [0.0, -0.0, 1.0, 0, -0.0, 0, 0, 0.0], [0.0, 0, -0.0, 0, -0.0, 1.0, -0.0, 0]]]",2.0,7,"['aabBB', 'aB', 'AbbBB', 'AbB', 'bbbb', 'bbbb', 'BBBBB']","{'aabBB': [6], 'aB': [3], 'AbbBB': [5], 'AbB': [1, 2], 'bbbb': [4], 'BBBBB': [7]}","[[[0, 0, 0, 0.0, -0.0, 0.0, 0.0, -0.0], [0, 0, 0, 0, -0.0, -0.0, 0.0, 0], [0, 0, 0, 0, 0, -0.0, -0.0, 0.0], [-0.0, 0, 0, 0, 0, 1.0, 0, 0], [-0.0, 0.0, 0, 0, 0, 0, -0.0, -0.0], [-0.0, -0.0, 0.0, -0.0, 0, 0, 0, -0.0], [0.0, 1.0, 1.0, 0, 0.0, 0, 0, -0.0], [-0.0, 0, -0.0, 0, -0.0, 0.0, -0.0, 0]], [[0, 0, 0, 1.0, -0.0, 1.0, 1.0, 1.0], [0, 0, 0, 0, -0.0, 1.0, 0.0, 0], [0, 0, 0, 0, 0, 0.0, 0.0, 1.0], [-0.0, 0, 0, 0, 0, 0.0, 0, 0], [1.0, 1.0, 0, 0, 0, 0, 1.0, 1.0], [-0.0, 0.0, 1.0, 0.0, 0, 0, 0, 1.0], [-0.0, 0.0, -0.0, 0, -0.0, 0, 0, 1.0], [-0.0, 0, -0.0, 0, -0.0, 0.0, 0.0, 0]]]",False,69.61345542781055,3721.101458502002
GCvb~k,5,4,2.0,"['abBB', 'AABBB', 'AbbbbB', 'bbB']","{'abBB': [0, 1, 3, 4], 'AABBB': [5], 'AbbbbB': [6, 7], 'bbB': [2]}","[[[0, 0, 0, 0, 0, 1, 0, 0], [0, 0, 0, 0, 0, 1, 0, 0], [0, 0, 0, 0, 0, 0, 0, 0], [0, 0, 0, 0, 0, 0, 0, 1], [0, 0, 0, 0, 0, 0, 1, 0], [0, 0, 0, 0, 0, 0, 0, 0], [0, 0, 0, 0, 0, 0, 0, 0], [0, 0, 0, 0, 0, 0, 0, 0]], [[0, 0, 0, 1, 0, 0, 0, 0], [0, 0, 0, 0, 1, 0, 0, 0], [0, 0, 0, 0, 0, 1, 1, 0], [0, 0, 0, 0, 1, 0, 0, 0], [1, 0, 0, 0, 0, 0, 0, 0], [0, 0, 0, 0, 0, 0, 0, 0], [0, 1, 0, 1, 0, 1, 0, 1], [1, 1, 1, 0, 0, 1, 0, 0]]]",2.0,4,,,,True,5.118666587397456,268.01614754181355
GCvb~s,5,4,2.0,"['abBB', 'AABBB', 'AbbbbB', 'bbB']","{'abBB': [0, 1, 3, 5], 'AABBB': [4], 'AbbbbB': [6, 7], 'bbB': [2]}","[[[0, 0, 0, 0, 0, 0, 0, 1], [0, 0, 0, 0, 1, 0, 0, 0], [0, 0, 0, 0, 0, 0, 0, 0], [0, 0, 0, 0, 1, 0, 0, 0], [0, 0, 0, 0, 0, 0, 0, 0], [0, 0, 0, 0, 0, 0, 1, 0], [0, 0, 0, 0, 0, 0, 0, 0], [0, 0, 0, 0, 0, 0, 0, 0]], [[0, 0, 0, 0, 1, 0, 0, 0], [0, 0, 0, 0, 0, 1, 0, 0], [0, 0, 0, 0, 0, 1, 0, 1], [1, 0, 0, 0, 0, 0, 0, 0], [0, 0, 0, 0, 0, 0, 0, 0], [1, 0, 0, 0, 0, 0, 0, 0], [0, 1, 1, 1, 1, 0, 0, 0], [0, 1, 0, 1, 1, 0, 1, 0]]]",2.0,4,,,,True,8.137059522792697,255.90865366812795
GCvb~w,5,4,2.0,"['abBB', 'AAAbBB', 'bbbBB', 'bbB']","{'abBB': [0, 1, 3], 'AAAbBB': [7], 'bbbBB': [4, 5, 6], 'bbB': [2]}","[[[0, 0, 0, 0, 0, 0, 0, 1], [0, 0, 0, 0, 0, 0, 0, 1], [0, 0, 0, 0, 0, 0, 0, 0], [0, 0, 0, 0, 0, 0, 0, 1], [0, 0, 0, 0, 0, 0, 0, 0], [0, 0, 0, 0, 0, 0, 0, 0], [0, 0, 0, 0, 0, 0, 0, 0], [0, 0, 0, 0, 0, 0, 0, 0]], [[0, 0, 0, 1, 0, 0, 0, 0], [0, 0, 0, 0, 0, 1, 0, 0], [0, 0, 0, 0, 0, 0, 1, 1], [0, 0, 0, 0, 0, 0, 1, 0], [1, 1, 0, 1, 0, 0, 0, 0], [1, 0, 1, 0, 0, 0, 0, 1], [0, 1, 0, 0, 1, 1, 0, 0], [0, 0, 0, 0, 1, 0, 0, 0]]]",2.0,4,,,,True,6.963398311287165,380.1058129584417
GCvb~{,5,5,2.0,"['aBBBB', 'AAbbBBB', 'bbbbBB', 'bbbB', 'bbB']","{'aBBBB': [4, 5], 'AAbbBBB': [7], 'bbbbBB': [6], 'bbbB': [0, 1, 3], 'bbB': [2]}","[[[0, 0, 0, 0, 0, 0, 0, 0], [0, 0, 0, 0, 0, 0, 0, 0], [0, 0, 0, 0, 0, 0, 0, 0], [0, 0, 0, 0, 0, 0, 0, 0], [0, 0, 0, 0, 0, 0, 0, 1], [0, 0, 0, 0, 0, 0, 0, 1], [0, 0, 0, 0, 0, 0, 0, 0], [0, 0, 0, 0, 0, 0, 0, 0]], [[0, 0, 0, 1, 1, 1, 0, 0], [0, 0, 0, 0, 1, 1, 0, 1], [0, 0, 0, 0, 0, 1, 1, 0], [0, 0, 0, 0, 1, 0, 1, 1], [0, 0, 0, 0, 0, 0, 0, 0], [0, 0, 0, 0, 0, 0, 0, 0], [0, 1, 0, 0, 1, 1, 0, 1], [1, 0, 1, 0, 0, 0, 0, 0]]]",2.0,5,,,,True,54.41493868548423,917.440914824605
GCvdjs,5,4,2.0,"['abBB', 'AbbbB', 'Abb', 'ABB']","{'abBB': [0, 3, 4, 5], 'AbbbB': [6, 7], 'Abb': [1], 'ABB': [2]}","[[[0, 0, 0, 0, 0, 0, 1, 0], [0, 0, 0, 0, 0, 0, 0, 0], [0, 0, 0, 0, 0, 0, 0, 0], [0, 0, 0, 0, 0, 0, 0, 1], [0, 1, 0, 0, 0, 0, 0, 0], [0, 0, 1, 0, 0, 0, 0, 0], [0, 0, 0, 0, 0, 0, 0, 0], [0, 0, 0, 0, 0, 0, 0, 0]], [[0, 0, 0, 1, 0, 0, 0, 0], [0, 0, 0, 0, 0, 1, 0, 1], [0, 0, 0, 0, 0, 0, 0, 0], [0, 0, 0, 0, 1, 0, 0, 0], [1, 0, 0, 0, 0, 0, 0, 0], [1, 0, 0, 0, 0, 0, 0, 0], [0, 0, 1, 1, 0, 1, 0, 0], [0, 0, 1, 0, 1, 0, 1, 0]]]",2.0,4,,,,True,42.32358848489821,86.09392715897411
GCvdjw,5,4,2.0,"['abBB', 'AAAB', 'bbbBB', 'bbB']","{'abBB': [0, 4, 6], 'AAAB': [3], 'bbbBB': [5, 7], 'bbB': [1, 2]}","[[[0, 0, 0, 1, 0, 0, 0, 0], [0, 0, 0, 0, 0, 0, 0, 0], [0, 0, 0, 0, 0, 0, 0, 0], [0, 0, 0, 0, 0, 0, 0, 0], [0, 0, 0, 1, 0, 0, 0, 0], [0, 0, 0, 0, 0, 0, 0, 0], [0, 0, 0, 1, 0, 0, 0, 0], [0, 0, 0, 0, 0, 0, 0, 0]], [[0, 0, 0, 0, 0, 1, 0, 0], [0, 0, 0, 0, 1, 1, 0, 0], [0, 0, 0, 0, 0, 0, 1, 1], [0, 0, 0, 0, 0, 0, 0, 0], [1, 0, 0, 0, 0, 0, 0, 0], [0, 0, 1, 0, 0, 0, 1, 1], [1, 0, 0, 0, 0, 0, 0, 0], [0, 1, 0, 1, 1, 0, 0, 0]]]",2.0,4,,,,True,18.83773420099169,93.35967544466256
GCvdj{,5,4,2.0,"['abBB', 'abB', 'AAbBB', 'Abbbbb']","{'abBB': [0, 3, 4], 'abB': [1, 2], 'AAbBB': [5, 6], 'Abbbbb': [7]}","[[[0, 0, 0, 0, 0, 1, 0, 0], [0, 0, 0, 0, 0, 1, 0, 0], [0, 0, 0, 0, 0, 0, 1, 0], [0, 0, 0, 0, 0, 0, 1, 0], [0, 0, 0, 0, 0, 0, 0, 1], [0, 0, 0, 0, 0, 0, 0, 0], [0, 0, 0, 0, 0, 0, 0, 0], [0, 0, 0, 0, 0, 0, 0, 0]], [[0, 0, 0, 0, 1, 0, 0, 0], [0, 0, 0, 0, 1, 0, 0, 0], [0, 0, 0, 0, 0, 1, 0, 0], [1, 0, 0, 0, 0, 0, 0, 0], [0, 0, 0, 1, 0, 0, 0, 0], [0, 0, 0, 0, 0, 0, 1, 0], [1, 0, 0, 0, 0, 0, 0, 0], [0, 1, 1, 1, 0, 1, 1, 0]]]",2.0,4,,,,True,6.120213890448213,264.7360219107941
GCvdlk,5,4,3.0,"['abC', 'aBcc', 'aB', 'AbBcC']","{'abC': [2, 4], 'aBcc': [3], 'aB': [1], 'AbBcC': [0, 5, 6, 7]}","[[[0, 0, 0, 0, 0, 0, 0, 0], [0, 0, 0, 0, 0, 1, 0, 0], [0, 0, 0, 0, 0, 0, 0, 1], [0, 0, 0, 0, 0, 0, 1, 0], [1, 0, 0, 0, 0, 0, 0, 0], [0, 0, 0, 0, 0, 0, 0, 0], [0, 0, 0, 0, 0, 0, 0, 0], [0, 0, 0, 0, 0, 0, 0, 0]], [[0, 0, 0, 0, 0, 0, 0, 1], [0, 0, 0, 0, 0, 0, 0, 0], [0, 0, 0, 0, 0, 1, 0, 0], [0, 0, 0, 0, 0, 0, 0, 0], [0, 1, 0, 0, 0, 0, 0, 0], [0, 0, 0, 0, 0, 0, 1, 0], [1, 0, 0, 0, 0, 0, 0, 0], [0, 0, 0, 1, 0, 0, 0, 0]], [[0, 0, 0, 0, 0, 1, 0, 0], [0, 0, 0, 0, 0, 0, 0, 0], [0, 0, 0, 0, 0, 0, 0, 0], [1, 0, 0, 0, 1, 0, 0, 0], [0, 0, 0, 0, 0, 0, 0, 0], [0, 0, 0, 0, 0, 0, 0, 1], [0, 0, 1, 0, 0, 0, 0, 0], [0, 0, 0, 0, 0, 0, 1, 0]]]",2.0,5,"['abb', 'abBBB', 'AAAbB', 'AbbB', 'Ab']","{'abb': [2, 4], 'abBBB': [0, 6, 7], 'AAAbB': [5], 'AbbB': [3], 'Ab': [1]}","[[[0, 0, 0, 1, 0, 0, 0, 0], [0, 0, 0, 0, 0, 0, 0, 0], [0, 0, 0, 0, 0, 1, 0, 0], [0, 0, 0, 0, 0, 0, 0, 0], [0, 1, 0, 0, 0, 0, 0, 0], [0, 0, 0, 0, 0, 0, 0, 0], [0, 0, 0, 0, 0, 1, 0, 0], [0, 0, 0, 0, 0, 1, 0, 0]], [[0, 0, 0, 0, 0, 0, 1, 0], [0, 0, 0, 0, 0, 1, 0, 0], [0, 0, 0, 0, 0, 0, 1, 1], [0, 0, 0, 0, 0, 0, 1, 1], [1, 0, 0, 1, 0, 0, 0, 0], [1, 0, 0, 0, 0, 0, 0, 0], [0, 0, 0, 0, 0, 0, 0, 1], [1, 0, 0, 0, 0, 0, 0, 0]]]",False,120.82904298324138,335.21469944529235
GCvdl{,5,5,2.0,"['abBBB', 'AAAbBB', 'bbbB', 'bbB', 'bb']","{'abBBB': [0, 5, 6], 'AAAbBB': [7], 'bbbB': [3, 4], 'bbB': [2], 'bb': [1]}","[[[0, 0, 0, 0, 0, 0, 0, 1], [0, 0, 0, 0, 0, 0, 0, 0], [0, 0, 0, 0, 0, 0, 0, 0], [0, 0, 0, 0, 0, 0, 0, 0], [0, 0, 0, 0, 0, 0, 0, 0], [0, 0, 0, 0, 0, 0, 0, 1], [0, 0, 0, 0, 0, 0, 0, 1], [0, 0, 0, 0, 0, 0, 0, 0]], [[0, 0, 0, 0, 0, 1, 0, 0], [0, 0, 0, 0, 1, 1, 0, 0], [0, 0, 0, 0, 0, 1, 1, 0], [1, 0, 0, 0, 0, 0, 1, 1], [1, 0, 0, 1, 0, 0, 0, 1], [0, 0, 0, 0, 0, 0, 1, 0], [1, 0, 0, 0, 0, 0, 0, 0], [0, 0, 1, 0, 0, 0, 0, 0]]]",2.0,5,,,,True,48.24957912508398,313.7356132604182
GCvdmk,5,5,2.0,"['abBB', 'aB', 'AABBB', 'bbbBB', 'bbB']","{'abBB': [3], 'aB': [2], 'AABBB': [6], 'bbbBB': [0, 5, 7], 'bbB': [1, 4]}","[[[0, 0, 0, 0, 0, 0, 0, 0], [0, 0, 0, 0, 0, 0, 0, 0], [0, 0, 0, 0, 0, 0, 1, 0], [0, 0, 0, 0, 0, 0, 1, 0], [0, 0, 0, 0, 0, 0, 0, 0], [0, 0, 0, 0, 0, 0, 0, 0], [0, 0, 0, 0, 0, 0, 0, 0], [0, 0, 0, 0, 0, 0, 0, 0]], [[0, 0, 0, 1, 1, 0, 1, 0], [0, 0, 0, 0, 0, 1, 0, 1], [0, 0, 0, 0, 0, 0, 0, 0], [0, 0, 0, 0, 0, 0, 0, 1], [0, 1, 0, 1, 0, 0, 0, 0], [1, 0, 1, 0, 0, 0, 1, 0], [0, 0, 0, 0, 0, 0, 0, 0], [1, 0, 0, 0, 0, 1, 1, 0]]]",2.0,5,,,,True,494.3331345766783,145.96967913303524
GCruvg,3,4,2.0,"['aaAC', 'aac', 'aC', 'AAccC']","{'aaAC': [1, 3, 6], 'aac': [4], 'aC': [2], 'AAccC': [0, 5, 7]}","[[[0, 0, 0, 0.0, -0.0, 0.0, -0.0, -0.0], [0, 0, 0, 0, 0.0, 1.0, 0.0, 1.0], [0, 0, 0, 0, 0, 0.0, 0, 1.0], [1.0, 0, 0, 0, 0, 1.0, 0.0, -0.0], [1.0, 0.0, 0, 0, 0, 0, 1.0, 0], [-0.0, -0.0, -0.0, -0.0, 0, 0, 0, 0.0], [0.0, 1.0, 0, 1.0, -0.0, 0, 0, 0], [-0.0, -0.0, -0.0, -0.0, 0, 0.0, 0, 0]], [[0, 0, 0, 0.0, -0.0, 0.0, -0.0, 0.0], [0, 0, 0, 0, 0.0, -0.0, 0.0, -0.0], [0, 0, 0, 0, 0, -0.0, 0, 0.0], [0.0, 0, 0, 0, 0, -0.0, -0.0, -0.0], [-0.0, 0.0, 0, 0, 0, 0, -0.0, 0], [-0.0, -0.0, -0.0, -0.0, 0, 0, 0, -0.0], [-0.0, 0.0, 0, -0.0, -0.0, 0, 0, 0], [0.0, 0.0, -0.0, 0.0, 0, -0.0, 0, 0]], [[0, 0, 0, 0.0, 0.0, -0.0, 1.0, 1.0], [0, 0, 0, 0, -0.0, -0.0, -0.0, -0.0], [0, 0, 0, 0, 0, 0.0, 0, -0.0], [-0.0, 0, 0, 0, 0, 0.0, -0.0, -0.0], [-0.0, 1.0, 0, 0, 0, 0, 0.0, 0], [1.0, 0.0, 1.0, 0.0, 0, 0, 0, -0.0], [-0.0, -0.0, 0, -0.0, -0.0, 0, 0, 0], [-0.0, -0.0, -0.0, 1.0, 0, 1.0, 0, 0]]]",2.0,4,,,,True,7.453006193973124,217.05069074500352
GCrvTs,3,4,3.0,"['aABBc', 'abcCC', 'AbBC', 'bBc']","{'aABBc': [7], 'abcCC': [0, 6], 'AbBC': [4, 5], 'bBc': [1, 2, 3]}","[[[0, 0, 0, -0.0, -0.0, 1.0, -0.0, -0.0], [0, 0, 0, 0, -0.0, -0.0, -0.0, 0], [0, 0, 0, 0, 0, -0.0, -0.0, -0.0], [-0.0, 0, 0, 0, 0, -0.0, 0, -0.0], [-0.0, -0.0, 0, 0, 0, 0, -0.0, -0.0], [-0.0, -0.0, -0.0, -0.0, 0, 0, 0, 0], [-0.0, -0.0, -0.0, 0, -0.0, 0, 0, 1.0], [-0.0, 0, -0.0, -0.0, 1.0, 0, -0.0, 0]], [[0, 0, 0, -0.0, 1.0, -0.0, -0.0, -0.0], [0, 0, 0, 0, -0.0, 1.0, -0.0, 0], [0, 0, 0, 0, 0, -0.0, -0.0, 1.0], [-0.0, 0, 0, 0, 0, -0.0, 0, 1.0], [-0.0, 1.0, 0, 0, 0, 0, -0.0, -0.0], [-0.0, -0.0, -0.0, 1.0, 0, 0, 0, 0], [-0.0, -0.0, 1.0, 0, -0.0, 0, 0, -0.0], [-0.0, 0, -0.0, -0.0, -0.0, 0, -0.0, 0]], [[0, 0, 0, -0.0, -0.0, -0.0, 1.0, -0.0], [0, 0, 0, 0, -0.0, -0.0, 1.0, 0], [0, 0, 0, 0, 0, 1.0, -0.0, -0.0], [1.0, 0, 0, 0, 0, -0.0, 0, -0.0], [-0.0, -0.0, 0, 0, 0, 0, -0.0, -0.0], [-0.0, -0.0, -0.0, -0.0, 0, 0, 0, 0], [-0.0, -0.0, -0.0, 0, 1.0, 0, 0, -0.0], [1.0, 0, -0.0, -0.0, -0.0, 0, -0.0, 0]]]",2.0,5,"['aaBBB', 'abBB', 'AbbBB', 'AbB', 'bbbbb']","{'aaBBB': [6], 'abBB': [4, 5], 'AbbBB': [0], 'AbB': [1, 2, 3], 'bbbbb': [7]}","[[[0, 0, 0, 0.0, 0.0, 0.0, -0.0, 0.0], [0, 0, 0, 0, 0.0, 0.0, -0.0, 0], [0, 0, 0, 0, 0, 0.0, -0.0, 0.0], [0.0, 0, 0, 0, 0, 0.0, 0, 0.0], [0.0, 1.0, 0, 0, 0, 0, -0.0, 0.0], [0.0, 0.0, 0.0, 1.0, 0, 0, 0, 0], [1.0, 0.0, 1.0, 0, 0.0, 0, 0, 0.0], [0.0, 0, 0.0, 0.0, 0.0, 0, -0.0, 0]], [[0, 0, 0, 0.0, 1.0, 1.0, 0.0, 0.0], [0, 0, 0, 0, 0.0, 0.0, 1.0, 0], [0, 0, 0, 0, 0, 1.0, 0.0, 0.0], [1.0, 0, 0, 0, 0, 0.0, 0, 0.0], [0.0, 0.0, 0, 0, 0, 0, 1.0, 0.0], [0.0, 1.0, 0.0, 0.0, 0, 0, 0, 0], [-0.0, -0.0, -0.0, 0, -0.0, 0, 0, -0.0], [1.0, 0, 1.0, 1.0, 1.0, 0, 1.0, 0]]]",False,107.29684789199382,2928.1199442679062
GCvdm{,5,5,2.0,"['abBBB', 'AAAbBB', 'bbbB', 'bbB', 'bb']","{'abBBB': [0, 5, 6], 'AAAbBB': [7], 'bbbB': [3, 4], 'bbB': [1], 'bb': [2]}","[[[0, 0, 0, 0, 0, 0, 0, 1], [0, 0, 0, 0, 0, 0, 0, 0], [0, 0, 0, 0, 0, 0, 0, 0], [0, 0, 0, 0, 0, 0, 0, 0], [0, 0, 0, 0, 0, 0, 0, 0], [0, 0, 0, 0, 0, 0, 0, 1], [0, 0, 0, 0, 0, 0, 0, 1], [0, 0, 0, 0, 0, 0, 0, 0]], [[0, 0, 0, 0, 0, 1, 0, 0], [0, 0, 0, 0, 0, 1, 0, 1], [0, 0, 0, 0, 0, 1, 1, 0], [1, 0, 0, 0, 0, 0, 1, 1], [1, 1, 0, 1, 0, 0, 0, 0], [0, 0, 0, 0, 0, 0, 1, 0], [1, 0, 0, 0, 0, 0, 0, 0], [0, 0, 0, 0, 1, 0, 0, 0]]]",2.0,5,,,,True,48.52346852328628,353.2337687741965
GCvdn[,5,4,2.0,"['aBB', 'AAbB', 'AbBBBB', 'bbbbB']","{'aBB': [1, 2, 3], 'AAbB': [4], 'AbBBBB': [7], 'bbbbB': [0, 5, 6]}","[[[0, 0, 0, 0, 0, 0, 0, 0], [0, 0, 0, 0, 1, 0, 0, 0], [0, 0, 0, 0, 0, 0, 0, 1], [0, 0, 0, 0, 1, 0, 0, 0], [0, 0, 0, 0, 0, 0, 0, 0], [0, 0, 0, 0, 0, 0, 0, 0], [0, 0, 0, 0, 0, 0, 0, 0], [0, 0, 0, 0, 0, 0, 0, 0]], [[0, 0, 0, 1, 1, 1, 0, 1], [0, 0, 0, 0, 0, 0, 0, 0], [0, 0, 0, 0, 0, 0, 0, 0], [0, 0, 0, 0, 0, 0, 0, 0], [0, 0, 0, 0, 0, 0, 0, 1], [0, 1, 1, 0, 0, 0, 1, 1], [1, 0, 1, 1, 0, 0, 0, 1], [0, 1, 0, 0, 0, 0, 0, 0]]]",2.0,4,,,,True,3.636750049889088,360.2692657690495
GCvdnk,5,4,2.0,"['aBBB', 'AbBBBB', 'bbbBB', 'bbB']","{'aBBB': [3], 'AbBBBB': [7], 'bbbBB': [0, 5, 6], 'bbB': [1, 2, 4]}","[[[0, 0, 0, 0, 0, 0, 0, 0], [0, 0, 0, 0, 0, 0, 0, 0], [0, 0, 0, 0, 0, 0, 0, 0], [0, 0, 0, 0, 0, 0, 0, 1], [0, 0, 0, 0, 0, 0, 0, 0], [0, 0, 0, 0, 0, 0, 0, 0], [0, 0, 0, 0, 0, 0, 0, 0], [0, 0, 0, 0, 0, 0, 0, 0]], [[0, 0, 0, 1, 1, 0, 1, 0], [0, 0, 0, 0, 0, 1, 0, 1], [0, 0, 0, 0, 0, 1, 0, 1], [0, 0, 0, 0, 0, 0, 0, 0], [0, 1, 0, 1, 0, 0, 0, 0], [1, 0, 0, 0, 0, 0, 1, 1], [0, 0, 1, 1, 0, 0, 0, 1], [1, 0, 0, 0, 0, 0, 0, 0]]]",2.0,4,,,,True,2.844600765965879,352.42548015061766
GCvdns,5,4,2.0,"['abBB', 'abB', 'AAbBB', 'Abbbbb']","{'abBB': [3, 4, 5], 'abB': [1, 2], 'AAbBB': [0, 6], 'Abbbbb': [7]}","[[[0, 0, 0, 0, 0, 0, 0, 0], [0, 0, 0, 0, 0, 0, 0, 1], [0, 0, 0, 0, 0, 0, 1, 0], [1, 0, 0, 0, 0, 0, 0, 0], [1, 0, 0, 0, 0, 0, 0, 0], [0, 0, 0, 0, 0, 0, 1, 0], [0, 0, 0, 0, 0, 0, 0, 0], [0, 0, 0, 0, 0, 0, 0, 0]], [[0, 0, 0, 0, 0, 1, 0, 0], [0, 0, 0, 0, 1, 0, 0, 0], [0, 0, 0, 0, 0, 1, 0, 0], [0, 0, 0, 0, 0, 0, 1, 0], [0, 0, 0, 1, 0, 0, 0, 0], [0, 1, 0, 0, 0, 0, 0, 0], [1, 0, 0, 0, 0, 0, 0, 0], [1, 0, 1, 1, 1, 0, 1, 0]]]",2.0,4,,,,True,9.364465160295367,373.5629002042115
GCvdnw,5,4,2.0,"['abBB', 'abB', 'AAbBB', 'Abbbbb']","{'abBB': [3, 4, 6], 'abB': [1, 2], 'AAbBB': [0, 5], 'Abbbbb': [7]}","[[[0, 0, 0, 0, 0, 0, 0, 0], [0, 0, 0, 0, 0, 0, 0, 1], [0, 0, 0, 0, 0, 1, 0, 0], [1, 0, 0, 0, 0, 0, 0, 0], [1, 0, 0, 0, 0, 0, 0, 0], [0, 0, 0, 0, 0, 0, 0, 0], [0, 0, 0, 0, 0, 1, 0, 0], [0, 0, 0, 0, 0, 0, 0, 0]], [[0, 0, 0, 0, 0, 0, 1, 0], [0, 0, 0, 0, 0, 1, 0, 0], [0, 0, 0, 0, 0, 0, 1, 0], [0, 0, 0, 0, 1, 0, 0, 0], [0, 1, 0, 0, 0, 0, 0, 0], [1, 0, 0, 0, 0, 0, 0, 0], [0, 0, 0, 1, 0, 0, 0, 0], [1, 0, 1, 1, 1, 1, 0, 0]]]",2.0,4,,,,True,7.909816708415747,333.311211601831
GCvdn{,5,4,2.0,"['abBB', 'AAbBBBB', 'bbbBB', 'bbB']","{'abBB': [3, 4], 'AAbBBBB': [7], 'bbbBB': [0, 5, 6], 'bbB': [1, 2]}","[[[0, 0, 0, 0, 0, 0, 0, 0], [0, 0, 0, 0, 0, 0, 0, 0], [0, 0, 0, 0, 0, 0, 0, 0], [0, 0, 0, 0, 0, 0, 0, 1], [0, 0, 0, 0, 0, 0, 0, 1], [0, 0, 0, 0, 0, 0, 0, 0], [0, 0, 0, 0, 0, 0, 0, 0], [0, 0, 0, 0, 0, 0, 0, 0]], [[0, 0, 0, 1, 1, 0, 0, 1], [0, 0, 0, 0, 0, 1, 0, 1], [0, 0, 0, 0, 0, 1, 1, 0], [0, 0, 0, 0, 1, 0, 0, 0], [0, 1, 0, 0, 0, 0, 0, 0], [1, 0, 0, 0, 0, 0, 1, 1], [1, 0, 0, 1, 0, 0, 0, 1], [0, 0, 1, 0, 0, 0, 0, 0]]]",2.0,4,,,,True,7.059586234390736,606.492234075442
GCvdq{,5,4,2.0,"['abBB', 'aB', 'AbbbB', 'ABB']","{'abBB': [0, 3, 5], 'aB': [2], 'AbbbB': [4, 6, 7], 'ABB': [1]}","[[[0, 0, 0, 0, 1, 0, 0, 0], [0, 0, 0, 0, 0, 0, 0, 0], [0, 0, 0, 0, 0, 0, 1, 0], [0, 0, 0, 0, 0, 0, 0, 1], [0, 0, 0, 0, 0, 0, 0, 0], [0, 1, 0, 0, 0, 0, 0, 0], [0, 0, 0, 0, 0, 0, 0, 0], [0, 0, 0, 0, 0, 0, 0, 0]], [[0, 0, 0, 0, 0, 1, 0, 0], [0, 0, 0, 0, 0, 0, 0, 0], [0, 0, 0, 0, 0, 0, 0, 0], [1, 0, 0, 0, 0, 0, 0, 0], [0, 1, 0, 1, 0, 0, 1, 0], [0, 0, 1, 0, 0, 0, 0, 0], [1, 0, 0, 1, 0, 0, 0, 1], [0, 1, 0, 0, 1, 1, 0, 0]]]",2.0,4,,,,True,2.9363101180642843,160.10822285711765
GCvdr[,5,4,2.0,"['aBB', 'AAbB', 'ABBB', 'bbbbB']","{'aBB': [1, 2, 3], 'AAbB': [5], 'ABBB': [0], 'bbbbB': [4, 6, 7]}","[[[0, 0, 0, 0, 0, 0, 0, 0], [0, 0, 0, 0, 0, 1, 0, 0], [0, 0, 0, 0, 0, 1, 0, 0], [1, 0, 0, 0, 0, 0, 0, 0], [0, 0, 0, 0, 0, 0, 0, 0], [0, 0, 0, 0, 0, 0, 0, 0], [0, 0, 0, 0, 0, 0, 0, 0], [0, 0, 0, 0, 0, 0, 0, 0]], [[0, 0, 0, 0, 0, 0, 0, 0], [0, 0, 0, 0, 0, 0, 0, 0], [0, 0, 0, 0, 0, 0, 0, 0], [0, 0, 0, 0, 0, 0, 0, 0], [1, 1, 0, 1, 0, 0, 1, 0], [1, 0, 0, 0, 0, 0, 0, 0], [1, 0, 1, 1, 0, 0, 0, 1], [0, 1, 1, 0, 1, 1, 0, 0]]]",2.0,4,,,,True,10.022987340576949,146.9272516677156
GCvdrs,5,4,2.0,"['aBBB', 'ABBB', 'bbbBB', 'bbB']","{'aBBB': [3], 'ABBB': [0], 'bbbBB': [4, 6, 7], 'bbB': [1, 2, 5]}","[[[0, 0, 0, 0, 0, 0, 0, 0], [0, 0, 0, 0, 0, 0, 0, 0], [0, 0, 0, 0, 0, 0, 0, 0], [1, 0, 0, 0, 0, 0, 0, 0], [0, 0, 0, 0, 0, 0, 0, 0], [0, 0, 0, 0, 0, 0, 0, 0], [0, 0, 0, 0, 0, 0, 0, 0], [0, 0, 0, 0, 0, 0, 0, 0]], [[0, 0, 0, 0, 0, 0, 0, 0], [0, 0, 0, 0, 1, 1, 0, 0], [0, 0, 0, 0, 0, 0, 1, 1], [0, 0, 0, 0, 0, 0, 0, 0], [1, 0, 0, 1, 0, 0, 0, 1], [1, 0, 1, 0, 0, 0, 0, 0], [1, 0, 0, 1, 1, 0, 0, 0], [0, 1, 0, 1, 0, 0, 1, 0]]]",2.0,4,,,,True,4.842418860644102,125.44312590640038
GCvdrw,5,4,2.0,"['abBB', 'AbbbB', 'Abb', 'ABB']","{'abBB': [0, 3, 5, 6], 'AbbbB': [4, 7], 'Abb': [2], 'ABB': [1]}","[[[0, 0, 0, 0, 1, 0, 0, 0], [0, 0, 0, 0, 0, 0, 0, 0], [0, 0, 0, 0, 0, 0, 0, 0], [0, 0, 0, 0, 0, 0, 0, 1], [0, 0, 0, 0, 0, 0, 0, 0], [0, 1, 0, 0, 0, 0, 0, 0], [0, 0, 1, 0, 0, 0, 0, 0], [0, 0, 0, 0, 0, 0, 0, 0]], [[0, 0, 0, 1, 0, 0, 0, 0], [0, 0, 0, 0, 0, 0, 0, 0], [0, 0, 0, 0, 0, 1, 0, 1], [0, 0, 0, 0, 0, 0, 1, 0], [0, 1, 0, 1, 0, 0, 1, 0], [1, 0, 0, 0, 0, 0, 0, 0], [1, 0, 0, 0, 0, 0, 0, 0], [0, 1, 0, 0, 1, 1, 0, 0]]]",2.0,4,,,,True,40.8878459604457,76.52002283371985
GCrvT{,3,4,2.0,"['aac', 'aAAAc', 'aAAC', 'aCCCCC']","{'aac': [1, 2, 3], 'aAAAc': [0, 5, 6], 'aAAC': [4], 'aCCCCC': [7]}","[[[0, 0, 0, -0.0, 1.0, -0.0, -0.0, -0.0], [0, 0, 0, 0, -0.0, 1.0, 1.0, 0], [0, 0, 0, 0, 0, 1.0, 1.0, -0.0], [1.0, 0, 0, 0, 0, 1.0, 0, -0.0], [-0.0, -0.0, 0, 0, 0, 0, 1.0, -0.0], [1.0, -0.0, -0.0, -0.0, 0, 0, 0, -0.0], [1.0, -0.0, -0.0, 0, -0.0, 0, 0, -0.0], [-0.0, 0, -0.0, -0.0, 1.0, -0.0, -0.0, 0]], [[0, 0, 0, -0.0, -0.0, -0.0, -0.0, -0.0], [0, 0, 0, 0, -0.0, -0.0, -0.0, 0], [0, 0, 0, 0, 0, -0.0, -0.0, -0.0], [-0.0, 0, 0, 0, 0, -0.0, 0, -0.0], [-0.0, -0.0, 0, 0, 0, 0, -0.0, -0.0], [-0.0, -0.0, -0.0, -0.0, 0, 0, 0, -0.0], [-0.0, -0.0, -0.0, 0, -0.0, 0, 0, -0.0], [-0.0, 0, -0.0, -0.0, -0.0, -0.0, -0.0, 0]], [[0, 0, 0, -0.0, -0.0, -0.0, -0.0, 1.0], [0, 0, 0, 0, 1.0, -0.0, -0.0, 0], [0, 0, 0, 0, 0, -0.0, -0.0, 1.0], [-0.0, 0, 0, 0, 0, -0.0, 0, 1.0], [-0.0, -0.0, 0, 0, 0, 0, -0.0, -0.0], [-0.0, -0.0, -0.0, -0.0, 0, 0, 0, 1.0], [-0.0, -0.0, -0.0, 0, -0.0, 0, 0, 1.0], [-0.0, 0, -0.0, -0.0, -0.0, -0.0, -0.0, 0]]]",2.0,4,,,,True,2.733241493813693,574.5674263816327
GCvdr{,5,4,2.0,"['abBB', 'abB', 'AAbBB', 'Abbbbb']","{'abBB': [0, 3, 5], 'abB': [1, 2], 'AAbBB': [4, 6], 'Abbbbb': [7]}","[[[0, 0, 0, 0, 0, 0, 1, 0], [0, 0, 0, 0, 1, 0, 0, 0], [0, 0, 0, 0, 0, 0, 1, 0], [0, 0, 0, 0, 1, 0, 0, 0], [0, 0, 0, 0, 0, 0, 0, 0], [0, 0, 0, 0, 0, 0, 0, 1], [0, 0, 0, 0, 0, 0, 0, 0], [0, 0, 0, 0, 0, 0, 0, 0]], [[0, 0, 0, 1, 0, 0, 0, 0], [0, 0, 0, 0, 0, 1, 0, 0], [0, 0, 0, 0, 0, 1, 0, 0], [0, 0, 0, 0, 0, 0, 1, 0], [1, 0, 0, 0, 0, 0, 0, 0], [1, 0, 0, 0, 0, 0, 0, 0], [0, 0, 0, 0, 1, 0, 0, 0], [0, 1, 1, 1, 1, 0, 1, 0]]]",2.0,4,,,,True,7.987517026253045,265.4018961582333
GCvdu{,5,5,2.0,"['abBBB', 'AAAbBB', 'bbbB', 'bbB', 'bb']","{'abBBB': [0, 4, 6], 'AAAbBB': [7], 'bbbB': [3, 5], 'bbB': [1], 'bb': [2]}","[[[0, 0, 0, 0, 0, 0, 0, 1], [0, 0, 0, 0, 0, 0, 0, 0], [0, 0, 0, 0, 0, 0, 0, 0], [0, 0, 0, 0, 0, 0, 0, 0], [0, 0, 0, 0, 0, 0, 0, 1], [0, 0, 0, 0, 0, 0, 0, 0], [0, 0, 0, 0, 0, 0, 0, 1], [0, 0, 0, 0, 0, 0, 0, 0]], [[0, 0, 0, 0, 0, 0, 1, 0], [0, 0, 0, 0, 1, 0, 0, 1], [0, 0, 0, 0, 0, 1, 1, 0], [1, 0, 0, 0, 1, 0, 1, 0], [1, 0, 0, 0, 0, 0, 0, 0], [1, 1, 0, 0, 0, 0, 0, 1], [0, 0, 0, 0, 1, 0, 0, 0], [0, 0, 0, 1, 0, 0, 0, 0]]]",2.0,5,,,,True,64.57452486082911,322.14284197986126
GCvdvS,5,3,2.0,"['abBBB', 'AAAbb', 'bbB']","{'abBBB': [0, 6, 7], 'AAAbb': [4], 'bbB': [1, 2, 3, 5]}","[[[0, 0, 0, 0, 1, 0, 0, 0], [0, 0, 0, 0, 0, 0, 0, 0], [0, 0, 0, 0, 0, 0, 0, 0], [0, 0, 0, 0, 0, 0, 0, 0], [0, 0, 0, 0, 0, 0, 0, 0], [0, 0, 0, 0, 0, 0, 0, 0], [0, 0, 0, 0, 1, 0, 0, 0], [0, 0, 0, 0, 1, 0, 0, 0]], [[0, 0, 0, 0, 0, 0, 1, 0], [0, 0, 0, 0, 0, 1, 0, 1], [0, 0, 0, 0, 0, 0, 1, 1], [1, 0, 0, 0, 0, 0, 1, 0], [0, 1, 0, 1, 0, 0, 0, 0], [1, 0, 1, 0, 0, 0, 0, 0], [0, 0, 0, 0, 0, 0, 0, 1], [1, 0, 0, 0, 0, 0, 0, 0]]]",2.0,3,,,,True,3.956054425798357,53.43982392828912
GCvdv[,5,4,2.0,"['aBBB', 'AbBBBB', 'bbbBB', 'bbB']","{'aBBB': [5], 'AbBBBB': [7], 'bbbBB': [0, 4, 6], 'bbB': [1, 2, 3]}","[[[0, 0, 0, 0, 0, 0, 0, 0], [0, 0, 0, 0, 0, 0, 0, 0], [0, 0, 0, 0, 0, 0, 0, 0], [0, 0, 0, 0, 0, 0, 0, 0], [0, 0, 0, 0, 0, 0, 0, 0], [0, 0, 0, 0, 0, 0, 0, 1], [0, 0, 0, 0, 0, 0, 0, 0], [0, 0, 0, 0, 0, 0, 0, 0]], [[0, 0, 0, 0, 1, 1, 0, 1], [0, 0, 0, 0, 0, 1, 0, 1], [0, 0, 0, 0, 0, 1, 1, 0], [1, 0, 0, 0, 0, 0, 1, 0], [0, 1, 0, 1, 0, 0, 0, 1], [0, 0, 0, 0, 0, 0, 0, 0], [1, 0, 0, 0, 1, 0, 0, 1], [0, 0, 1, 0, 0, 0, 0, 0]]]",2.0,4,,,,True,3.1084395311772823,284.22657382581383
GCvdvs,5,4,2.0,"['aBBB', 'AbBBBB', 'bbbBB', 'bbB']","{'aBBB': [3], 'AbBBBB': [7], 'bbbBB': [0, 4, 6], 'bbB': [1, 2, 5]}","[[[0, 0, 0, 0, 0, 0, 0, 0], [0, 0, 0, 0, 0, 0, 0, 0], [0, 0, 0, 0, 0, 0, 0, 0], [0, 0, 0, 0, 0, 0, 0, 1], [0, 0, 0, 0, 0, 0, 0, 0], [0, 0, 0, 0, 0, 0, 0, 0], [0, 0, 0, 0, 0, 0, 0, 0], [0, 0, 0, 0, 0, 0, 0, 0]], [[0, 0, 0, 1, 0, 1, 0, 1], [0, 0, 0, 0, 1, 0, 0, 1], [0, 0, 0, 0, 0, 0, 1, 1], [0, 0, 0, 0, 0, 0, 0, 0], [1, 0, 0, 1, 0, 0, 0, 1], [0, 1, 1, 0, 0, 0, 0, 0], [1, 0, 0, 1, 1, 0, 0, 0], [0, 0, 0, 0, 0, 0, 1, 0]]]",2.0,4,,,,True,5.286046394146979,263.5963688213378
GCvdvw,5,4,2.0,"['abBB', 'aBBBBB', 'AbbbB', 'Abb']","{'abBB': [3, 5, 6], 'aBBBBB': [7], 'AbbbB': [0, 4], 'Abb': [1, 2]}","[[[0, 0, 0, 0, 0, 0, 0, 0], [0, 0, 0, 0, 0, 0, 0, 0], [0, 0, 0, 0, 0, 0, 0, 0], [1, 0, 0, 0, 0, 0, 0, 0], [0, 0, 0, 0, 0, 0, 0, 0], [0, 1, 0, 0, 0, 0, 0, 0], [0, 0, 1, 0, 0, 0, 0, 0], [0, 0, 0, 0, 1, 0, 0, 0]], [[0, 0, 0, 0, 0, 1, 1, 1], [0, 0, 0, 0, 1, 0, 0, 1], [0, 0, 0, 0, 0, 1, 0, 1], [0, 0, 0, 0, 0, 0, 0, 1], [1, 0, 0, 1, 0, 0, 1, 0], [0, 0, 0, 0, 0, 0, 0, 1], [0, 0, 0, 1, 0, 0, 0, 0], [0, 0, 0, 0, 0, 0, 0, 0]]]",2.0,4,,,,True,8.987683878280222,275.2530766976997
GCvdv{,5,4,2.0,"['aBBB', 'AABBBBB', 'bbbbB', 'bbB']","{'aBBB': [3, 5], 'AABBBBB': [7], 'bbbbB': [0, 4, 6], 'bbB': [1, 2]}","[[[0, 0, 0, 0, 0, 0, 0, 0], [0, 0, 0, 0, 0, 0, 0, 0], [0, 0, 0, 0, 0, 0, 0, 0], [0, 0, 0, 0, 0, 0, 0, 1], [0, 0, 0, 0, 0, 0, 0, 0], [0, 0, 0, 0, 0, 0, 0, 1], [0, 0, 0, 0, 0, 0, 0, 0], [0, 0, 0, 0, 0, 0, 0, 0]], [[0, 0, 0, 1, 1, 1, 0, 1], [0, 0, 0, 0, 0, 1, 0, 1], [0, 0, 0, 0, 0, 1, 0, 1], [0, 0, 0, 0, 0, 0, 0, 0], [0, 1, 0, 1, 0, 0, 1, 1], [0, 0, 0, 0, 0, 0, 0, 0], [1, 0, 1, 1, 0, 0, 0, 1], [0, 0, 0, 0, 0, 0, 0, 0]]]",2.0,4,,,,True,5.447297015227377,502.10297970846295
GCvdz{,5,5,2.0,"['aBBB', 'aBB', 'AbbBBB', 'AbBB', 'bbbbb']","{'aBBB': [3], 'aBB': [1, 2], 'AbbBBB': [6, 7], 'AbBB': [0], 'bbbbb': [4, 5]}","[[[0, 0, 0, 0, 0, 0, 0, 0], [0, 0, 0, 0, 0, 0, 0, 1], [0, 0, 0, 0, 0, 0, 1, 0], [1, 0, 0, 0, 0, 0, 0, 0], [0, 0, 0, 0, 0, 0, 0, 0], [0, 0, 0, 0, 0, 0, 0, 0], [0, 0, 0, 0, 0, 0, 0, 0], [0, 0, 0, 0, 0, 0, 0, 0]], [[0, 0, 0, 0, 0, 0, 1, 0], [0, 0, 0, 0, 0, 0, 0, 0], [0, 0, 0, 0, 0, 0, 0, 0], [0, 0, 0, 0, 0, 0, 0, 0], [1, 1, 0, 1, 0, 0, 1, 1], [1, 1, 1, 0, 0, 0, 1, 1], [0, 0, 0, 1, 0, 0, 0, 1], [0, 0, 1, 1, 0, 0, 0, 0]]]",2.0,5,,,,True,18327.177724830806,356.0013456884772
GCvd|{,5,5,2.0,"['abb', 'abBBB', 'AbbbBB', 'AbbB', 'Ab']","{'abb': [2], 'abBBB': [0, 4, 5], 'AbbbBB': [6, 7], 'AbbB': [3], 'Ab': [1]}","[[[0, 0, 0, 1, 0, 0, 0, 0], [0, 0, 0, 0, 0, 0, 0, 0], [0, 0, 0, 0, 0, 0, 1, 0], [0, 0, 0, 0, 0, 0, 0, 0], [0, 1, 0, 0, 0, 0, 0, 0], [0, 0, 0, 0, 0, 0, 0, 1], [0, 0, 0, 0, 0, 0, 0, 0], [0, 0, 0, 0, 0, 0, 0, 0]], [[0, 0, 0, 0, 1, 0, 0, 0], [0, 0, 0, 0, 0, 1, 0, 0], [0, 0, 0, 0, 0, 1, 0, 1], [0, 0, 0, 0, 0, 0, 1, 1], [0, 0, 0, 1, 0, 0, 0, 0], [1, 0, 0, 0, 0, 0, 0, 0], [1, 0, 0, 0, 1, 1, 0, 0], [1, 0, 0, 0, 1, 0, 1, 0]]]",2.0,5,,,,True,62.414842708967626,347.1407555229962
GCvd}{,5,5,2.0,"['abb', 'abBBB', 'AbbbBB', 'AbbB', 'Ab']","{'abb': [1], 'abBBB': [0, 4, 5], 'AbbbBB': [6, 7], 'AbbB': [3], 'Ab': [2]}","[[[0, 0, 0, 1, 0, 0, 0, 0], [0, 0, 0, 0, 0, 0, 0, 1], [0, 0, 0, 0, 0, 0, 0, 0], [0, 0, 0, 0, 0, 0, 0, 0], [0, 0, 0, 0, 0, 0, 1, 0], [0, 0, 1, 0, 0, 0, 0, 0], [0, 0, 0, 0, 0, 0, 0, 0], [0, 0, 0, 0, 0, 0, 0, 0]], [[0, 0, 0, 0, 0, 0, 1, 0], [0, 0, 0, 0, 1, 1, 0, 0], [0, 0, 0, 0, 0, 0, 1, 0], [0, 0, 0, 0, 1, 0, 0, 1], [1, 0, 0, 0, 0, 0, 0, 0], [1, 0, 0, 0, 0, 0, 0, 0], [0, 0, 0, 1, 0, 1, 0, 1], [1, 0, 0, 0, 1, 1, 0, 0]]]",2.0,5,,,,True,71.53674242924899,345.93221046961844
GCrvU[,5,4,2.0,"['abBB', 'aB', 'AbbbB', 'AbBBB']","{'abBB': [1, 4], 'aB': [2, 3], 'AbbbB': [0, 5, 6], 'AbBBB': [7]}","[[[0, 0, 0, 0, 0, 0, 0, 0], [0, 0, 0, 0, 0, 0, 1, 0], [0, 0, 0, 0, 0, 1, 0, 0], [1, 0, 0, 0, 0, 0, 0, 0], [0, 0, 0, 0, 0, 0, 0, 1], [0, 0, 0, 0, 0, 0, 0, 0], [0, 0, 0, 0, 0, 0, 0, 0], [0, 0, 0, 0, 0, 0, 0, 0]], [[0, 0, 0, 0, 1, 1, 1, 0], [0, 0, 0, 0, 0, 0, 0, 1], [0, 0, 0, 0, 0, 0, 0, 0], [0, 0, 0, 0, 0, 0, 0, 0], [0, 1, 0, 0, 0, 0, 0, 0], [0, 1, 0, 1, 0, 0, 0, 1], [0, 0, 1, 0, 1, 0, 0, 1], [1, 0, 0, 0, 0, 0, 0, 0]]]",2.0,4,,,,True,38.944254687055945,92.85522827040404
GCvd~[,5,4,2.0,"['aBB', 'AbbBBB', 'AbBBB', 'bbbbb']","{'aBB': [1, 2, 3], 'AbbBBB': [6, 7], 'AbBBB': [0], 'bbbbb': [4, 5]}","[[[0, 0, 0, 0, 0, 0, 0, 0], [0, 0, 0, 0, 0, 0, 0, 1], [0, 0, 0, 0, 0, 0, 1, 0], [1, 0, 0, 0, 0, 0, 0, 0], [0, 0, 0, 0, 0, 0, 0, 0], [0, 0, 0, 0, 0, 0, 0, 0], [0, 0, 0, 0, 0, 0, 0, 0], [0, 0, 0, 0, 0, 0, 0, 0]], [[0, 0, 0, 0, 0, 0, 1, 0], [0, 0, 0, 0, 0, 0, 0, 0], [0, 0, 0, 0, 0, 0, 0, 0], [0, 0, 0, 0, 0, 0, 0, 0], [1, 1, 0, 1, 0, 0, 1, 1], [1, 1, 1, 0, 0, 0, 1, 1], [0, 0, 0, 1, 0, 0, 0, 1], [1, 0, 1, 0, 0, 0, 0, 0]]]",2.0,4,,,,True,5.8776778327301145,212.63962500635532
GCvd~k,5,5,2.0,"['abBB', 'AbbBBB', 'bbbbB', 'bbb', 'BBBBB']","{'abBB': [3, 4], 'AbbBBB': [6, 7], 'bbbbB': [0], 'bbb': [1, 2], 'BBBBB': [5]}","[[[0, 0, 0, 0, 0, 0, 0, 0], [0, 0, 0, 0, 0, 0, 0, 0], [0, 0, 0, 0, 0, 0, 0, 0], [0, 0, 0, 0, 0, 0, 0, 1], [0, 0, 0, 0, 0, 0, 1, 0], [0, 0, 0, 0, 0, 0, 0, 0], [0, 0, 0, 0, 0, 0, 0, 0], [0, 0, 0, 0, 0, 0, 0, 0]], [[0, 0, 0, 1, 0, 1, 1, 1], [0, 0, 0, 0, 1, 1, 0, 1], [0, 0, 0, 0, 0, 1, 1, 1], [0, 0, 0, 0, 1, 0, 0, 0], [1, 0, 0, 0, 0, 0, 0, 0], [0, 0, 0, 0, 0, 0, 0, 0], [0, 0, 0, 1, 0, 1, 0, 0], [0, 0, 0, 0, 0, 1, 1, 0]]]",2.0,5,,,,True,16408.370078097098,432.4135810509324
GCvd~s,5,5,2.0,"['aBBB', 'AbbBBB', 'ABBBBB', 'bbbbB', 'bbb']","{'aBBB': [3, 5], 'AbbBBB': [6], 'ABBBBB': [7], 'bbbbB': [0, 4], 'bbb': [1, 2]}","[[[0, 0, 0, 0, 0, 0, 0, 0], [0, 0, 0, 0, 0, 0, 0, 0], [0, 0, 0, 0, 0, 0, 0, 0], [0, 0, 0, 0, 0, 0, 0, 1], [0, 0, 0, 0, 0, 0, 0, 0], [0, 0, 0, 0, 0, 0, 1, 0], [0, 0, 0, 0, 0, 0, 0, 0], [0, 0, 0, 0, 0, 0, 0, 0]], [[0, 0, 0, 1, 0, 1, 1, 1], [0, 0, 0, 0, 1, 1, 0, 1], [0, 0, 0, 0, 0, 1, 1, 1], [0, 0, 0, 0, 0, 0, 0, 0], [1, 0, 0, 1, 0, 0, 1, 1], [0, 0, 0, 0, 0, 0, 0, 0], [0, 0, 0, 1, 0, 0, 0, 1], [0, 0, 0, 0, 0, 0, 0, 0]]]",2.0,5,,,,True,23701.981519397348,354.4148197164759
GCvd~w,5,4,2.0,"['aBBB', 'AbBBBB', 'bbbBB', 'bbB']","{'aBBB': [3], 'AbBBBB': [7], 'bbbBB': [0, 4, 5, 6], 'bbB': [1, 2]}","[[[0, 0, 0, 0, 0, 0, 0, 0], [0, 0, 0, 0, 0, 0, 0, 0], [0, 0, 0, 0, 0, 0, 0, 0], [0, 0, 0, 0, 0, 0, 0, 1], [0, 0, 0, 0, 0, 0, 0, 0], [0, 0, 0, 0, 0, 0, 0, 0], [0, 0, 0, 0, 0, 0, 0, 0], [0, 0, 0, 0, 0, 0, 0, 0]], [[0, 0, 0, 1, 0, 0, 1, 1], [0, 0, 0, 0, 1, 0, 0, 1], [0, 0, 0, 0, 0, 1, 0, 1], [0, 0, 0, 0, 0, 0, 0, 0], [1, 0, 0, 1, 0, 0, 1, 0], [1, 1, 0, 0, 0, 0, 0, 1], [0, 0, 1, 1, 0, 1, 0, 0], [0, 0, 0, 0, 1, 0, 0, 0]]]",2.0,4,,,,True,3.2127107242122293,258.8464846108109
GCvd~{,5,5,2.0,"['aBBB', 'AbBBBB', 'bbbbBBB', 'bbbBB', 'bbB']","{'aBBB': [3], 'AbBBBB': [6], 'bbbbBBB': [7], 'bbbBB': [0, 4, 5], 'bbB': [1, 2]}","[[[0, 0, 0, 0, 0, 0, 0, 0], [0, 0, 0, 0, 0, 0, 0, 0], [0, 0, 0, 0, 0, 0, 0, 0], [0, 0, 0, 0, 0, 0, 1, 0], [0, 0, 0, 0, 0, 0, 0, 0], [0, 0, 0, 0, 0, 0, 0, 0], [0, 0, 0, 0, 0, 0, 0, 0], [0, 0, 0, 0, 0, 0, 0, 0]], [[0, 0, 0, 1, 0, 0, 1, 1], [0, 0, 0, 0, 1, 0, 0, 1], [0, 0, 0, 0, 0, 1, 0, 1], [0, 0, 0, 0, 0, 0, 0, 0], [1, 0, 0, 1, 0, 0, 1, 0], [1, 1, 0, 0, 0, 0, 1, 0], [0, 0, 1, 0, 0, 0, 0, 0], [0, 0, 0, 1, 1, 1, 1, 0]]]",2.0,5,,,,True,29.640084735117853,813.1457188567147
GCveh{,5,4,2.0,"['abBB', 'aB', 'AbbbB', 'ABB']","{'abBB': [0, 3, 4], 'aB': [2], 'AbbbB': [5, 6, 7], 'ABB': [1]}","[[[0, 0, 0, 0, 0, 0, 1, 0], [0, 0, 0, 0, 0, 0, 0, 0], [0, 0, 0, 0, 0, 1, 0, 0], [0, 0, 0, 0, 0, 0, 0, 1], [0, 1, 0, 0, 0, 0, 0, 0], [0, 0, 0, 0, 0, 0, 0, 0], [0, 0, 0, 0, 0, 0, 0, 0], [0, 0, 0, 0, 0, 0, 0, 0]], [[0, 0, 0, 0, 1, 0, 0, 0], [0, 0, 0, 0, 0, 0, 0, 0], [0, 0, 0, 0, 0, 0, 0, 0], [1, 0, 0, 0, 0, 0, 0, 0], [0, 0, 0, 1, 0, 0, 0, 0], [1, 1, 0, 0, 0, 0, 1, 0], [0, 1, 0, 1, 0, 0, 0, 1], [0, 0, 1, 0, 1, 1, 0, 0]]]",2.0,4,,,,True,2.801413806155324,86.72321601770818
GCvejw,5,4,2.0,"['abBB', 'AAbBB', 'bbbb', 'bb']","{'abBB': [1, 3, 4, 6], 'AAbBB': [5, 7], 'bbbb': [0], 'bb': [2]}","[[[0, 0, 0, 0, 0, 0, 0, 0], [0, 0, 0, 0, 0, 1, 0, 0], [0, 0, 0, 0, 0, 0, 0, 0], [0, 0, 0, 0, 0, 0, 0, 1], [0, 0, 0, 0, 0, 0, 0, 1], [0, 0, 0, 0, 0, 0, 0, 0], [0, 0, 0, 0, 0, 1, 0, 0], [0, 0, 0, 0, 0, 0, 0, 0]], [[0, 0, 0, 1, 1, 1, 1, 0], [0, 0, 0, 0, 0, 0, 1, 0], [0, 0, 0, 0, 0, 1, 0, 1], [0, 0, 0, 0, 1, 0, 0, 0], [0, 1, 0, 0, 0, 0, 0, 0], [0, 0, 0, 0, 0, 0, 0, 1], [0, 0, 0, 1, 0, 0, 0, 0], [0, 1, 0, 0, 0, 0, 0, 0]]]",2.0,4,,,,True,10.015050197951496,24.629748981446028
GCvej{,5,4,2.0,"['abBB', 'aB', 'AAbbB', 'AbbbbB']","{'abBB': [0, 1, 3, 4], 'aB': [2], 'AAbbB': [5, 6], 'AbbbbB': [7]}","[[[0, 0, 0, 0, 0, 1, 0, 0], [0, 0, 0, 0, 0, 0, 1, 0], [0, 0, 0, 0, 0, 1, 0, 0], [0, 0, 0, 0, 0, 0, 1, 0], [0, 0, 0, 0, 0, 0, 0, 1], [0, 0, 0, 0, 0, 0, 0, 0], [0, 0, 0, 0, 0, 0, 0, 0], [0, 0, 0, 0, 0, 0, 0, 0]], [[0, 0, 0, 1, 0, 0, 0, 0], [0, 0, 0, 0, 1, 0, 0, 0], [0, 0, 0, 0, 0, 0, 0, 0], [0, 0, 0, 0, 1, 0, 0, 0], [1, 0, 0, 0, 0, 0, 0, 0], [0, 1, 0, 0, 0, 0, 1, 0], [1, 0, 0, 0, 0, 0, 0, 1], [0, 1, 1, 1, 0, 1, 0, 0]]]",2.0,4,,,,True,3.4104322539642453,120.47151013743132
GCvel{,5,5,2.0,"['abBB', 'aB', 'AAAbBB', 'bbbBB', 'bbB']","{'abBB': [3, 4], 'aB': [2], 'AAAbBB': [7], 'bbbBB': [0, 5, 6], 'bbB': [1]}","[[[0, 0, 0, 0, 0, 0, 0, 0], [0, 0, 0, 0, 0, 0, 0, 0], [0, 0, 0, 0, 0, 0, 0, 1], [0, 0, 0, 0, 0, 0, 0, 1], [0, 0, 0, 0, 0, 0, 0, 1], [0, 0, 0, 0, 0, 0, 0, 0], [0, 0, 0, 0, 0, 0, 0, 0], [0, 0, 0, 0, 0, 0, 0, 0]], [[0, 0, 0, 1, 0, 0, 1, 1], [0, 0, 0, 0, 1, 1, 0, 0], [0, 0, 0, 0, 0, 0, 0, 0], [0, 0, 0, 0, 1, 0, 0, 0], [1, 0, 0, 0, 0, 0, 0, 0], [1, 0, 1, 0, 0, 0, 1, 0], [0, 1, 0, 1, 0, 0, 0, 1], [0, 0, 0, 0, 0, 1, 0, 0]]]",2.0,5,,,,True,26.5665922369808,242.0126357190311
GCvemk,5,4,2.0,"['aBBB', 'AAb', 'bbbBB', 'b']","{'aBBB': [1, 3], 'AAb': [4], 'bbbBB': [0, 5, 6, 7], 'b': [2]}","[[[0, 0, 0, 0, 0, 0, 0, 0], [0, 0, 0, 0, 1, 0, 0, 0], [0, 0, 0, 0, 0, 0, 0, 0], [0, 0, 0, 0, 1, 0, 0, 0], [0, 0, 0, 0, 0, 0, 0, 0], [0, 0, 0, 0, 0, 0, 0, 0], [0, 0, 0, 0, 0, 0, 0, 0], [0, 0, 0, 0, 0, 0, 0, 0]], [[0, 0, 0, 1, 0, 0, 1, 1], [0, 0, 0, 0, 0, 0, 0, 0], [0, 0, 0, 0, 0, 1, 0, 0], [0, 0, 0, 0, 0, 0, 0, 0], [1, 0, 0, 0, 0, 0, 0, 0], [1, 1, 0, 0, 0, 0, 0, 1], [0, 1, 0, 1, 0, 1, 0, 0], [0, 1, 0, 1, 0, 0, 1, 0]]]",2.0,4,,,,True,0.9228272158652544,100.07486210670322
GCrvUk,5,4,3.0,"['abC', 'aBcc', 'aB', 'AbBcC']","{'abC': [3, 4], 'aBcc': [1], 'aB': [2], 'AbBcC': [0, 5, 6, 7]}","[[[0, 0, 0, 0, 0, 0, 0, 0], [0, 0, 0, 0, 0, 0, 0, 1], [0, 0, 0, 0, 0, 1, 0, 0], [1, 0, 0, 0, 0, 0, 0, 0], [0, 0, 0, 0, 0, 0, 1, 0], [0, 0, 0, 0, 0, 0, 0, 0], [0, 0, 0, 0, 0, 0, 0, 0], [0, 0, 0, 0, 0, 0, 0, 0]], [[0, 0, 0, 0, 0, 0, 1, 0], [0, 0, 0, 0, 0, 0, 0, 0], [0, 0, 0, 0, 0, 0, 0, 0], [0, 0, 0, 0, 0, 0, 0, 1], [1, 0, 0, 0, 0, 0, 0, 0], [0, 1, 0, 0, 0, 0, 0, 0], [0, 0, 1, 0, 0, 0, 0, 0], [0, 0, 0, 0, 0, 1, 0, 0]], [[0, 0, 0, 0, 0, 1, 0, 0], [0, 0, 0, 0, 1, 0, 1, 0], [0, 0, 0, 0, 0, 0, 0, 0], [0, 0, 0, 0, 0, 0, 0, 0], [0, 0, 0, 0, 0, 0, 0, 0], [0, 0, 0, 1, 0, 0, 0, 0], [0, 0, 0, 0, 0, 0, 0, 1], [1, 0, 0, 0, 0, 0, 0, 0]]]",2.0,5,"['abBB', 'aB', 'AABBB', 'bbbBB', 'bbB']","{'abBB': [1], 'aB': [2], 'AABBB': [6], 'bbbBB': [0, 5, 7], 'bbB': [3, 4]}","[[[0, 0, 0, 0, 0, 0, 0, 0], [0, 0, 0, 0, 0, 0, 1, 0], [0, 0, 0, 0, 0, 0, 1, 0], [0, 0, 0, 0, 0, 0, 0, 0], [0, 0, 0, 0, 0, 0, 0, 0], [0, 0, 0, 0, 0, 0, 0, 0], [0, 0, 0, 0, 0, 0, 0, 0], [0, 0, 0, 0, 0, 0, 0, 0]], [[0, 0, 0, 0, 0, 1, 1, 1], [0, 0, 0, 0, 1, 0, 0, 0], [0, 0, 0, 0, 0, 0, 0, 0], [1, 0, 0, 0, 0, 1, 0, 0], [1, 0, 0, 0, 0, 0, 1, 0], [0, 1, 1, 0, 0, 0, 0, 1], [0, 0, 0, 0, 0, 0, 0, 0], [0, 1, 0, 1, 0, 0, 1, 0]]]",False,242.30075597483665,376.2045052116737
GCvemw,5,4,2.0,"['abbb', 'abBBB', 'AAbB', 'A']","{'abbb': [4, 6], 'abBBB': [0, 5, 7], 'AAbB': [1, 3], 'A': [2]}","[[[0, 0, 0, 1, 0, 0, 0, 0], [0, 0, 0, 0, 0, 0, 0, 0], [0, 0, 0, 0, 0, 0, 0, 0], [0, 0, 0, 0, 0, 0, 0, 0], [0, 0, 0, 1, 0, 0, 0, 0], [0, 0, 1, 0, 0, 0, 0, 0], [0, 1, 0, 0, 0, 0, 0, 0], [0, 1, 0, 0, 0, 0, 0, 0]], [[0, 0, 0, 0, 0, 1, 0, 0], [0, 0, 0, 0, 0, 1, 0, 0], [0, 0, 0, 0, 0, 0, 0, 0], [0, 0, 0, 0, 0, 0, 0, 1], [1, 1, 0, 0, 0, 0, 0, 1], [0, 0, 0, 0, 0, 0, 0, 1], [1, 0, 0, 1, 0, 1, 0, 0], [1, 0, 0, 0, 0, 0, 0, 0]]]",2.0,4,,,,True,33.664721094071865,48.05845306068659
GCvem{,5,4,2.0,"['abBB', 'AAAbBB', 'bbbBB', 'b']","{'abBB': [1, 3, 4], 'AAAbBB': [7], 'bbbBB': [0, 5, 6], 'b': [2]}","[[[0, 0, 0, 0, 0, 0, 0, 0], [0, 0, 0, 0, 0, 0, 0, 1], [0, 0, 0, 0, 0, 0, 0, 0], [0, 0, 0, 0, 0, 0, 0, 1], [0, 0, 0, 0, 0, 0, 0, 1], [0, 0, 0, 0, 0, 0, 0, 0], [0, 0, 0, 0, 0, 0, 0, 0], [0, 0, 0, 0, 0, 0, 0, 0]], [[0, 0, 0, 1, 1, 0, 0, 1], [0, 0, 0, 0, 0, 1, 0, 0], [0, 0, 0, 0, 0, 1, 0, 0], [0, 0, 0, 0, 1, 0, 0, 0], [0, 1, 0, 0, 0, 0, 0, 0], [1, 0, 0, 0, 0, 0, 1, 1], [1, 1, 0, 1, 0, 0, 0, 0], [0, 0, 0, 0, 0, 0, 1, 0]]]",2.0,4,,,,True,3.0168653381988406,161.90079217031598
GCven[,5,5,2.0,"['abBB', 'aB', 'AAAbBB', 'bbbBB', 'bbB']","{'abBB': [1, 4], 'aB': [2], 'AAAbBB': [7], 'bbbBB': [0, 5, 6], 'bbB': [3]}","[[[0, 0, 0, 0, 0, 0, 0, 0], [0, 0, 0, 0, 0, 0, 0, 1], [0, 0, 0, 0, 0, 0, 0, 1], [0, 0, 0, 0, 0, 0, 0, 0], [0, 0, 0, 0, 0, 0, 0, 1], [0, 0, 0, 0, 0, 0, 0, 0], [0, 0, 0, 0, 0, 0, 0, 0], [0, 0, 0, 0, 0, 0, 0, 0]], [[0, 0, 0, 0, 1, 0, 1, 1], [0, 0, 0, 0, 1, 0, 0, 0], [0, 0, 0, 0, 0, 0, 0, 0], [1, 0, 0, 0, 0, 0, 1, 0], [0, 0, 0, 1, 0, 0, 0, 0], [1, 1, 1, 0, 0, 0, 0, 0], [0, 1, 0, 0, 0, 1, 0, 1], [0, 0, 0, 0, 0, 1, 0, 0]]]",2.0,5,,,,True,30.110174789093435,287.51003849320114
GCvenk,5,5,2.0,"['abBB', 'aB', 'AAAbBB', 'bbbBB', 'bbB']","{'abBB': [1, 3], 'aB': [2], 'AAAbBB': [7], 'bbbBB': [0, 5, 6], 'bbB': [4]}","[[[0, 0, 0, 0, 0, 0, 0, 0], [0, 0, 0, 0, 0, 0, 0, 1], [0, 0, 0, 0, 0, 0, 0, 1], [0, 0, 0, 0, 0, 0, 0, 1], [0, 0, 0, 0, 0, 0, 0, 0], [0, 0, 0, 0, 0, 0, 0, 0], [0, 0, 0, 0, 0, 0, 0, 0], [0, 0, 0, 0, 0, 0, 0, 0]], [[0, 0, 0, 1, 0, 1, 1, 0], [0, 0, 0, 0, 0, 0, 1, 0], [0, 0, 0, 0, 0, 0, 0, 0], [0, 0, 0, 0, 1, 0, 0, 0], [1, 1, 0, 0, 0, 0, 0, 0], [0, 1, 1, 0, 0, 0, 0, 1], [0, 0, 0, 1, 0, 1, 0, 1], [1, 0, 0, 0, 0, 0, 0, 0]]]",2.0,5,,,,True,44.60486057586968,252.2440093597397
GCveno,5,4,2.0,"['abBB', 'AbBB', 'AB', 'bbbbB']","{'abBB': [3, 4, 5], 'AbBB': [1, 6], 'AB': [2], 'bbbbB': [0, 7]}","[[[0, 0, 0, 0, 0, 0, 0, 0], [0, 0, 0, 0, 0, 0, 0, 0], [0, 0, 0, 0, 0, 0, 0, 0], [0, 0, 0, 0, 0, 0, 1, 0], [0, 1, 0, 0, 0, 0, 0, 0], [0, 0, 1, 0, 0, 0, 0, 0], [0, 0, 0, 0, 0, 0, 0, 0], [0, 0, 0, 0, 0, 0, 0, 0]], [[0, 0, 0, 1, 0, 1, 1, 1], [0, 0, 0, 0, 0, 0, 1, 0], [0, 0, 0, 0, 0, 0, 0, 0], [0, 0, 0, 0, 1, 0, 0, 0], [1, 0, 0, 0, 0, 0, 0, 0], [0, 1, 0, 0, 0, 0, 0, 0], [0, 0, 0, 0, 0, 1, 0, 0], [0, 1, 1, 1, 1, 0, 0, 0]]]",2.0,4,,,,True,10.76919909287244,27.96162681654096
GCvens,5,4,2.0,"['abBB', 'AAbBB', 'bbbbbB', 'bb']","{'abBB': [1, 3, 4, 5], 'AAbBB': [0, 6], 'bbbbbB': [7], 'bb': [2]}","[[[0, 0, 0, 0, 0, 0, 0, 0], [0, 0, 0, 0, 0, 0, 1, 0], [0, 0, 0, 0, 0, 0, 0, 0], [0, 0, 0, 0, 0, 0, 1, 0], [1, 0, 0, 0, 0, 0, 0, 0], [1, 0, 0, 0, 0, 0, 0, 0], [0, 0, 0, 0, 0, 0, 0, 0], [0, 0, 0, 0, 0, 0, 0, 0]], [[0, 0, 0, 1, 0, 0, 0, 0], [0, 0, 0, 0, 0, 1, 0, 0], [0, 0, 0, 0, 0, 1, 0, 1], [0, 0, 0, 0, 1, 0, 0, 0], [0, 1, 0, 0, 0, 0, 0, 0], [0, 0, 0, 0, 0, 0, 1, 0], [1, 0, 0, 0, 0, 0, 0, 0], [1, 1, 0, 1, 1, 0, 1, 0]]]",2.0,4,,,,True,3.640721954405308,117.71730783767998
GCvenw,5,4,2.0,"['abBB', 'AAbBB', 'bbbbbB', 'bb']","{'abBB': [1, 3, 4, 6], 'AAbBB': [0, 5], 'bbbbbB': [7], 'bb': [2]}","[[[0, 0, 0, 0, 0, 0, 0, 0], [0, 0, 0, 0, 0, 1, 0, 0], [0, 0, 0, 0, 0, 0, 0, 0], [1, 0, 0, 0, 0, 0, 0, 0], [1, 0, 0, 0, 0, 0, 0, 0], [0, 0, 0, 0, 0, 0, 0, 0], [0, 0, 0, 0, 0, 1, 0, 0], [0, 0, 0, 0, 0, 0, 0, 0]], [[0, 0, 0, 0, 0, 0, 1, 0], [0, 0, 0, 0, 0, 0, 1, 0], [0, 0, 0, 0, 0, 1, 0, 1], [0, 0, 0, 0, 1, 0, 0, 0], [0, 1, 0, 0, 0, 0, 0, 0], [1, 0, 0, 0, 0, 0, 0, 0], [0, 0, 0, 1, 0, 0, 0, 0], [1, 1, 0, 1, 1, 1, 0, 0]]]",2.0,4,,,,True,2.953182704746723,112.62927051540464
GCven{,5,4,2.0,"['abBB', 'aB', 'AbbbB', 'AbbBBBB']","{'abBB': [1, 3, 4], 'aB': [2], 'AbbbB': [0, 5, 6], 'AbbBBBB': [7]}","[[[0, 0, 0, 0, 0, 0, 0, 0], [0, 0, 0, 0, 0, 1, 0, 0], [0, 0, 0, 0, 0, 0, 0, 1], [0, 0, 0, 0, 0, 0, 1, 0], [1, 0, 0, 0, 0, 0, 0, 0], [0, 0, 0, 0, 0, 0, 0, 0], [0, 0, 0, 0, 0, 0, 0, 0], [0, 0, 0, 0, 0, 0, 0, 0]], [[0, 0, 0, 1, 0, 0, 1, 1], [0, 0, 0, 0, 0, 0, 0, 1], [0, 0, 0, 0, 0, 0, 0, 0], [0, 0, 0, 0, 1, 0, 0, 0], [0, 1, 0, 0, 0, 0, 0, 0], [1, 0, 1, 0, 0, 0, 0, 1], [0, 1, 0, 0, 0, 1, 0, 1], [0, 0, 0, 1, 1, 0, 0, 0]]]",2.0,4,,,,True,6.889712524600327,266.48567983787507
GCvep{,5,4,2.0,"['abBB', 'aB', 'AbbbB', 'ABB']","{'abBB': [0, 3, 5], 'aB': [2], 'AbbbB': [4, 6, 7], 'ABB': [1]}","[[[0, 0, 0, 0, 1, 0, 0, 0], [0, 0, 0, 0, 0, 0, 0, 0], [0, 0, 0, 0, 0, 0, 0, 1], [0, 0, 0, 0, 0, 0, 1, 0], [0, 0, 0, 0, 0, 0, 0, 0], [0, 1, 0, 0, 0, 0, 0, 0], [0, 0, 0, 0, 0, 0, 0, 0], [0, 0, 0, 0, 0, 0, 0, 0]], [[0, 0, 0, 0, 0, 1, 0, 0], [0, 0, 0, 0, 0, 0, 0, 0], [0, 0, 0, 0, 0, 0, 0, 0], [1, 0, 0, 0, 0, 0, 0, 0], [0, 1, 0, 1, 0, 0, 1, 0], [0, 0, 1, 0, 0, 0, 0, 0], [1, 1, 0, 0, 0, 0, 0, 1], [0, 0, 0, 1, 1, 1, 0, 0]]]",2.0,4,,,,True,3.604751414619386,121.6241894280538
GCveq{,5,4,2.0,"['abBB', 'Abbbb', 'AbbBB', 'A']","{'abBB': [0, 1, 3, 5], 'Abbbb': [4], 'AbbBB': [6, 7], 'A': [2]}","[[[0, 0, 0, 0, 0, 0, 1, 0], [0, 0, 0, 0, 0, 0, 0, 1], [0, 0, 0, 0, 0, 0, 0, 0], [0, 0, 0, 0, 1, 0, 0, 0], [0, 0, 0, 0, 0, 0, 0, 0], [0, 0, 1, 0, 0, 0, 0, 0], [0, 0, 0, 0, 0, 0, 0, 0], [0, 0, 0, 0, 0, 0, 0, 0]], [[0, 0, 0, 0, 0, 1, 0, 0], [0, 0, 0, 0, 0, 1, 0, 0], [0, 0, 0, 0, 0, 0, 0, 0], [1, 0, 0, 0, 0, 0, 0, 0], [1, 1, 0, 0, 0, 0, 1, 1], [0, 0, 0, 0, 0, 0, 0, 1], [0, 1, 0, 1, 0, 0, 0, 0], [0, 0, 0, 1, 0, 0, 1, 0]]]",2.0,4,,,,True,8.474671644158661,42.7763900840655
GCrvUw,5,4,3.0,"['acCC', 'ABccC', 'bbC', 'bc']","{'acCC': [1, 4, 6], 'ABccC': [0, 5, 7], 'bbC': [3], 'bc': [2]}","[[[0, 0, 0, 0, 0, 0, 0, 0], [0, 0, 0, 0, 0, 1, 0, 0], [0, 0, 0, 0, 0, 0, 0, 0], [0, 0, 0, 0, 0, 0, 0, 0], [0, 0, 0, 0, 0, 0, 0, 1], [0, 0, 0, 0, 0, 0, 0, 0], [1, 0, 0, 0, 0, 0, 0, 0], [0, 0, 0, 0, 0, 0, 0, 0]], [[0, 0, 0, 0, 0, 0, 0, 0], [0, 0, 0, 0, 0, 0, 0, 0], [0, 0, 0, 0, 0, 1, 0, 0], [1, 0, 0, 0, 0, 0, 0, 1], [0, 0, 0, 0, 0, 0, 0, 0], [0, 0, 0, 0, 0, 0, 0, 0], [0, 0, 0, 0, 0, 0, 0, 0], [0, 0, 0, 0, 0, 0, 0, 0]], [[0, 0, 0, 0, 1, 0, 0, 1], [0, 0, 0, 0, 1, 0, 0, 0], [0, 0, 0, 0, 0, 0, 1, 0], [0, 0, 0, 0, 0, 0, 0, 0], [0, 0, 0, 0, 0, 0, 1, 0], [1, 0, 0, 1, 0, 0, 0, 0], [0, 1, 0, 0, 0, 0, 0, 0], [0, 1, 0, 0, 0, 1, 0, 0]]]",2.0,5,"['abBB', 'aB', 'AAAB', 'bbbBB', 'bbB']","{'abBB': [1, 4], 'aB': [2], 'AAAB': [6], 'bbbBB': [0, 5, 7], 'bbB': [3]}","[[[0, 0, 0, 0, 0, 0, 0, 0], [0, 0, 0, 0, 0, 0, 1, 0], [0, 0, 0, 0, 0, 0, 1, 0], [0, 0, 0, 0, 0, 0, 0, 0], [0, 0, 0, 0, 0, 0, 1, 0], [0, 0, 0, 0, 0, 0, 0, 0], [0, 0, 0, 0, 0, 0, 0, 0], [0, 0, 0, 0, 0, 0, 0, 0]], [[0, 0, 0, 0, 0, 1, 1, 1], [0, 0, 0, 0, 1, 0, 0, 0], [0, 0, 0, 0, 0, 0, 0, 0], [1, 0, 0, 0, 0, 0, 0, 1], [1, 0, 0, 0, 0, 0, 0, 0], [0, 1, 1, 1, 0, 0, 0, 0], [0, 0, 0, 0, 0, 0, 0, 0], [0, 1, 0, 0, 1, 1, 0, 0]]]",False,161.22729065455496,233.45382985007015
GCver[,5,4,2.0,"['aAAB', 'abbbB', 'aBB', 'AB']","{'aAAB': [0, 1, 5], 'abbbB': [4, 6, 7], 'aBB': [3], 'AB': [2]}","[[[0, 0, 0, 0, 0, 1, 0, 0], [0, 0, 0, 0, 0, 1, 0, 0], [0, 0, 0, 0, 0, 0, 0, 0], [1, 0, 0, 0, 0, 0, 0, 0], [1, 0, 0, 0, 0, 0, 0, 0], [0, 0, 1, 0, 0, 0, 0, 0], [0, 1, 0, 0, 0, 0, 0, 0], [0, 1, 0, 0, 0, 0, 0, 0]], [[0, 0, 0, 0, 0, 0, 0, 0], [0, 0, 0, 0, 0, 0, 0, 0], [0, 0, 0, 0, 0, 0, 0, 0], [0, 0, 0, 0, 0, 0, 0, 0], [0, 1, 0, 1, 0, 0, 0, 1], [0, 0, 0, 0, 0, 0, 0, 0], [1, 0, 0, 1, 1, 0, 0, 0], [0, 0, 1, 0, 0, 1, 1, 0]]]",2.0,4,,,,True,28.15491498541087,102.94101055432112
GCvers,5,4,2.0,"['abBB', 'aB', 'AbbbB', 'ABB']","{'abBB': [0, 1, 3], 'aB': [2], 'AbbbB': [4, 6, 7], 'ABB': [5]}","[[[0, 0, 0, 0, 1, 0, 0, 0], [0, 0, 0, 0, 0, 0, 0, 1], [0, 0, 0, 0, 0, 1, 0, 0], [0, 0, 0, 0, 0, 0, 1, 0], [0, 0, 0, 0, 0, 0, 0, 0], [0, 0, 0, 0, 0, 0, 0, 0], [0, 0, 0, 0, 0, 0, 0, 0], [0, 0, 0, 0, 0, 0, 0, 0]], [[0, 0, 0, 0, 0, 1, 0, 0], [0, 0, 0, 0, 0, 1, 0, 0], [0, 0, 0, 0, 0, 0, 0, 0], [1, 0, 0, 0, 0, 0, 0, 0], [0, 1, 0, 1, 0, 0, 0, 1], [0, 0, 0, 0, 0, 0, 0, 0], [1, 1, 0, 0, 1, 0, 0, 0], [0, 0, 1, 1, 0, 0, 1, 0]]]",2.0,4,,,,True,6.373117291368544,88.21193251013756
GCverw,5,4,2.0,"['abBB', 'AbBB', 'AB', 'bbbbB']","{'abBB': [0, 5, 6], 'AbBB': [1, 3], 'AB': [2], 'bbbbB': [4, 7]}","[[[0, 0, 0, 1, 0, 0, 0, 0], [0, 0, 0, 0, 0, 0, 0, 0], [0, 0, 0, 0, 0, 0, 0, 0], [0, 0, 0, 0, 0, 0, 0, 0], [0, 0, 0, 0, 0, 0, 0, 0], [0, 0, 1, 0, 0, 0, 0, 0], [0, 1, 0, 0, 0, 0, 0, 0], [0, 0, 0, 0, 0, 0, 0, 0]], [[0, 0, 0, 0, 0, 1, 0, 0], [0, 0, 0, 0, 1, 0, 0, 0], [0, 0, 0, 0, 0, 0, 0, 0], [0, 0, 0, 0, 0, 0, 1, 0], [1, 0, 0, 1, 0, 0, 1, 1], [0, 1, 0, 0, 0, 0, 0, 0], [1, 0, 0, 0, 0, 0, 0, 0], [0, 1, 1, 1, 0, 1, 0, 0]]]",2.0,4,,,,True,10.338337772525849,28.21459189616144
GCver{,5,4,2.0,"['abBB', 'aB', 'AAAbbB', 'AbbbB']","{'abBB': [0, 1, 3, 5], 'aB': [2], 'AAAbbB': [7], 'AbbbB': [4, 6]}","[[[0, 0, 0, 0, 0, 0, 1, 0], [0, 0, 0, 0, 1, 0, 0, 0], [0, 0, 0, 0, 0, 0, 0, 1], [0, 0, 0, 0, 0, 0, 0, 1], [0, 0, 0, 0, 0, 0, 0, 0], [0, 0, 0, 0, 0, 0, 0, 1], [0, 0, 0, 0, 0, 0, 0, 0], [0, 0, 0, 0, 0, 0, 0, 0]], [[0, 0, 0, 0, 0, 1, 0, 0], [0, 0, 0, 0, 0, 1, 0, 0], [0, 0, 0, 0, 0, 0, 0, 0], [1, 0, 0, 0, 0, 0, 0, 0], [1, 0, 0, 1, 0, 0, 1, 0], [0, 0, 1, 0, 0, 0, 0, 0], [0, 1, 0, 1, 0, 0, 0, 1], [0, 1, 0, 0, 1, 0, 0, 0]]]",2.0,4,,,,True,3.8883647909387946,117.18817140255123
GCvets,5,5,2.0,"['abBB', 'aB', 'AABBB', 'bbbBB', 'bbB']","{'abBB': [3], 'aB': [2], 'AABBB': [7], 'bbbBB': [0, 4, 6], 'bbB': [1, 5]}","[[[0, 0, 0, 0, 0, 0, 0, 0], [0, 0, 0, 0, 0, 0, 0, 0], [0, 0, 0, 0, 0, 0, 0, 1], [0, 0, 0, 0, 0, 0, 0, 1], [0, 0, 0, 0, 0, 0, 0, 0], [0, 0, 0, 0, 0, 0, 0, 0], [0, 0, 0, 0, 0, 0, 0, 0], [0, 0, 0, 0, 0, 0, 0, 0]], [[0, 0, 0, 1, 1, 0, 0, 1], [0, 0, 0, 0, 0, 1, 1, 0], [0, 0, 0, 0, 0, 0, 0, 0], [0, 0, 0, 0, 1, 0, 0, 0], [0, 1, 0, 0, 0, 0, 1, 1], [1, 0, 1, 0, 0, 0, 0, 0], [1, 0, 0, 1, 0, 0, 0, 1], [0, 0, 0, 0, 0, 0, 0, 0]]]",2.0,5,,,,True,380.25008630473167,88.74728849716485
GCvet{,5,5,2.0,"['abBB', 'aB', 'AAAbBB', 'bbbBB', 'bbB']","{'abBB': [3, 5], 'aB': [2], 'AAAbBB': [7], 'bbbBB': [0, 4, 6], 'bbB': [1]}","[[[0, 0, 0, 0, 0, 0, 0, 0], [0, 0, 0, 0, 0, 0, 0, 0], [0, 0, 0, 0, 0, 0, 0, 1], [0, 0, 0, 0, 0, 0, 0, 1], [0, 0, 0, 0, 0, 0, 0, 0], [0, 0, 0, 0, 0, 0, 0, 1], [0, 0, 0, 0, 0, 0, 0, 0], [0, 0, 0, 0, 0, 0, 0, 0]], [[0, 0, 0, 0, 1, 1, 0, 1], [0, 0, 0, 0, 1, 1, 0, 0], [0, 0, 0, 0, 0, 0, 0, 0], [1, 0, 0, 0, 0, 0, 0, 0], [0, 0, 0, 1, 0, 0, 1, 1], [0, 0, 1, 0, 0, 0, 0, 0], [1, 1, 0, 1, 0, 0, 0, 0], [0, 0, 0, 0, 0, 0, 1, 0]]]",2.0,5,,,,True,47.18287006486207,232.9707085257396
GCveus,5,5,2.0,"['aBBB', 'AAbbB', 'bbbBB', 'bbB', 'b']","{'aBBB': [1, 3], 'AAbbB': [7], 'bbbBB': [0, 4, 6], 'bbB': [5], 'b': [2]}","[[[0, 0, 0, 0, 0, 0, 0, 0], [0, 0, 0, 0, 0, 0, 0, 1], [0, 0, 0, 0, 0, 0, 0, 0], [0, 0, 0, 0, 0, 0, 0, 1], [0, 0, 0, 0, 0, 0, 0, 0], [0, 0, 0, 0, 0, 0, 0, 0], [0, 0, 0, 0, 0, 0, 0, 0], [0, 0, 0, 0, 0, 0, 0, 0]], [[0, 0, 0, 1, 0, 0, 1, 1], [0, 0, 0, 0, 0, 0, 0, 0], [0, 0, 0, 0, 0, 1, 0, 0], [0, 0, 0, 0, 0, 0, 0, 0], [1, 1, 0, 1, 0, 0, 0, 0], [1, 1, 0, 0, 0, 0, 0, 0], [0, 1, 0, 1, 1, 0, 0, 0], [0, 0, 0, 0, 1, 0, 1, 0]]]",2.0,5,,,,True,186.41617363505063,78.01648325938731
GCveu{,5,4,2.0,"['abBB', 'AAAbBB', 'bbbBB', 'b']","{'abBB': [1, 3, 5], 'AAAbBB': [7], 'bbbBB': [0, 4, 6], 'b': [2]}","[[[0, 0, 0, 0, 0, 0, 0, 0], [0, 0, 0, 0, 0, 0, 0, 1], [0, 0, 0, 0, 0, 0, 0, 0], [0, 0, 0, 0, 0, 0, 0, 1], [0, 0, 0, 0, 0, 0, 0, 0], [0, 0, 0, 0, 0, 0, 0, 1], [0, 0, 0, 0, 0, 0, 0, 0], [0, 0, 0, 0, 0, 0, 0, 0]], [[0, 0, 0, 0, 1, 1, 0, 1], [0, 0, 0, 0, 0, 0, 1, 0], [0, 0, 0, 0, 0, 1, 0, 0], [1, 0, 0, 0, 0, 0, 0, 0], [0, 1, 0, 1, 0, 0, 0, 1], [0, 1, 0, 0, 0, 0, 0, 0], [1, 0, 0, 1, 1, 0, 0, 0], [0, 0, 0, 0, 0, 0, 1, 0]]]",2.0,4,,,,True,2.692047349177301,151.37124244309962
GCvevS,5,4,3.0,"['abC', 'aBcc', 'aB', 'AbBcC']","{'abC': [3, 5], 'aBcc': [1], 'aB': [2], 'AbBcC': [0, 4, 6, 7]}","[[[0, 0, 0, 0, 0, 0, 0, 0], [0, 0, 0, 0, 0, 0, 1, 0], [0, 0, 0, 0, 0, 0, 0, 1], [0, 0, 0, 0, 1, 0, 0, 0], [0, 0, 0, 0, 0, 0, 0, 0], [1, 0, 0, 0, 0, 0, 0, 0], [0, 0, 0, 0, 0, 0, 0, 0], [0, 0, 0, 0, 0, 0, 0, 0]], [[0, 0, 0, 0, 1, 0, 0, 0], [0, 0, 0, 0, 0, 0, 0, 0], [0, 0, 0, 0, 0, 0, 0, 0], [0, 0, 0, 0, 0, 0, 1, 0], [0, 1, 0, 0, 0, 0, 0, 0], [0, 0, 1, 0, 0, 0, 0, 0], [0, 0, 0, 0, 0, 0, 0, 1], [1, 0, 0, 0, 0, 0, 0, 0]], [[0, 0, 0, 1, 0, 0, 0, 0], [0, 0, 0, 0, 0, 1, 0, 1], [0, 0, 0, 0, 0, 0, 0, 0], [0, 0, 0, 0, 0, 0, 0, 0], [0, 0, 0, 0, 0, 0, 1, 0], [0, 0, 0, 0, 0, 0, 0, 0], [1, 0, 0, 0, 0, 0, 0, 0], [0, 0, 0, 0, 1, 0, 0, 0]]]",2.0,5,"['abBB', 'aB', 'AABBB', 'bbbBB', 'bbB']","{'abBB': [1], 'aB': [2], 'AABBB': [7], 'bbbBB': [0, 4, 6], 'bbB': [3, 5]}","[[[0, 0, 0, 0, 0, 0, 0, 0], [0, 0, 0, 0, 0, 0, 0, 1], [0, 0, 0, 0, 0, 0, 0, 1], [0, 0, 0, 0, 0, 0, 0, 0], [0, 0, 0, 0, 0, 0, 0, 0], [0, 0, 0, 0, 0, 0, 0, 0], [0, 0, 0, 0, 0, 0, 0, 0], [0, 0, 0, 0, 0, 0, 0, 0]], [[0, 0, 0, 1, 0, 0, 1, 1], [0, 0, 0, 0, 0, 1, 0, 0], [0, 0, 0, 0, 0, 0, 0, 0], [0, 0, 0, 0, 1, 0, 1, 0], [1, 1, 0, 0, 0, 0, 0, 1], [1, 0, 1, 0, 0, 0, 0, 0], [0, 1, 0, 0, 1, 0, 0, 1], [0, 0, 0, 0, 0, 0, 0, 0]]]",False,104.41017602942884,168.85248490422964
GCvev[,5,5,2.0,"['abBB', 'aB', 'AAAbBB', 'bbbBB', 'bbB']","{'abBB': [1, 5], 'aB': [2], 'AAAbBB': [7], 'bbbBB': [0, 4, 6], 'bbB': [3]}","[[[0, 0, 0, 0, 0, 0, 0, 0], [0, 0, 0, 0, 0, 0, 0, 1], [0, 0, 0, 0, 0, 0, 0, 1], [0, 0, 0, 0, 0, 0, 0, 0], [0, 0, 0, 0, 0, 0, 0, 0], [0, 0, 0, 0, 0, 0, 0, 1], [0, 0, 0, 0, 0, 0, 0, 0], [0, 0, 0, 0, 0, 0, 0, 0]], [[0, 0, 0, 0, 1, 1, 1, 0], [0, 0, 0, 0, 0, 1, 0, 0], [0, 0, 0, 0, 0, 0, 0, 0], [1, 0, 0, 0, 1, 0, 0, 0], [0, 1, 0, 0, 0, 0, 1, 1], [0, 0, 1, 0, 0, 0, 0, 0], [0, 1, 0, 1, 0, 0, 0, 1], [1, 0, 0, 0, 0, 0, 0, 0]]]",2.0,5,,,,True,26.47137100994587,228.4618166051805
GCrvU{,5,5,2.0,"['abBBB', 'AAAbBB', 'bbbB', 'bbB', 'bb']","{'abBBB': [0, 5, 6], 'AAAbBB': [7], 'bbbB': [1, 4], 'bbB': [3], 'bb': [2]}","[[[0, 0, 0, 0, 0, 0, 0, 1], [0, 0, 0, 0, 0, 0, 0, 0], [0, 0, 0, 0, 0, 0, 0, 0], [0, 0, 0, 0, 0, 0, 0, 0], [0, 0, 0, 0, 0, 0, 0, 0], [0, 0, 0, 0, 0, 0, 0, 1], [0, 0, 0, 0, 0, 0, 0, 1], [0, 0, 0, 0, 0, 0, 0, 0]], [[0, 0, 0, 0, 0, 0, 1, 0], [0, 0, 0, 0, 0, 1, 1, 1], [0, 0, 0, 0, 0, 1, 1, 0], [1, 0, 0, 0, 0, 1, 0, 0], [1, 1, 0, 0, 0, 0, 0, 1], [1, 0, 0, 0, 0, 0, 0, 0], [0, 0, 0, 0, 1, 0, 0, 0], [0, 0, 0, 1, 0, 0, 0, 0]]]",2.0,5,,,,True,69.84539449680597,465.4003773797304
GCvevs,5,5,2.0,"['abBB', 'aB', 'AAAbBB', 'bbbBB', 'bbB']","{'abBB': [1, 3], 'aB': [2], 'AAAbBB': [7], 'bbbBB': [0, 4, 6], 'bbB': [5]}","[[[0, 0, 0, 0, 0, 0, 0, 0], [0, 0, 0, 0, 0, 0, 0, 1], [0, 0, 0, 0, 0, 0, 0, 1], [0, 0, 0, 0, 0, 0, 0, 1], [0, 0, 0, 0, 0, 0, 0, 0], [0, 0, 0, 0, 0, 0, 0, 0], [0, 0, 0, 0, 0, 0, 0, 0], [0, 0, 0, 0, 0, 0, 0, 0]], [[0, 0, 0, 0, 1, 1, 0, 1], [0, 0, 0, 0, 1, 0, 0, 0], [0, 0, 0, 0, 0, 0, 0, 0], [1, 0, 0, 0, 0, 0, 0, 0], [0, 0, 0, 1, 0, 0, 1, 1], [0, 1, 1, 0, 0, 0, 0, 0], [1, 1, 0, 1, 0, 0, 0, 0], [0, 0, 0, 0, 0, 0, 1, 0]]]",2.0,5,,,,True,43.71973560657352,225.45800519175828
GCvevw,5,4,2.0,"['abBB', 'AAbBB', 'bbbbbB', 'bb']","{'abBB': [1, 3, 5, 6], 'AAbBB': [0, 4], 'bbbbbB': [7], 'bb': [2]}","[[[0, 0, 0, 0, 0, 0, 0, 0], [0, 0, 0, 0, 1, 0, 0, 0], [0, 0, 0, 0, 0, 0, 0, 0], [1, 0, 0, 0, 0, 0, 0, 0], [0, 0, 0, 0, 0, 0, 0, 0], [1, 0, 0, 0, 0, 0, 0, 0], [0, 0, 0, 0, 1, 0, 0, 0], [0, 0, 0, 0, 0, 0, 0, 0]], [[0, 0, 0, 0, 1, 0, 0, 0], [0, 0, 0, 0, 0, 0, 1, 0], [0, 0, 0, 0, 0, 1, 0, 1], [0, 0, 0, 0, 0, 0, 1, 0], [0, 0, 0, 1, 0, 0, 0, 0], [0, 1, 0, 0, 0, 0, 0, 0], [1, 0, 0, 0, 0, 0, 0, 0], [1, 1, 0, 1, 1, 1, 0, 0]]]",2.0,4,,,,True,3.5251899948343635,124.86225677840412
GCvev{,5,4,2.0,"['abBB', 'aB', 'AbbbB', 'AbbBBBB']","{'abBB': [1, 3, 5], 'aB': [2], 'AbbbB': [0, 4, 6], 'AbbBBBB': [7]}","[[[0, 0, 0, 0, 0, 0, 0, 0], [0, 0, 0, 0, 0, 0, 1, 0], [0, 0, 0, 0, 0, 0, 0, 1], [0, 0, 0, 0, 1, 0, 0, 0], [0, 0, 0, 0, 0, 0, 0, 0], [1, 0, 0, 0, 0, 0, 0, 0], [0, 0, 0, 0, 0, 0, 0, 0], [0, 0, 0, 0, 0, 0, 0, 0]], [[0, 0, 0, 1, 0, 0, 1, 1], [0, 0, 0, 0, 0, 1, 0, 0], [0, 0, 0, 0, 0, 0, 0, 0], [0, 0, 0, 0, 0, 0, 0, 1], [1, 1, 0, 0, 0, 0, 0, 1], [0, 0, 1, 0, 0, 0, 0, 0], [0, 0, 0, 1, 1, 0, 0, 1], [0, 1, 0, 0, 0, 1, 0, 0]]]",2.0,4,,,,True,6.40841371845454,245.87843940593305
GCve}{,5,4,2.0,"['abbb', 'abBBB', 'AAbbBB', 'A']","{'abbb': [1, 3], 'abBBB': [0, 4, 5], 'AAbbBB': [6, 7], 'A': [2]}","[[[0, 0, 0, 0, 0, 0, 0, 1], [0, 0, 0, 0, 0, 0, 1, 0], [0, 0, 0, 0, 0, 0, 0, 0], [0, 0, 0, 0, 0, 0, 0, 1], [0, 0, 0, 0, 0, 0, 1, 0], [0, 0, 1, 0, 0, 0, 0, 0], [0, 0, 0, 0, 0, 0, 0, 0], [0, 0, 0, 0, 0, 0, 0, 0]], [[0, 0, 0, 0, 0, 1, 0, 0], [0, 0, 0, 0, 1, 1, 0, 1], [0, 0, 0, 0, 0, 0, 0, 0], [1, 0, 0, 0, 1, 0, 1, 0], [1, 0, 0, 0, 0, 0, 0, 0], [0, 0, 0, 0, 0, 0, 0, 1], [1, 0, 0, 0, 0, 1, 0, 0], [0, 0, 0, 0, 1, 0, 1, 0]]]",2.0,4,,,,True,11.680922670289874,241.68669368792325
GCve~k,5,4,2.0,"['abbBBB', 'abbB', 'aB', 'AAAbB']","{'abbBBB': [6, 7], 'abbB': [1, 3, 4], 'aB': [2], 'AAAbB': [0, 5]}","[[[0, 0, 0, 0, 0, 0, 0, 0], [0, 0, 0, 0, 0, 1, 0, 0], [0, 0, 0, 0, 0, 1, 0, 0], [1, 0, 0, 0, 0, 0, 0, 0], [1, 0, 0, 0, 0, 0, 0, 0], [0, 0, 0, 0, 0, 0, 0, 0], [1, 0, 0, 0, 0, 0, 0, 0], [0, 0, 0, 0, 0, 1, 0, 0]], [[0, 0, 0, 0, 0, 0, 0, 1], [0, 0, 0, 0, 1, 0, 0, 1], [0, 0, 0, 0, 0, 0, 0, 0], [0, 0, 0, 0, 0, 0, 1, 1], [0, 0, 0, 1, 0, 0, 1, 0], [1, 0, 0, 0, 0, 0, 0, 0], [0, 1, 0, 0, 0, 1, 0, 0], [0, 0, 1, 0, 0, 0, 1, 0]]]",2.0,4,,,,True,12.021373327821491,211.72644435241816
GCve~w,5,4,2.0,"['abBB', 'aB', 'AAAbBB', 'bbbBB']","{'abBB': [1, 3], 'aB': [2], 'AAAbBB': [7], 'bbbBB': [0, 4, 5, 6]}","[[[0, 0, 0, 0, 0, 0, 0, 0], [0, 0, 0, 0, 0, 0, 0, 1], [0, 0, 0, 0, 0, 0, 0, 1], [0, 0, 0, 0, 0, 0, 0, 1], [0, 0, 0, 0, 0, 0, 0, 0], [0, 0, 0, 0, 0, 0, 0, 0], [0, 0, 0, 0, 0, 0, 0, 0], [0, 0, 0, 0, 0, 0, 0, 0]], [[0, 0, 0, 0, 0, 1, 1, 1], [0, 0, 0, 0, 1, 0, 0, 0], [0, 0, 0, 0, 0, 0, 0, 0], [1, 0, 0, 0, 0, 0, 0, 0], [1, 0, 0, 1, 0, 0, 0, 1], [0, 1, 1, 0, 0, 0, 1, 0], [0, 1, 0, 1, 1, 0, 0, 0], [0, 0, 0, 0, 0, 1, 0, 0]]]",2.0,4,,,,True,5.762828638777137,203.7054730113596
GCve~{,5,5,2.0,"['abBB', 'aB', 'AbBBB', 'bbbbbbB', 'bbbbbB']","{'abBB': [1, 3], 'aB': [2], 'AbBBB': [0, 4, 5], 'bbbbbbB': [7], 'bbbbbB': [6]}","[[[0, 0, 0, 0, 0, 0, 0, 0], [0, 0, 0, 0, 1, 0, 0, 0], [0, 0, 0, 0, 0, 1, 0, 0], [1, 0, 0, 0, 0, 0, 0, 0], [0, 0, 0, 0, 0, 0, 0, 0], [0, 0, 0, 0, 0, 0, 0, 0], [0, 0, 0, 0, 0, 0, 0, 0], [0, 0, 0, 0, 0, 0, 0, 0]], [[0, 0, 0, 0, 1, 0, 0, 0], [0, 0, 0, 0, 0, 1, 0, 0], [0, 0, 0, 0, 0, 0, 0, 0], [0, 0, 0, 0, 1, 0, 0, 0], [0, 0, 0, 0, 0, 0, 1, 0], [1, 0, 0, 0, 0, 0, 0, 0], [1, 1, 0, 1, 0, 1, 0, 1], [1, 1, 1, 1, 1, 1, 0, 0]]]",2.0,5,,,,True,77.14481639675796,608.2751011000946
GCvfH{,5,4,2.0,"['aBBB', 'ABBB', 'bbbBB', 'bbB']","{'aBBB': [4], 'ABBB': [0], 'bbbBB': [5, 6, 7], 'bbB': [1, 2, 3]}","[[[0, 0, 0, 0, 0, 0, 0, 0], [0, 0, 0, 0, 0, 0, 0, 0], [0, 0, 0, 0, 0, 0, 0, 0], [0, 0, 0, 0, 0, 0, 0, 0], [1, 0, 0, 0, 0, 0, 0, 0], [0, 0, 0, 0, 0, 0, 0, 0], [0, 0, 0, 0, 0, 0, 0, 0], [0, 0, 0, 0, 0, 0, 0, 0]], [[0, 0, 0, 0, 0, 0, 0, 0], [0, 0, 0, 0, 1, 1, 0, 0], [0, 0, 0, 0, 0, 1, 1, 0], [1, 0, 0, 0, 1, 0, 0, 0], [0, 0, 0, 0, 0, 0, 0, 0], [1, 0, 0, 0, 0, 0, 1, 1], [1, 1, 0, 0, 0, 0, 0, 1], [0, 0, 1, 1, 1, 0, 0, 0]]]",2.0,4,,,,True,6.723244307562709,138.3989731706679
GCvfJk,5,4,2.0,"['aBBB', 'AAb', 'bbbBB', 'bbB']","{'aBBB': [0, 1], 'AAb': [4], 'bbbBB': [5, 6, 7], 'bbB': [2, 3]}","[[[0, 0, 0, 0, 1, 0, 0, 0], [0, 0, 0, 0, 1, 0, 0, 0], [0, 0, 0, 0, 0, 0, 0, 0], [0, 0, 0, 0, 0, 0, 0, 0], [0, 0, 0, 0, 0, 0, 0, 0], [0, 0, 0, 0, 0, 0, 0, 0], [0, 0, 0, 0, 0, 0, 0, 0], [0, 0, 0, 0, 0, 0, 0, 0]], [[0, 0, 0, 0, 0, 0, 0, 0], [0, 0, 0, 0, 0, 0, 0, 0], [0, 0, 0, 0, 0, 1, 1, 0], [1, 0, 0, 0, 0, 0, 0, 1], [0, 0, 0, 1, 0, 0, 0, 0], [1, 1, 0, 0, 0, 0, 0, 1], [1, 1, 0, 0, 0, 1, 0, 0], [0, 1, 1, 0, 0, 0, 1, 0]]]",2.0,4,,,,True,6.242574692703784,126.26415008492768
GCvfJw,5,4,2.0,"['abBB', 'AbbbB', 'Abb', 'ABB']","{'abBB': [0, 1, 4, 6], 'AbbbB': [5, 7], 'Abb': [3], 'ABB': [2]}","[[[0, 0, 0, 0, 0, 1, 0, 0], [0, 0, 0, 0, 0, 0, 0, 1], [0, 0, 0, 0, 0, 0, 0, 0], [0, 0, 0, 0, 0, 0, 0, 0], [0, 0, 0, 1, 0, 0, 0, 0], [0, 0, 0, 0, 0, 0, 0, 0], [0, 0, 1, 0, 0, 0, 0, 0], [0, 0, 0, 0, 0, 0, 0, 0]], [[0, 0, 0, 0, 1, 0, 0, 0], [0, 0, 0, 0, 0, 0, 1, 0], [0, 0, 0, 0, 0, 0, 0, 0], [1, 0, 0, 0, 0, 0, 0, 1], [0, 1, 0, 0, 0, 0, 0, 0], [0, 1, 1, 0, 0, 0, 1, 0], [1, 0, 0, 0, 0, 0, 0, 0], [0, 0, 1, 0, 1, 1, 0, 0]]]",2.0,4,,,,True,41.558850481174886,82.68050584476441
GCrvVK,5,4,3.0,"['abC', 'aBcc', 'aB', 'AbBcC']","{'abC': [2, 4], 'aBcc': [1], 'aB': [3], 'AbBcC': [0, 5, 6, 7]}","[[[0, 0, 0, 0, 0, 0, 0, 0], [0, 0, 0, 0, 0, 0, 1, 0], [0, 0, 0, 0, 0, 0, 0, 1], [0, 0, 0, 0, 0, 1, 0, 0], [1, 0, 0, 0, 0, 0, 0, 0], [0, 0, 0, 0, 0, 0, 0, 0], [0, 0, 0, 0, 0, 0, 0, 0], [0, 0, 0, 0, 0, 0, 0, 0]], [[0, 0, 0, 1, 0, 0, 0, 0], [0, 0, 0, 0, 0, 0, 0, 0], [0, 0, 0, 0, 0, 1, 0, 0], [0, 0, 0, 0, 0, 0, 0, 0], [0, 0, 0, 0, 0, 0, 1, 0], [0, 1, 0, 0, 0, 0, 0, 0], [0, 0, 0, 0, 0, 0, 0, 1], [1, 0, 0, 0, 0, 0, 0, 0]], [[0, 0, 0, 0, 0, 0, 1, 0], [0, 0, 0, 0, 1, 0, 0, 1], [0, 0, 0, 0, 0, 0, 0, 0], [0, 0, 0, 0, 0, 0, 0, 0], [0, 0, 0, 0, 0, 0, 0, 0], [1, 0, 0, 0, 0, 0, 0, 0], [0, 0, 1, 0, 0, 0, 0, 0], [0, 0, 0, 0, 0, 1, 0, 0]]]",2.0,5,"['abBB', 'aB', 'AABBB', 'bbbBB', 'bbB']","{'abBB': [1], 'aB': [3], 'AABBB': [5], 'bbbBB': [0, 6, 7], 'bbB': [2, 4]}","[[[0, 0, 0, 0, 0, 0, 0, 0], [0, 0, 0, 0, 0, 1, 0, 0], [0, 0, 0, 0, 0, 0, 0, 0], [0, 0, 0, 0, 0, 1, 0, 0], [0, 0, 0, 0, 0, 0, 0, 0], [0, 0, 0, 0, 0, 0, 0, 0], [0, 0, 0, 0, 0, 0, 0, 0], [0, 0, 0, 0, 0, 0, 0, 0]], [[0, 0, 0, 1, 1, 1, 0, 0], [0, 0, 0, 0, 0, 0, 1, 0], [0, 0, 0, 0, 0, 1, 0, 1], [0, 0, 0, 0, 0, 0, 0, 0], [0, 1, 0, 0, 0, 0, 1, 0], [0, 0, 0, 0, 0, 0, 0, 0], [1, 0, 1, 0, 0, 0, 0, 1], [1, 1, 0, 0, 0, 1, 0, 0]]]",False,204.4808029411361,338.73938439413905
GCvfJ{,5,4,2.0,"['abb', 'abBBB', 'AbbB', 'AbBBBB']","{'abb': [2, 3], 'abBBB': [5, 6], 'AbbB': [0, 1, 4], 'AbBBBB': [7]}","[[[0, 0, 0, 0, 0, 0, 0, 0], [0, 0, 0, 0, 0, 0, 0, 0], [0, 0, 0, 0, 0, 0, 0, 1], [0, 0, 0, 0, 1, 0, 0, 0], [0, 0, 0, 0, 0, 0, 0, 0], [1, 0, 0, 0, 0, 0, 0, 0], [0, 1, 0, 0, 0, 0, 0, 0], [0, 0, 0, 0, 0, 0, 0, 0]], [[0, 0, 0, 0, 1, 0, 1, 0], [0, 0, 0, 0, 0, 1, 0, 1], [0, 0, 0, 0, 0, 1, 1, 0], [1, 0, 0, 0, 0, 0, 0, 1], [0, 1, 0, 0, 0, 0, 0, 1], [0, 0, 0, 0, 0, 0, 0, 1], [0, 0, 0, 0, 0, 1, 0, 0], [0, 0, 0, 0, 0, 0, 1, 0]]]",2.0,4,,,,True,9.391314233653247,309.355703599751
GCvfLk,5,3,2.0,"['abBBB', 'AAAbb', 'bbB']","{'abBBB': [0, 5, 6], 'AAAbb': [7], 'bbB': [1, 2, 3, 4]}","[[[0, 0, 0, 0, 0, 0, 0, 1], [0, 0, 0, 0, 0, 0, 0, 0], [0, 0, 0, 0, 0, 0, 0, 0], [0, 0, 0, 0, 0, 0, 0, 0], [0, 0, 0, 0, 0, 0, 0, 0], [0, 0, 0, 0, 0, 0, 0, 1], [0, 0, 0, 0, 0, 0, 0, 1], [0, 0, 0, 0, 0, 0, 0, 0]], [[0, 0, 0, 0, 0, 0, 1, 0], [0, 0, 0, 0, 0, 1, 1, 0], [0, 0, 0, 0, 0, 1, 1, 0], [1, 0, 0, 0, 1, 0, 0, 0], [1, 1, 0, 0, 0, 0, 0, 0], [1, 0, 0, 0, 0, 0, 0, 0], [0, 0, 0, 0, 0, 1, 0, 0], [0, 0, 1, 1, 0, 0, 0, 0]]]",2.0,3,,,,True,3.1279562888666987,61.98690873477608
GCvfL{,5,4,2.0,"['aBB', 'AAbB', 'AbBBBB', 'bbbbB']","{'aBB': [1, 2, 3], 'AAbB': [4], 'AbBBBB': [7], 'bbbbB': [0, 5, 6]}","[[[0, 0, 0, 0, 0, 0, 0, 0], [0, 0, 0, 0, 1, 0, 0, 0], [0, 0, 0, 0, 0, 0, 0, 1], [0, 0, 0, 0, 1, 0, 0, 0], [0, 0, 0, 0, 0, 0, 0, 0], [0, 0, 0, 0, 0, 0, 0, 0], [0, 0, 0, 0, 0, 0, 0, 0], [0, 0, 0, 0, 0, 0, 0, 0]], [[0, 0, 0, 1, 1, 1, 0, 1], [0, 0, 0, 0, 0, 0, 0, 0], [0, 0, 0, 0, 0, 0, 0, 0], [0, 0, 0, 0, 0, 0, 0, 0], [0, 0, 0, 0, 0, 0, 0, 1], [0, 1, 1, 0, 0, 0, 1, 1], [1, 1, 1, 0, 0, 0, 0, 1], [0, 0, 0, 1, 0, 0, 0, 0]]]",2.0,4,,,,True,4.181119132786989,277.5978173725307
GCvfMk,5,5,2.0,"['abBB', 'aB', 'AABBB', 'bbbBB', 'bbB']","{'abBB': [1], 'aB': [2], 'AABBB': [5], 'bbbBB': [0, 6, 7], 'bbB': [3, 4]}","[[[0, 0, 0, 0, 0, 0, 0, 0], [0, 0, 0, 0, 0, 1, 0, 0], [0, 0, 0, 0, 0, 1, 0, 0], [0, 0, 0, 0, 0, 0, 0, 0], [0, 0, 0, 0, 0, 0, 0, 0], [0, 0, 0, 0, 0, 0, 0, 0], [0, 0, 0, 0, 0, 0, 0, 0], [0, 0, 0, 0, 0, 0, 0, 0]], [[0, 0, 0, 1, 0, 1, 1, 0], [0, 0, 0, 0, 0, 0, 1, 0], [0, 0, 0, 0, 0, 0, 0, 0], [0, 0, 0, 0, 1, 0, 0, 1], [1, 1, 0, 0, 0, 0, 0, 0], [0, 0, 0, 0, 0, 0, 0, 0], [0, 0, 1, 0, 0, 1, 0, 1], [1, 1, 0, 0, 0, 1, 0, 0]]]",2.0,5,,,,True,469.21619282569736,112.52415973972528
GCvfM{,5,5,2.0,"['abBBB', 'AAAbBB', 'bbbB', 'bbB', 'bb']","{'abBBB': [0, 5, 6], 'AAAbBB': [7], 'bbbB': [1, 4], 'bbB': [3], 'bb': [2]}","[[[0, 0, 0, 0, 0, 0, 0, 1], [0, 0, 0, 0, 0, 0, 0, 0], [0, 0, 0, 0, 0, 0, 0, 0], [0, 0, 0, 0, 0, 0, 0, 0], [0, 0, 0, 0, 0, 0, 0, 0], [0, 0, 0, 0, 0, 0, 0, 1], [0, 0, 0, 0, 0, 0, 0, 1], [0, 0, 0, 0, 0, 0, 0, 0]], [[0, 0, 0, 0, 0, 1, 0, 0], [0, 0, 0, 0, 0, 1, 1, 1], [0, 0, 0, 0, 0, 1, 1, 0], [1, 0, 0, 0, 0, 0, 0, 1], [1, 1, 0, 1, 0, 0, 0, 0], [0, 0, 0, 0, 0, 0, 1, 0], [1, 0, 0, 0, 0, 0, 0, 0], [0, 0, 0, 0, 1, 0, 0, 0]]]",2.0,5,,,,True,45.26873744186014,298.596054517664
GCvfNK,5,4,3.0,"['abBcC', 'AACC', 'ABc', 'bb']","{'abBcC': [0, 5, 6, 7], 'AACC': [1], 'ABc': [2, 4], 'bb': [3]}","[[[0, 0, 0, 0, 1, 0, 0, 0], [0, 0, 0, 0, 0, 0, 0, 0], [0, 0, 0, 0, 0, 0, 0, 0], [0, 0, 0, 0, 0, 0, 0, 0], [0, 0, 0, 0, 0, 0, 0, 0], [0, 1, 0, 0, 0, 0, 0, 0], [0, 0, 1, 0, 0, 0, 0, 0], [0, 1, 0, 0, 0, 0, 0, 0]], [[0, 0, 0, 0, 0, 0, 1, 0], [0, 0, 0, 0, 0, 0, 0, 0], [0, 0, 0, 0, 0, 0, 0, 0], [1, 0, 0, 0, 1, 0, 0, 0], [0, 0, 0, 0, 0, 0, 0, 0], [0, 0, 1, 0, 0, 0, 0, 0], [0, 0, 0, 0, 0, 0, 0, 1], [0, 0, 0, 0, 0, 1, 0, 0]], [[0, 0, 0, 0, 0, 1, 0, 0], [0, 0, 0, 0, 0, 0, 0, 0], [0, 0, 0, 0, 0, 0, 0, 1], [0, 0, 0, 0, 0, 0, 0, 0], [0, 1, 0, 0, 0, 0, 0, 0], [0, 0, 0, 0, 0, 0, 1, 0], [0, 1, 0, 0, 0, 0, 0, 0], [1, 0, 0, 0, 0, 0, 0, 0]]]",2.0,5,"['abb', 'abBBB', 'AAAbB', 'AbbB', 'Ab']","{'abb': [2, 4], 'abBBB': [0, 6, 7], 'AAAbB': [5], 'AbbB': [1], 'Ab': [3]}","[[[0, 0, 0, 0, 0, 1, 0, 0], [0, 0, 0, 0, 0, 0, 0, 0], [0, 0, 0, 0, 0, 1, 0, 0], [0, 0, 0, 0, 0, 0, 0, 0], [0, 0, 0, 1, 0, 0, 0, 0], [0, 0, 0, 0, 0, 0, 0, 0], [0, 1, 0, 0, 0, 0, 0, 0], [0, 0, 0, 0, 0, 1, 0, 0]], [[0, 0, 0, 0, 0, 0, 0, 1], [0, 0, 0, 0, 0, 1, 0, 1], [0, 0, 0, 0, 0, 0, 1, 1], [1, 0, 0, 0, 0, 0, 0, 0], [1, 1, 0, 0, 0, 0, 0, 0], [0, 0, 0, 0, 0, 0, 1, 0], [1, 0, 0, 0, 0, 0, 0, 0], [0, 0, 0, 0, 0, 0, 1, 0]]]",False,96.37368100974707,283.0474945930764
GCvfN[,5,5,2.0,"['abBBB', 'AAAbBB', 'bbbB', 'bbB', 'bb']","{'abBBB': [0, 5, 6], 'AAAbBB': [7], 'bbbB': [1, 4], 'bbB': [2], 'bb': [3]}","[[[0, 0, 0, 0, 0, 0, 0, 1], [0, 0, 0, 0, 0, 0, 0, 0], [0, 0, 0, 0, 0, 0, 0, 0], [0, 0, 0, 0, 0, 0, 0, 0], [0, 0, 0, 0, 0, 0, 0, 0], [0, 0, 0, 0, 0, 0, 0, 1], [0, 0, 0, 0, 0, 0, 0, 1], [0, 0, 0, 0, 0, 0, 0, 0]], [[0, 0, 0, 0, 0, 0, 1, 0], [0, 0, 0, 0, 0, 1, 1, 1], [0, 0, 0, 0, 0, 1, 1, 0], [1, 0, 0, 0, 1, 0, 0, 0], [1, 1, 0, 0, 0, 0, 0, 1], [1, 0, 0, 0, 0, 0, 0, 0], [0, 0, 0, 0, 0, 1, 0, 0], [0, 0, 1, 0, 0, 0, 0, 0]]]",2.0,5,,,,True,46.25620623119176,293.5684961890802
GCvfNk,5,4,2.0,"['aBBB', 'AbBBBB', 'bbbBB', 'bbB']","{'aBBB': [1], 'AbBBBB': [7], 'bbbBB': [0, 5, 6], 'bbB': [2, 3, 4]}","[[[0, 0, 0, 0, 0, 0, 0, 0], [0, 0, 0, 0, 0, 0, 0, 1], [0, 0, 0, 0, 0, 0, 0, 0], [0, 0, 0, 0, 0, 0, 0, 0], [0, 0, 0, 0, 0, 0, 0, 0], [0, 0, 0, 0, 0, 0, 0, 0], [0, 0, 0, 0, 0, 0, 0, 0], [0, 0, 0, 0, 0, 0, 0, 0]], [[0, 0, 0, 0, 1, 1, 0, 1], [0, 0, 0, 0, 0, 0, 0, 0], [0, 0, 0, 0, 0, 0, 1, 1], [1, 0, 0, 0, 0, 0, 0, 1], [0, 1, 0, 1, 0, 0, 0, 0], [0, 1, 1, 0, 0, 0, 1, 0], [1, 1, 0, 0, 0, 0, 0, 1], [0, 0, 0, 0, 0, 1, 0, 0]]]",2.0,4,,,,True,3.234139888547361,302.7164852945134
GCvfNo,5,4,2.0,"['abBB', 'AbbbB', 'Abb', 'ABB']","{'abBB': [1, 4, 5, 6], 'AbbbB': [0, 7], 'Abb': [2], 'ABB': [3]}","[[[0, 0, 0, 0, 0, 0, 0, 0], [0, 0, 0, 0, 0, 0, 0, 1], [0, 0, 0, 0, 0, 0, 0, 0], [0, 0, 0, 0, 0, 0, 0, 0], [0, 0, 0, 1, 0, 0, 0, 0], [0, 0, 1, 0, 0, 0, 0, 0], [1, 0, 0, 0, 0, 0, 0, 0], [0, 0, 0, 0, 0, 0, 0, 0]], [[0, 0, 0, 1, 1, 1, 0, 0], [0, 0, 0, 0, 0, 1, 0, 0], [0, 0, 0, 0, 0, 0, 1, 1], [0, 0, 0, 0, 0, 0, 0, 0], [0, 1, 0, 0, 0, 0, 0, 0], [0, 0, 0, 0, 0, 0, 1, 0], [0, 1, 0, 0, 0, 0, 0, 0], [1, 0, 0, 1, 1, 0, 0, 0]]]",2.0,4,,,,True,31.960537225939333,83.96267097536474
GCvfNw,5,4,2.0,"['abBB', 'abB', 'AAbBB', 'Abbbbb']","{'abBB': [1, 4, 6], 'abB': [2, 3], 'AAbBB': [0, 5], 'Abbbbb': [7]}","[[[0, 0, 0, 0, 0, 0, 0, 0], [0, 0, 0, 0, 0, 1, 0, 0], [0, 0, 0, 0, 0, 1, 0, 0], [0, 0, 0, 0, 0, 0, 0, 1], [1, 0, 0, 0, 0, 0, 0, 0], [0, 0, 0, 0, 0, 0, 0, 0], [1, 0, 0, 0, 0, 0, 0, 0], [0, 0, 0, 0, 0, 0, 0, 0]], [[0, 0, 0, 1, 0, 0, 0, 0], [0, 0, 0, 0, 0, 0, 1, 0], [0, 0, 0, 0, 0, 0, 1, 0], [0, 0, 0, 0, 1, 0, 0, 0], [0, 1, 0, 0, 0, 0, 0, 0], [1, 0, 0, 0, 0, 0, 0, 0], [0, 0, 0, 0, 0, 1, 0, 0], [1, 1, 1, 0, 1, 1, 0, 0]]]",2.0,4,,,,True,7.879661084152758,294.5444356640801
GCrvV[,5,5,2.0,"['abBBB', 'AAAbBB', 'bbbB', 'bbB', 'bb']","{'abBBB': [0, 5, 6], 'AAAbBB': [7], 'bbbB': [1, 4], 'bbB': [2], 'bb': [3]}","[[[0, 0, 0, 0, 0, 0, 0, 1], [0, 0, 0, 0, 0, 0, 0, 0], [0, 0, 0, 0, 0, 0, 0, 0], [0, 0, 0, 0, 0, 0, 0, 0], [0, 0, 0, 0, 0, 0, 0, 0], [0, 0, 0, 0, 0, 0, 0, 1], [0, 0, 0, 0, 0, 0, 0, 1], [0, 0, 0, 0, 0, 0, 0, 0]], [[0, 0, 0, 0, 0, 0, 1, 0], [0, 0, 0, 0, 0, 1, 1, 1], [0, 0, 0, 0, 0, 1, 1, 0], [1, 0, 0, 0, 0, 1, 0, 0], [1, 1, 0, 0, 0, 0, 0, 1], [1, 0, 0, 0, 0, 0, 0, 0], [0, 0, 0, 0, 1, 0, 0, 0], [0, 0, 1, 0, 0, 0, 0, 0]]]",2.0,5,,,,True,45.41647990886122,304.82121285796165
GCvfN{,5,4,2.0,"['abBB', 'AAbBBBB', 'bbbBB', 'bbB']","{'abBB': [1, 4], 'AAbBBBB': [7], 'bbbBB': [0, 5, 6], 'bbB': [2, 3]}","[[[0, 0, 0, 0, 0, 0, 0, 0], [0, 0, 0, 0, 0, 0, 0, 1], [0, 0, 0, 0, 0, 0, 0, 0], [0, 0, 0, 0, 0, 0, 0, 0], [0, 0, 0, 0, 0, 0, 0, 1], [0, 0, 0, 0, 0, 0, 0, 0], [0, 0, 0, 0, 0, 0, 0, 0], [0, 0, 0, 0, 0, 0, 0, 0]], [[0, 0, 0, 0, 1, 1, 0, 1], [0, 0, 0, 0, 1, 0, 0, 0], [0, 0, 0, 0, 0, 1, 1, 0], [1, 0, 0, 0, 0, 0, 0, 1], [0, 0, 0, 1, 0, 0, 0, 0], [0, 1, 0, 0, 0, 0, 1, 1], [1, 1, 0, 0, 0, 0, 0, 1], [0, 0, 1, 0, 0, 0, 0, 0]]]",2.0,4,,,,True,5.122484274208546,509.9874814990908
GCvfP{,5,4,2.0,"['aBB', 'AAbB', 'ABBB', 'bbbbB']","{'aBB': [1, 2, 3], 'AAbB': [5], 'ABBB': [0], 'bbbbB': [4, 6, 7]}","[[[0, 0, 0, 0, 0, 0, 0, 0], [0, 0, 0, 0, 0, 1, 0, 0], [0, 0, 0, 0, 0, 1, 0, 0], [1, 0, 0, 0, 0, 0, 0, 0], [0, 0, 0, 0, 0, 0, 0, 0], [0, 0, 0, 0, 0, 0, 0, 0], [0, 0, 0, 0, 0, 0, 0, 0], [0, 0, 0, 0, 0, 0, 0, 0]], [[0, 0, 0, 0, 0, 0, 0, 0], [0, 0, 0, 0, 0, 0, 0, 0], [0, 0, 0, 0, 0, 0, 0, 0], [0, 0, 0, 0, 0, 0, 0, 0], [1, 1, 0, 1, 0, 0, 1, 0], [1, 0, 0, 0, 0, 0, 0, 0], [1, 1, 1, 0, 0, 0, 0, 1], [0, 0, 1, 1, 1, 1, 0, 0]]]",2.0,4,,,,True,6.426103485748172,129.90165872965008
GCvfQ{,5,4,2.0,"['abBB', 'aB', 'AbbbB', 'ABB']","{'abBB': [0, 1, 5], 'aB': [2], 'AbbbB': [4, 6, 7], 'ABB': [3]}","[[[0, 0, 0, 1, 0, 0, 0, 0], [0, 0, 0, 0, 1, 0, 0, 0], [0, 0, 0, 0, 0, 0, 1, 0], [0, 0, 0, 0, 0, 0, 0, 0], [0, 0, 0, 0, 0, 0, 0, 0], [0, 0, 0, 0, 0, 0, 0, 1], [0, 0, 0, 0, 0, 0, 0, 0], [0, 0, 0, 0, 0, 0, 0, 0]], [[0, 0, 0, 0, 0, 1, 0, 0], [0, 0, 0, 0, 0, 1, 0, 0], [0, 0, 0, 0, 0, 0, 0, 0], [0, 0, 0, 0, 0, 0, 0, 0], [1, 0, 0, 1, 0, 0, 1, 0], [0, 0, 1, 0, 0, 0, 0, 0], [1, 1, 0, 0, 0, 0, 0, 1], [0, 1, 0, 1, 1, 0, 0, 0]]]",2.0,4,,,,True,2.547946933656931,115.34987968858331
GCvfR[,5,4,2.0,"['abBB', 'aB', 'AbbbB', 'ABB']","{'abBB': [0, 1, 5], 'aB': [3], 'AbbbB': [4, 6, 7], 'ABB': [2]}","[[[0, 0, 0, 0, 0, 0, 1, 0], [0, 0, 0, 0, 0, 0, 0, 1], [0, 0, 0, 0, 0, 0, 0, 0], [0, 0, 0, 0, 1, 0, 0, 0], [0, 0, 0, 0, 0, 0, 0, 0], [0, 0, 1, 0, 0, 0, 0, 0], [0, 0, 0, 0, 0, 0, 0, 0], [0, 0, 0, 0, 0, 0, 0, 0]], [[0, 0, 0, 1, 0, 0, 0, 0], [0, 0, 0, 0, 0, 1, 0, 0], [0, 0, 0, 0, 0, 0, 0, 0], [0, 0, 0, 0, 0, 0, 0, 0], [1, 1, 0, 0, 0, 0, 0, 1], [1, 0, 0, 0, 0, 0, 0, 0], [0, 1, 1, 0, 1, 0, 0, 0], [0, 0, 1, 0, 0, 1, 1, 0]]]",2.0,4,,,,True,2.6793467234820127,103.37430364452302
GCvfRk,5,4,2.0,"['abBB', 'AbbbB', 'Abb', 'ABB']","{'abBB': [0, 1, 4, 5], 'AbbbB': [6, 7], 'Abb': [3], 'ABB': [2]}","[[[0, 0, 0, 0, 0, 0, 1, 0], [0, 0, 0, 0, 0, 0, 0, 1], [0, 0, 0, 0, 0, 0, 0, 0], [0, 0, 0, 0, 0, 0, 0, 0], [0, 0, 0, 1, 0, 0, 0, 0], [0, 0, 1, 0, 0, 0, 0, 0], [0, 0, 0, 0, 0, 0, 0, 0], [0, 0, 0, 0, 0, 0, 0, 0]], [[0, 0, 0, 0, 0, 1, 0, 0], [0, 0, 0, 0, 1, 0, 0, 0], [0, 0, 0, 0, 0, 0, 0, 0], [1, 0, 0, 0, 0, 0, 0, 1], [1, 0, 0, 0, 0, 0, 0, 0], [0, 1, 0, 0, 0, 0, 0, 0], [0, 1, 1, 0, 1, 0, 0, 0], [0, 0, 1, 0, 0, 1, 1, 0]]]",2.0,4,,,,True,39.13513562362641,90.93155832961202
GCvfRs,5,4,2.0,"['aBBB', 'AAb', 'bbbBB', 'bbB']","{'aBBB': [0, 1], 'AAb': [5], 'bbbBB': [4, 6, 7], 'bbB': [2, 3]}","[[[0, 0, 0, 0, 0, 1, 0, 0], [0, 0, 0, 0, 0, 1, 0, 0], [0, 0, 0, 0, 0, 0, 0, 0], [0, 0, 0, 0, 0, 0, 0, 0], [0, 0, 0, 0, 0, 0, 0, 0], [0, 0, 0, 0, 0, 0, 0, 0], [0, 0, 0, 0, 0, 0, 0, 0], [0, 0, 0, 0, 0, 0, 0, 0]], [[0, 0, 0, 0, 0, 0, 0, 0], [0, 0, 0, 0, 0, 0, 0, 0], [0, 0, 0, 0, 0, 0, 1, 1], [1, 0, 0, 0, 1, 0, 0, 0], [1, 1, 0, 0, 0, 0, 1, 0], [0, 0, 1, 0, 0, 0, 0, 0], [1, 1, 0, 0, 0, 0, 0, 1], [0, 1, 0, 1, 1, 0, 0, 0]]]",2.0,4,,,,True,6.283552496694028,133.09272554237396
GCvfRw,5,4,2.0,"['abBB', 'AbbbB', 'Abb', 'ABB']","{'abBB': [0, 1, 5, 6], 'AbbbB': [4, 7], 'Abb': [2], 'ABB': [3]}","[[[0, 0, 0, 1, 0, 0, 0, 0], [0, 0, 0, 0, 0, 0, 0, 1], [0, 0, 0, 0, 0, 0, 0, 0], [0, 0, 0, 0, 0, 0, 0, 0], [0, 0, 0, 0, 0, 0, 0, 0], [0, 0, 1, 0, 0, 0, 0, 0], [0, 0, 0, 0, 1, 0, 0, 0], [0, 0, 0, 0, 0, 0, 0, 0]], [[0, 0, 0, 0, 0, 0, 1, 0], [0, 0, 0, 0, 0, 1, 0, 0], [0, 0, 0, 0, 0, 0, 1, 1], [0, 0, 0, 0, 0, 0, 0, 0], [1, 1, 0, 1, 0, 0, 0, 0], [1, 0, 0, 0, 0, 0, 0, 0], [0, 1, 0, 0, 0, 0, 0, 0], [0, 0, 0, 1, 1, 1, 0, 0]]]",2.0,4,,,,True,34.2403484787792,72.95089548360556
GCvfR{,5,4,2.0,"['abBB', 'abB', 'AAbBB', 'Abbbbb']","{'abBB': [0, 1, 5], 'abB': [2, 3], 'AAbBB': [4, 6], 'Abbbbb': [7]}","[[[0, 0, 0, 0, 1, 0, 0, 0], [0, 0, 0, 0, 0, 0, 1, 0], [0, 0, 0, 0, 0, 0, 1, 0], [0, 0, 0, 0, 1, 0, 0, 0], [0, 0, 0, 0, 0, 0, 0, 0], [0, 0, 0, 0, 0, 0, 0, 1], [0, 0, 0, 0, 0, 0, 0, 0], [0, 0, 0, 0, 0, 0, 0, 0]], [[0, 0, 0, 0, 0, 0, 1, 0], [0, 0, 0, 0, 0, 1, 0, 0], [0, 0, 0, 0, 0, 1, 0, 0], [1, 0, 0, 0, 0, 0, 0, 0], [0, 1, 0, 0, 0, 0, 0, 0], [1, 0, 0, 0, 0, 0, 0, 0], [0, 0, 0, 0, 1, 0, 0, 0], [0, 1, 1, 1, 1, 0, 1, 0]]]",2.0,4,,,,True,5.817944176495075,229.83090643119067
GCvfT{,5,4,2.0,"['aBB', 'AAbB', 'AbBBBB', 'bbbbB']","{'aBB': [1, 2, 3], 'AAbB': [5], 'AbBBBB': [7], 'bbbbB': [0, 4, 6]}","[[[0, 0, 0, 0, 0, 0, 0, 0], [0, 0, 0, 0, 0, 1, 0, 0], [0, 0, 0, 0, 0, 1, 0, 0], [0, 0, 0, 0, 0, 0, 0, 1], [0, 0, 0, 0, 0, 0, 0, 0], [0, 0, 0, 0, 0, 0, 0, 0], [0, 0, 0, 0, 0, 0, 0, 0], [0, 0, 0, 0, 0, 0, 0, 0]], [[0, 0, 0, 1, 1, 1, 0, 1], [0, 0, 0, 0, 0, 0, 0, 0], [0, 0, 0, 0, 0, 0, 0, 0], [0, 0, 0, 0, 0, 0, 0, 0], [0, 1, 0, 1, 0, 0, 1, 1], [0, 0, 0, 0, 0, 0, 0, 1], [1, 1, 1, 0, 0, 0, 0, 1], [0, 0, 1, 0, 0, 0, 0, 0]]]",2.0,4,,,,True,3.516314630396664,264.7235499471426
GCvfU{,5,5,2.0,"['abBBB', 'AAAbBB', 'bbbB', 'bbB', 'bb']","{'abBBB': [0, 4, 6], 'AAAbBB': [7], 'bbbB': [1, 5], 'bbB': [3], 'bb': [2]}","[[[0, 0, 0, 0, 0, 0, 0, 1], [0, 0, 0, 0, 0, 0, 0, 0], [0, 0, 0, 0, 0, 0, 0, 0], [0, 0, 0, 0, 0, 0, 0, 0], [0, 0, 0, 0, 0, 0, 0, 1], [0, 0, 0, 0, 0, 0, 0, 0], [0, 0, 0, 0, 0, 0, 0, 1], [0, 0, 0, 0, 0, 0, 0, 0]], [[0, 0, 0, 0, 1, 0, 0, 0], [0, 0, 0, 0, 1, 0, 1, 1], [0, 0, 0, 0, 0, 1, 1, 0], [1, 0, 0, 0, 1, 0, 0, 0], [0, 0, 0, 0, 0, 0, 1, 0], [1, 1, 0, 0, 0, 0, 0, 1], [1, 0, 0, 0, 0, 0, 0, 0], [0, 0, 0, 1, 0, 0, 0, 0]]]",2.0,5,,,,True,44.28441693354398,261.5072328224778
GCrvVk,5,4,2.0,"['aBB', 'AAbbBB', 'ABBB', 'bbbbB']","{'aBB': [2, 3, 4], 'AAbbBB': [7], 'ABBB': [1], 'bbbbB': [0, 5, 6]}","[[[0, 0, 0, 0, 0, 0, 0, 0], [0, 0, 0, 0, 0, 0, 0, 0], [0, 0, 0, 0, 0, 0, 0, 1], [0, 0, 0, 0, 0, 0, 0, 1], [0, 1, 0, 0, 0, 0, 0, 0], [0, 0, 0, 0, 0, 0, 0, 0], [0, 0, 0, 0, 0, 0, 0, 0], [0, 0, 0, 0, 0, 0, 0, 0]], [[0, 0, 0, 1, 1, 1, 0, 1], [0, 0, 0, 0, 0, 0, 0, 0], [0, 0, 0, 0, 0, 0, 0, 0], [0, 0, 0, 0, 0, 0, 0, 0], [0, 0, 0, 0, 0, 0, 0, 0], [0, 1, 1, 1, 0, 0, 0, 1], [1, 1, 1, 0, 1, 0, 0, 0], [0, 1, 0, 0, 0, 0, 1, 0]]]",2.0,4,,,,True,3.464525720104575,330.3444653907791
GCvfVS,5,5,2.0,"['abBB', 'aB', 'AABBB', 'bbbBB', 'bbB']","{'abBB': [1], 'aB': [3], 'AABBB': [4], 'bbbBB': [0, 6, 7], 'bbB': [2, 5]}","[[[0, 0, 0, 0, 0, 0, 0, 0], [0, 0, 0, 0, 1, 0, 0, 0], [0, 0, 0, 0, 0, 0, 0, 0], [0, 0, 0, 0, 1, 0, 0, 0], [0, 0, 0, 0, 0, 0, 0, 0], [0, 0, 0, 0, 0, 0, 0, 0], [0, 0, 0, 0, 0, 0, 0, 0], [0, 0, 0, 0, 0, 0, 0, 0]], [[0, 0, 0, 1, 1, 0, 1, 0], [0, 0, 0, 0, 0, 0, 0, 1], [0, 0, 0, 0, 0, 1, 1, 0], [0, 0, 0, 0, 0, 0, 0, 0], [0, 0, 0, 0, 0, 0, 0, 0], [1, 1, 0, 0, 0, 0, 0, 0], [0, 1, 0, 0, 1, 0, 0, 1], [1, 0, 1, 0, 1, 0, 0, 0]]]",2.0,5,,,,True,431.0513506568968,117.34270452242345
GCvfVW,5,4,2.0,"['abBB', 'aB', 'AbbbB', 'ABB']","{'abBB': [1, 5, 6], 'aB': [3], 'AbbbB': [0, 4, 7], 'ABB': [2]}","[[[0, 0, 0, 0, 0, 0, 0, 0], [0, 0, 0, 0, 0, 0, 0, 1], [0, 0, 0, 0, 0, 0, 0, 0], [0, 0, 0, 0, 1, 0, 0, 0], [0, 0, 0, 0, 0, 0, 0, 0], [1, 0, 0, 0, 0, 0, 0, 0], [0, 0, 1, 0, 0, 0, 0, 0], [0, 0, 0, 0, 0, 0, 0, 0]], [[0, 0, 0, 1, 1, 0, 1, 0], [0, 0, 0, 0, 0, 1, 0, 0], [0, 0, 0, 0, 0, 0, 0, 0], [0, 0, 0, 0, 0, 0, 0, 0], [0, 1, 0, 0, 0, 0, 1, 1], [0, 0, 1, 0, 0, 0, 0, 0], [0, 1, 0, 0, 0, 0, 0, 0], [1, 0, 1, 0, 0, 1, 0, 0]]]",2.0,4,,,,True,4.728091017343104,106.03855695389213
GCvfV[,5,5,2.0,"['abBBB', 'AAAbBB', 'bbbB', 'bbB', 'bb']","{'abBBB': [0, 4, 6], 'AAAbBB': [7], 'bbbB': [1, 5], 'bbB': [2], 'bb': [3]}","[[[0, 0, 0, 0, 0, 0, 0, 1], [0, 0, 0, 0, 0, 0, 0, 0], [0, 0, 0, 0, 0, 0, 0, 0], [0, 0, 0, 0, 0, 0, 0, 0], [0, 0, 0, 0, 0, 0, 0, 1], [0, 0, 0, 0, 0, 0, 0, 0], [0, 0, 0, 0, 0, 0, 0, 1], [0, 0, 0, 0, 0, 0, 0, 0]], [[0, 0, 0, 0, 1, 0, 0, 0], [0, 0, 0, 0, 1, 0, 1, 1], [0, 0, 0, 0, 0, 0, 1, 1], [1, 0, 0, 0, 1, 0, 0, 0], [0, 0, 0, 0, 0, 0, 1, 0], [1, 1, 1, 0, 0, 0, 0, 0], [1, 0, 0, 0, 0, 0, 0, 0], [0, 0, 0, 0, 0, 1, 0, 0]]]",2.0,5,,,,True,43.79107003938407,244.30777909141037
GCvfVg,5,4,2.0,"['abBB', 'AbbbB', 'Abb', 'ABB']","{'abBB': [1, 4, 5, 6], 'AbbbB': [0, 7], 'Abb': [2], 'ABB': [3]}","[[[0, 0, 0, 0, 0, 0, 0, 0], [0, 0, 0, 0, 0, 0, 0, 1], [0, 0, 0, 0, 0, 0, 0, 0], [0, 0, 0, 0, 0, 0, 0, 0], [0, 0, 0, 1, 0, 0, 0, 0], [0, 0, 1, 0, 0, 0, 0, 0], [1, 0, 0, 0, 0, 0, 0, 0], [0, 0, 0, 0, 0, 0, 0, 0]], [[0, 0, 0, 1, 1, 1, 0, 0], [0, 0, 0, 0, 0, 0, 1, 0], [0, 0, 0, 0, 0, 0, 1, 1], [0, 0, 0, 0, 0, 0, 0, 0], [0, 1, 0, 0, 0, 0, 0, 0], [0, 1, 0, 0, 0, 0, 0, 0], [0, 0, 0, 0, 1, 0, 0, 0], [1, 0, 0, 1, 0, 1, 0, 0]]]",2.0,4,,,,True,29.71138108242303,71.67423834931105
GCvfVk,5,4,2.0,"['abBB', 'abB', 'AAbBB', 'Abbbbb']","{'abBB': [1, 4, 5], 'abB': [2, 3], 'AAbBB': [0, 6], 'Abbbbb': [7]}","[[[0, 0, 0, 0, 0, 0, 0, 0], [0, 0, 0, 0, 0, 0, 0, 1], [0, 0, 0, 0, 0, 0, 1, 0], [1, 0, 0, 0, 0, 0, 0, 0], [0, 0, 0, 0, 0, 0, 1, 0], [1, 0, 0, 0, 0, 0, 0, 0], [0, 0, 0, 0, 0, 0, 0, 0], [0, 0, 0, 0, 0, 0, 0, 0]], [[0, 0, 0, 0, 1, 0, 0, 0], [0, 0, 0, 0, 0, 0, 1, 0], [0, 0, 0, 0, 0, 1, 0, 0], [0, 0, 0, 0, 1, 0, 0, 0], [0, 1, 0, 0, 0, 0, 0, 0], [0, 1, 0, 0, 0, 0, 0, 0], [1, 0, 0, 0, 0, 0, 0, 0], [1, 0, 1, 1, 0, 1, 1, 0]]]",2.0,4,,,,True,7.853171100839972,254.11681555584076
GCvfVs,5,4,2.0,"['aBBB', 'AbBBBB', 'bbbBB', 'bbB']","{'aBBB': [1], 'AbBBBB': [7], 'bbbBB': [0, 4, 6], 'bbB': [2, 3, 5]}","[[[0, 0, 0, 0, 0, 0, 0, 0], [0, 0, 0, 0, 0, 0, 0, 1], [0, 0, 0, 0, 0, 0, 0, 0], [0, 0, 0, 0, 0, 0, 0, 0], [0, 0, 0, 0, 0, 0, 0, 0], [0, 0, 0, 0, 0, 0, 0, 0], [0, 0, 0, 0, 0, 0, 0, 0], [0, 0, 0, 0, 0, 0, 0, 0]], [[0, 0, 0, 0, 1, 1, 1, 0], [0, 0, 0, 0, 0, 0, 0, 0], [0, 0, 0, 0, 0, 0, 1, 1], [1, 0, 0, 0, 0, 0, 0, 1], [0, 1, 0, 1, 0, 0, 0, 1], [0, 1, 1, 0, 0, 0, 0, 0], [0, 1, 0, 0, 1, 0, 0, 1], [1, 0, 0, 0, 0, 0, 0, 0]]]",2.0,4,,,,True,2.0596818095073104,255.5268769459799
GCvfVw,5,4,2.0,"['abBB', 'abB', 'AAbBB', 'Abbbbb']","{'abBB': [1, 5, 6], 'abB': [2, 3], 'AAbBB': [0, 4], 'Abbbbb': [7]}","[[[0, 0, 0, 0, 0, 0, 0, 0], [0, 0, 0, 0, 1, 0, 0, 0], [0, 0, 0, 0, 0, 0, 0, 1], [0, 0, 0, 0, 1, 0, 0, 0], [0, 0, 0, 0, 0, 0, 0, 0], [1, 0, 0, 0, 0, 0, 0, 0], [1, 0, 0, 0, 0, 0, 0, 0], [0, 0, 0, 0, 0, 0, 0, 0]], [[0, 0, 0, 0, 1, 0, 0, 0], [0, 0, 0, 0, 0, 0, 1, 0], [0, 0, 0, 0, 0, 1, 0, 0], [1, 0, 0, 0, 0, 0, 0, 0], [0, 0, 0, 0, 0, 0, 1, 0], [0, 1, 0, 0, 0, 0, 0, 0], [0, 0, 1, 0, 0, 0, 0, 0], [1, 1, 0, 1, 1, 1, 0, 0]]]",2.0,4,,,,True,5.4419747851789,270.23167937248945
GCvfV{,5,4,2.0,"['abBB', 'AAbBBBB', 'bbbBB', 'bbB']","{'abBB': [1, 5], 'AAbBBBB': [7], 'bbbBB': [0, 4, 6], 'bbB': [2, 3]}","[[[0, 0, 0, 0, 0, 0, 0, 0], [0, 0, 0, 0, 0, 0, 0, 1], [0, 0, 0, 0, 0, 0, 0, 0], [0, 0, 0, 0, 0, 0, 0, 0], [0, 0, 0, 0, 0, 0, 0, 0], [0, 0, 0, 0, 0, 0, 0, 1], [0, 0, 0, 0, 0, 0, 0, 0], [0, 0, 0, 0, 0, 0, 0, 0]], [[0, 0, 0, 1, 1, 1, 0, 0], [0, 0, 0, 0, 0, 1, 0, 0], [0, 0, 0, 0, 0, 0, 1, 1], [0, 0, 0, 0, 1, 0, 0, 1], [0, 1, 0, 0, 0, 0, 1, 1], [0, 0, 1, 0, 0, 0, 0, 0], [1, 1, 0, 0, 0, 0, 0, 1], [1, 0, 0, 0, 0, 0, 0, 0]]]",2.0,4,,,,True,6.059208287857473,461.1936851255596
GCvfZ{,5,5,2.0,"['aBBB', 'AbbBBB', 'ABBBBB', 'bbbbB', 'bbb']","{'aBBB': [0, 1], 'AbbBBB': [6], 'ABBBBB': [7], 'bbbbB': [4, 5], 'bbb': [2, 3]}","[[[0, 0, 0, 0, 0, 0, 1, 0], [0, 0, 0, 0, 0, 0, 0, 1], [0, 0, 0, 0, 0, 0, 0, 0], [0, 0, 0, 0, 0, 0, 0, 0], [0, 0, 0, 0, 0, 0, 0, 0], [0, 0, 0, 0, 0, 0, 0, 0], [0, 0, 0, 0, 0, 0, 0, 0], [0, 0, 0, 0, 0, 0, 0, 0]], [[0, 0, 0, 0, 0, 0, 0, 0], [0, 0, 0, 0, 0, 0, 0, 0], [0, 0, 0, 0, 0, 1, 1, 1], [1, 0, 0, 0, 1, 0, 0, 1], [1, 1, 0, 0, 0, 0, 1, 1], [1, 1, 0, 0, 0, 0, 1, 1], [0, 1, 0, 0, 0, 0, 0, 1], [0, 0, 0, 0, 0, 0, 0, 0]]]",2.0,5,,,,True,36074.30793489143,549.8292078459635
GCvf]{,5,5,2.0,"['abb', 'abBBB', 'AbbbBB', 'AbbB', 'Ab']","{'abb': [3], 'abBBB': [0, 4, 5], 'AbbbBB': [6, 7], 'AbbB': [1], 'Ab': [2]}","[[[0, 0, 0, 0, 0, 0, 1, 0], [0, 0, 0, 0, 0, 0, 0, 0], [0, 0, 0, 0, 0, 0, 0, 0], [0, 0, 0, 0, 0, 0, 0, 1], [0, 1, 0, 0, 0, 0, 0, 0], [0, 0, 1, 0, 0, 0, 0, 0], [0, 0, 0, 0, 0, 0, 0, 0], [0, 0, 0, 0, 0, 0, 0, 0]], [[0, 0, 0, 0, 0, 1, 0, 0], [0, 0, 0, 0, 0, 0, 1, 1], [0, 0, 0, 0, 0, 0, 1, 0], [1, 0, 0, 0, 1, 0, 0, 0], [1, 0, 0, 0, 0, 0, 0, 0], [0, 1, 0, 0, 0, 0, 0, 0], [0, 0, 0, 0, 1, 1, 0, 1], [1, 0, 0, 0, 1, 1, 0, 0]]]",2.0,5,,,,True,95.9873061729595,534.4669108362868
GCrvVo,5,4,2.0,"['abBB', 'AbbbB', 'Abb', 'ABB']","{'abBB': [1, 4, 5, 6], 'AbbbB': [0, 7], 'Abb': [2], 'ABB': [3]}","[[[0, 0, 0, 0, 0, 0, 0, 0], [0, 0, 0, 0, 0, 0, 0, 1], [0, 0, 0, 0, 0, 0, 0, 0], [0, 0, 0, 0, 0, 0, 0, 0], [1, 0, 0, 0, 0, 0, 0, 0], [0, 0, 0, 1, 0, 0, 0, 0], [0, 0, 1, 0, 0, 0, 0, 0], [0, 0, 0, 0, 0, 0, 0, 0]], [[0, 0, 0, 1, 0, 1, 1, 0], [0, 0, 0, 0, 0, 0, 1, 0], [0, 0, 0, 0, 0, 1, 0, 1], [0, 0, 0, 0, 0, 0, 0, 0], [0, 1, 0, 0, 0, 0, 0, 0], [0, 1, 0, 0, 0, 0, 0, 0], [0, 0, 0, 0, 1, 0, 0, 0], [1, 0, 0, 1, 1, 0, 0, 0]]]",2.0,4,,,,True,33.54327452555299,87.79193179868162
GCvf^[,5,5,2.0,"['abb', 'abBBB', 'AbbbBB', 'AbbB', 'Ab']","{'abb': [2], 'abBBB': [0, 4, 5], 'AbbbBB': [6, 7], 'AbbB': [1], 'Ab': [3]}","[[[0, 0, 0, 1, 0, 0, 0, 0], [0, 0, 0, 0, 0, 0, 0, 0], [0, 0, 0, 0, 0, 0, 1, 0], [0, 0, 0, 0, 0, 0, 0, 0], [0, 1, 0, 0, 0, 0, 0, 0], [0, 0, 0, 0, 0, 0, 0, 1], [0, 0, 0, 0, 0, 0, 0, 0], [0, 0, 0, 0, 0, 0, 0, 0]], [[0, 0, 0, 0, 0, 0, 1, 0], [0, 0, 0, 0, 0, 1, 0, 1], [0, 0, 0, 0, 0, 1, 0, 1], [0, 0, 0, 0, 1, 0, 0, 0], [1, 0, 0, 0, 0, 0, 0, 0], [1, 0, 0, 0, 0, 0, 0, 0], [0, 1, 0, 0, 1, 1, 0, 0], [1, 0, 0, 0, 1, 0, 1, 0]]]",2.0,5,,,,True,89.12004570383579,447.5386509690434
GCvf^k,5,5,2.0,"['abBB', 'AbbBBB', 'bbbbB', 'bbb', 'BBBBB']","{'abBB': [1, 4], 'AbbBBB': [6, 7], 'bbbbB': [5], 'bbb': [2, 3], 'BBBBB': [0]}","[[[0, 0, 0, 0, 0, 0, 0, 0], [0, 0, 0, 0, 0, 0, 0, 1], [0, 0, 0, 0, 0, 0, 0, 0], [0, 0, 0, 0, 0, 0, 0, 0], [0, 0, 0, 0, 0, 0, 1, 0], [0, 0, 0, 0, 0, 0, 0, 0], [0, 0, 0, 0, 0, 0, 0, 0], [0, 0, 0, 0, 0, 0, 0, 0]], [[0, 0, 0, 0, 0, 0, 0, 0], [0, 0, 0, 0, 1, 0, 0, 0], [0, 0, 0, 0, 0, 1, 1, 1], [1, 0, 0, 0, 1, 0, 0, 1], [1, 0, 0, 0, 0, 0, 0, 0], [1, 1, 0, 0, 0, 0, 1, 1], [1, 1, 0, 0, 0, 0, 0, 0], [1, 0, 0, 0, 0, 0, 1, 0]]]",2.0,5,,,,True,24878.67677722778,438.6593245174736
GCvf^s,5,5,2.0,"['abBB', 'AbbBBB', 'bbbbB', 'bbb', 'BBBBB']","{'abBB': [1, 5], 'AbbBBB': [6, 7], 'bbbbB': [4], 'bbb': [2, 3], 'BBBBB': [0]}","[[[0, 0, 0, 0, 0, 0, 0, 0], [0, 0, 0, 0, 0, 0, 0, 1], [0, 0, 0, 0, 0, 0, 0, 0], [0, 0, 0, 0, 0, 0, 0, 0], [0, 0, 0, 0, 0, 0, 0, 0], [0, 0, 0, 0, 0, 0, 1, 0], [0, 0, 0, 0, 0, 0, 0, 0], [0, 0, 0, 0, 0, 0, 0, 0]], [[0, 0, 0, 0, 0, 0, 0, 0], [0, 0, 0, 0, 0, 1, 0, 0], [0, 0, 0, 0, 0, 1, 1, 1], [1, 0, 0, 0, 1, 0, 0, 1], [1, 1, 0, 0, 0, 0, 1, 1], [1, 0, 0, 0, 0, 0, 0, 0], [1, 1, 0, 0, 0, 0, 0, 0], [1, 0, 0, 0, 0, 0, 1, 0]]]",2.0,5,,,,True,16998.37068543397,360.07598312664777
GCvf^w,5,4,2.0,"['aBBB', 'AbBBBB', 'bbbBB', 'bbB']","{'aBBB': [1], 'AbBBBB': [7], 'bbbBB': [0, 4, 5, 6], 'bbB': [2, 3]}","[[[0, 0, 0, 0, 0, 0, 0, 0], [0, 0, 0, 0, 0, 0, 0, 1], [0, 0, 0, 0, 0, 0, 0, 0], [0, 0, 0, 0, 0, 0, 0, 0], [0, 0, 0, 0, 0, 0, 0, 0], [0, 0, 0, 0, 0, 0, 0, 0], [0, 0, 0, 0, 0, 0, 0, 0], [0, 0, 0, 0, 0, 0, 0, 0]], [[0, 0, 0, 0, 1, 1, 1, 0], [0, 0, 0, 0, 0, 0, 0, 0], [0, 0, 0, 0, 0, 0, 1, 1], [1, 0, 0, 0, 0, 0, 0, 1], [0, 1, 0, 1, 0, 0, 0, 1], [0, 1, 1, 0, 0, 0, 0, 1], [0, 1, 0, 0, 1, 1, 0, 0], [1, 0, 0, 0, 0, 0, 0, 0]]]",2.0,4,,,,True,2.5585010163486004,277.0225559147075
GCvf^{,5,5,2.0,"['aBBB', 'AbBBBB', 'bbbbBBB', 'bbbBB', 'bbB']","{'aBBB': [1], 'AbBBBB': [6], 'bbbbBBB': [7], 'bbbBB': [0, 4, 5], 'bbB': [2, 3]}","[[[0, 0, 0, 0, 0, 0, 0, 0], [0, 0, 0, 0, 0, 0, 1, 0], [0, 0, 0, 0, 0, 0, 0, 0], [0, 0, 0, 0, 0, 0, 0, 0], [0, 0, 0, 0, 0, 0, 0, 0], [0, 0, 0, 0, 0, 0, 0, 0], [0, 0, 0, 0, 0, 0, 0, 0], [0, 0, 0, 0, 0, 0, 0, 0]], [[0, 0, 0, 1, 1, 0, 0, 1], [0, 0, 0, 0, 0, 0, 0, 0], [0, 0, 0, 0, 0, 1, 1, 0], [0, 0, 0, 0, 1, 0, 0, 1], [0, 1, 0, 0, 0, 0, 1, 1], [1, 1, 0, 0, 0, 0, 1, 0], [1, 0, 0, 0, 0, 0, 0, 0], [0, 1, 1, 0, 0, 1, 1, 0]]]",2.0,5,,,,True,32.1744630029425,873.567343454808
GCvfnk,5,5,2.0,"['aBBB', 'Abbbbb', 'AbBBBB', 'bbbBB', 'bbB']","{'aBBB': [1, 3], 'Abbbbb': [7], 'AbBBBB': [6], 'bbbBB': [0, 5], 'bbB': [2, 4]}","[[[0, 0, 0, 0, 0, 0, 0, 0], [0, 0, 0, 0, 0, 0, 1, 0], [0, 0, 0, 0, 0, 0, 0, 0], [0, 0, 0, 0, 0, 0, 0, 1], [0, 0, 0, 0, 0, 0, 0, 0], [0, 0, 0, 0, 0, 0, 0, 0], [0, 0, 0, 0, 0, 0, 0, 0], [0, 0, 0, 0, 0, 0, 0, 0]], [[0, 0, 0, 1, 1, 0, 1, 0], [0, 0, 0, 0, 0, 0, 0, 0], [0, 0, 0, 0, 0, 1, 1, 0], [0, 0, 0, 0, 0, 0, 0, 0], [0, 1, 0, 1, 0, 0, 0, 0], [1, 1, 0, 0, 0, 0, 1, 0], [0, 0, 0, 1, 0, 0, 0, 0], [1, 1, 1, 0, 0, 1, 1, 0]]]",2.0,5,,,,True,18941.87932736613,336.14517677761614
GCvfnw,5,4,2.0,"['abBB', 'AAAbBB', 'bbbBB', 'bbB']","{'abBB': [1, 3, 4], 'AAAbBB': [7], 'bbbBB': [0, 5, 6], 'bbB': [2]}","[[[0, 0, 0, 0, 0, 0, 0, 0], [0, 0, 0, 0, 0, 0, 0, 1], [0, 0, 0, 0, 0, 0, 0, 0], [0, 0, 0, 0, 0, 0, 0, 1], [0, 0, 0, 0, 0, 0, 0, 1], [0, 0, 0, 0, 0, 0, 0, 0], [0, 0, 0, 0, 0, 0, 0, 0], [0, 0, 0, 0, 0, 0, 0, 0]], [[0, 0, 0, 1, 1, 1, 0, 0], [0, 0, 0, 0, 1, 0, 0, 0], [0, 0, 0, 0, 0, 0, 1, 1], [0, 0, 0, 0, 0, 0, 1, 0], [0, 0, 0, 1, 0, 0, 0, 0], [0, 1, 1, 0, 0, 0, 0, 1], [1, 1, 0, 0, 0, 1, 0, 0], [1, 0, 0, 0, 0, 0, 0, 0]]]",2.0,4,,,,True,6.068402621895075,267.23832544963807
GCvfn{,5,5,2.0,"['abBB', 'AABBBBB', 'AbbBBB', 'bbbbB', 'bbb']","{'abBB': [1, 3, 4], 'AABBBBB': [7], 'AbbBBB': [6], 'bbbbB': [0, 5], 'bbb': [2]}","[[[0, 0, 0, 0, 0, 0, 0, 0], [0, 0, 0, 0, 0, 0, 0, 1], [0, 0, 0, 0, 0, 0, 0, 0], [0, 0, 0, 0, 0, 0, 1, 0], [0, 0, 0, 0, 0, 0, 0, 1], [0, 0, 0, 0, 0, 0, 0, 0], [0, 0, 0, 0, 0, 0, 0, 0], [0, 0, 0, 0, 0, 0, 0, 0]], [[0, 0, 0, 1, 1, 0, 1, 1], [0, 0, 0, 0, 1, 0, 0, 0], [0, 0, 0, 0, 0, 1, 1, 1], [0, 0, 0, 0, 0, 0, 0, 1], [0, 0, 0, 1, 0, 0, 0, 0], [1, 1, 0, 0, 0, 0, 1, 1], [0, 1, 0, 0, 0, 0, 0, 1], [0, 0, 0, 0, 0, 0, 0, 0]]]",2.0,5,,,,True,60.986054012551904,648.5230994774029
GCvfu{,5,4,2.0,"['abBB', 'AbbBBB', 'AB', 'bbbbB']","{'abBB': [1, 3, 5], 'AbbBBB': [6, 7], 'AB': [2], 'bbbbB': [0, 4]}","[[[0, 0, 0, 0, 0, 0, 0, 0], [0, 0, 0, 0, 0, 0, 0, 1], [0, 0, 0, 0, 0, 0, 0, 0], [0, 0, 0, 0, 0, 0, 1, 0], [0, 0, 0, 0, 0, 0, 0, 0], [0, 0, 1, 0, 0, 0, 0, 0], [0, 0, 0, 0, 0, 0, 0, 0], [0, 0, 0, 0, 0, 0, 0, 0]], [[0, 0, 0, 0, 1, 1, 1, 1], [0, 0, 0, 0, 0, 1, 0, 0], [0, 0, 0, 0, 0, 0, 0, 0], [1, 0, 0, 0, 0, 0, 0, 0], [0, 1, 0, 1, 0, 0, 1, 1], [0, 0, 0, 0, 0, 0, 0, 1], [0, 1, 1, 0, 0, 0, 0, 0], [0, 0, 0, 1, 0, 0, 1, 0]]]",2.0,4,,,,True,2.1679573403671384,208.1525480095297
GCvfvk,5,4,2.0,"['abBB', 'AABBB', 'AbbbbB', 'bbB']","{'abBB': [1, 3, 4, 5], 'AABBB': [0], 'AbbbbB': [6, 7], 'bbB': [2]}","[[[0, 0, 0, 0, 0, 0, 0, 0], [0, 0, 0, 0, 0, 0, 1, 0], [0, 0, 0, 0, 0, 0, 0, 0], [1, 0, 0, 0, 0, 0, 0, 0], [1, 0, 0, 0, 0, 0, 0, 0], [0, 0, 0, 0, 0, 0, 0, 1], [0, 0, 0, 0, 0, 0, 0, 0], [0, 0, 0, 0, 0, 0, 0, 0]], [[0, 0, 0, 0, 0, 0, 0, 0], [0, 0, 0, 0, 0, 1, 0, 0], [0, 0, 0, 0, 0, 1, 0, 1], [0, 0, 0, 0, 1, 0, 0, 0], [0, 1, 0, 0, 0, 0, 0, 0], [1, 0, 0, 0, 0, 0, 0, 0], [1, 0, 1, 1, 1, 0, 0, 0], [1, 1, 0, 1, 0, 0, 1, 0]]]",2.0,4,,,,True,4.707024609670043,175.94759154878557
GCruvk,3,5,3.0,"['aBBcCC', 'aBC', 'ac', 'ABccC', 'bbbC']","{'aBBcCC': [7], 'aBC': [4], 'ac': [2], 'ABccC': [0, 5, 6], 'bbbC': [1, 3]}","[[[0, 0, 0, -0.0, -0.0, -0.0, -0.0, -0.0], [0, 0, 0, 0, 0.0, -0.0, -0.0, 0.0], [0, 0, 0, 0, 0, 1.0, 0, -0.0], [-0.0, 0, 0, 0, 0, -0.0, -0.0, -0.0], [0.0, -0.0, 0, 0, 0, 0, 1.0, 0], [-0.0, -0.0, 0.0, -0.0, 0, 0, 0, -0.0], [-0.0, -0.0, 0, -0.0, -0.0, 0, 0, -0.0], [1.0, -0.0, -0.0, -0.0, 0, 0.0, -0.0, 0]], [[0, 0, 0, -0.0, -0.0, 0.0, -0.0, -0.0], [0, 0, 0, 0, 1.0, 0.0, 1.0, 1.0], [0, 0, 0, 0, 0, -0.0, 0, -0.0], [1.0, 0, 0, 0, 0, 1.0, -0.0, 1.0], [-0.0, 0.0, 0, 0, 0, 0, -0.0, 0], [-0.0, -0.0, -0.0, -0.0, 0, 0, 0, -0.0], [0.0, -0.0, 0, -0.0, -0.0, 0, 0, -0.0], [-0.0, -0.0, 0.0, -0.0, 0, 0.0, -0.0, 0]], [[0, 0, 0, 0.0, 1.0, 1.0, 0.0, -0.0], [0, 0, 0, 0, 0.0, -0.0, -0.0, -0.0], [0, 0, 0, 0, 0, -0.0, 0, 1.0], [-0.0, 0, 0, 0, 0, -0.0, 0.0, -0.0], [-0.0, 0.0, 0, 0, 0, 0, -0.0, 0], [-0.0, 1.0, -0.0, 0.0, 0, 0, 0, 1.0], [1.0, 0.0, 0, 1.0, 0.0, 0, 0, -0.0], [0.0, 0.0, -0.0, 0.0, 0, 0.0, 1.0, 0]]]",2.0,6,"['aaaaab', 'aBBB', 'AbbBB', 'AbbB', 'AbB', 'Ab']","{'aaaaab': [7], 'aBBB': [1], 'AbbBB': [0, 5, 6], 'AbbB': [3], 'AbB': [4], 'Ab': [2]}","[[[0, 0, 0, -0.0, -0.0, -0.0, -0.0, -0.0], [0, 0, 0, 0, 1.0, -0.0, -0.0, -0.0], [0, 0, 0, 0, 0, -0.0, 0, -0.0], [-0.0, 0, 0, 0, 0, -0.0, -0.0, -0.0], [-0.0, -0.0, 0, 0, 0, 0, -0.0, 0], [-0.0, -0.0, -0.0, -0.0, 0, 0, 0, -0.0], [-0.0, -0.0, 0, -0.0, -0.0, 0, 0, -0.0], [1.0, -0.0, 1.0, 1.0, 0, 1.0, 1.0, 0]], [[0, 0, 0, -0.0, 1.0, 1.0, -0.0, -0.0], [0, 0, 0, 0, -0.0, -0.0, -0.0, -0.0], [0, 0, 0, 0, 0, 1.0, 0, -0.0], [1.0, 0, 0, 0, 0, -0.0, 1.0, -0.0], [-0.0, -0.0, 0, 0, 0, 0, 1.0, 0], [-0.0, 1.0, -0.0, 1.0, 0, 0, 0, -0.0], [1.0, 1.0, 0, -0.0, -0.0, 0, 0, -0.0], [-0.0, 1.0, -0.0, -0.0, 0, -0.0, -0.0, 0]]]",False,1.5591434640809894,448.51663176808506
GCrvVs,5,4,2.0,"['abBB', 'abB', 'AAbBB', 'Abbbbb']","{'abBB': [1, 4, 5], 'abB': [2, 3], 'AAbBB': [0, 6], 'Abbbbb': [7]}","[[[0, 0, 0, 0, 0, 0, 0, 0], [0, 0, 0, 0, 0, 0, 1, 0], [0, 0, 0, 0, 0, 0, 0, 1], [1, 0, 0, 0, 0, 0, 0, 0], [0, 0, 0, 0, 0, 0, 1, 0], [1, 0, 0, 0, 0, 0, 0, 0], [0, 0, 0, 0, 0, 0, 0, 0], [0, 0, 0, 0, 0, 0, 0, 0]], [[0, 0, 0, 0, 0, 0, 1, 0], [0, 0, 0, 0, 1, 0, 0, 0], [0, 0, 0, 0, 0, 1, 0, 0], [0, 0, 0, 0, 0, 1, 0, 0], [1, 0, 0, 0, 0, 0, 0, 0], [0, 1, 0, 0, 0, 0, 0, 0], [0, 0, 1, 0, 0, 0, 0, 0], [1, 1, 0, 1, 1, 0, 1, 0]]]",2.0,4,,,,True,6.813989432528615,304.1946856919676
GCvfvs,5,5,2.0,"['aBBB', 'Abbbbb', 'AbBBBB', 'bbbBB', 'bbB']","{'aBBB': [1, 3], 'Abbbbb': [6], 'AbBBBB': [7], 'bbbBB': [0, 4], 'bbB': [2, 5]}","[[[0, 0, 0, 0, 0, 0, 0, 0], [0, 0, 0, 0, 0, 0, 0, 1], [0, 0, 0, 0, 0, 0, 0, 0], [0, 0, 0, 0, 0, 0, 1, 0], [0, 0, 0, 0, 0, 0, 0, 0], [0, 0, 0, 0, 0, 0, 0, 0], [0, 0, 0, 0, 0, 0, 0, 0], [0, 0, 0, 0, 0, 0, 0, 0]], [[0, 0, 0, 1, 1, 0, 0, 1], [0, 0, 0, 0, 0, 0, 0, 0], [0, 0, 0, 0, 0, 1, 0, 1], [0, 0, 0, 0, 0, 0, 0, 0], [0, 1, 0, 1, 0, 0, 0, 1], [1, 1, 0, 0, 0, 0, 0, 0], [1, 1, 1, 0, 1, 0, 0, 1], [0, 0, 0, 1, 0, 0, 0, 0]]]",2.0,5,,,,True,12549.080510026775,373.76490900851786
GCvfvw,5,4,2.0,"['abBB', 'AAAbBB', 'bbbBB', 'bbB']","{'abBB': [1, 3, 5], 'AAAbBB': [7], 'bbbBB': [0, 4, 6], 'bbB': [2]}","[[[0, 0, 0, 0, 0, 0, 0, 0], [0, 0, 0, 0, 0, 0, 0, 1], [0, 0, 0, 0, 0, 0, 0, 0], [0, 0, 0, 0, 0, 0, 0, 1], [0, 0, 0, 0, 0, 0, 0, 0], [0, 0, 0, 0, 0, 0, 0, 1], [0, 0, 0, 0, 0, 0, 0, 0], [0, 0, 0, 0, 0, 0, 0, 0]], [[0, 0, 0, 0, 1, 1, 0, 1], [0, 0, 0, 0, 0, 0, 1, 0], [0, 0, 0, 0, 0, 1, 1, 0], [1, 0, 0, 0, 0, 0, 0, 0], [0, 1, 0, 1, 0, 0, 0, 1], [0, 1, 0, 0, 0, 0, 0, 0], [1, 0, 0, 1, 1, 0, 0, 0], [0, 0, 1, 0, 0, 0, 0, 0]]]",2.0,4,,,,True,6.25568559858948,221.08274171035737
GCvfv{,5,5,2.0,"['abBB', 'AbBBB', 'ABB', 'bbbbbbB', 'bbbbbB']","{'abBB': [1, 3, 5], 'AbBBB': [0, 4], 'ABB': [2], 'bbbbbbB': [7], 'bbbbbB': [6]}","[[[0, 0, 0, 0, 0, 0, 0, 0], [0, 0, 0, 0, 1, 0, 0, 0], [0, 0, 0, 0, 0, 0, 0, 0], [1, 0, 0, 0, 0, 0, 0, 0], [0, 0, 0, 0, 0, 0, 0, 0], [0, 0, 1, 0, 0, 0, 0, 0], [0, 0, 0, 0, 0, 0, 0, 0], [0, 0, 0, 0, 0, 0, 0, 0]], [[0, 0, 0, 0, 0, 0, 0, 1], [0, 0, 0, 0, 0, 1, 0, 0], [0, 0, 0, 0, 0, 0, 0, 0], [0, 0, 0, 0, 1, 0, 0, 0], [1, 0, 0, 0, 0, 0, 0, 0], [1, 0, 0, 0, 0, 0, 0, 0], [1, 1, 1, 1, 1, 0, 0, 0], [0, 1, 1, 1, 1, 1, 1, 0]]]",2.0,5,,,,True,38.35134848207235,659.6839195415378
GCvf~w,5,4,2.0,"['aBBBBB', 'AAB', 'bbbb', 'bbbBB']","{'aBBBBB': [6, 7], 'AAB': [2], 'bbbb': [1, 3], 'bbbBB': [0, 4, 5]}","[[[0, 0, 0, 0, 0, 0, 0, 0], [0, 0, 0, 0, 0, 0, 0, 0], [0, 0, 0, 0, 0, 0, 0, 0], [0, 0, 0, 0, 0, 0, 0, 0], [0, 0, 0, 0, 0, 0, 0, 0], [0, 0, 0, 0, 0, 0, 0, 0], [0, 0, 1, 0, 0, 0, 0, 0], [0, 0, 1, 0, 0, 0, 0, 0]], [[0, 0, 0, 0, 0, 1, 1, 1], [0, 0, 0, 0, 1, 1, 1, 1], [0, 0, 0, 0, 0, 0, 0, 0], [1, 0, 0, 0, 1, 0, 1, 1], [1, 0, 0, 0, 0, 0, 1, 1], [0, 0, 1, 0, 0, 0, 1, 1], [0, 0, 0, 0, 0, 0, 0, 0], [0, 0, 0, 0, 0, 0, 0, 0]]]",2.0,4,,,,True,6.8295331839472055,417.28395316004753
GCvf~{,5,4,2.0,"['abBB', 'aBB', 'AbBBB', 'bbbbbbB']","{'abBB': [1, 3], 'aBB': [2], 'AbBBB': [0, 4, 5], 'bbbbbbB': [6, 7]}","[[[0, 0, 0, 0, 0, 0, 0, 0], [0, 0, 0, 0, 1, 0, 0, 0], [0, 0, 0, 0, 0, 1, 0, 0], [1, 0, 0, 0, 0, 0, 0, 0], [0, 0, 0, 0, 0, 0, 0, 0], [0, 0, 0, 0, 0, 0, 0, 0], [0, 0, 0, 0, 0, 0, 0, 0], [0, 0, 0, 0, 0, 0, 0, 0]], [[0, 0, 0, 0, 0, 0, 1, 0], [0, 0, 0, 0, 0, 1, 0, 0], [0, 0, 0, 0, 0, 0, 0, 0], [0, 0, 0, 0, 1, 0, 0, 0], [1, 0, 0, 0, 0, 0, 0, 0], [1, 0, 0, 0, 0, 0, 0, 0], [0, 1, 1, 1, 1, 1, 0, 1], [1, 1, 1, 1, 1, 1, 0, 0]]]",2.0,4,,,,True,7.299553061835468,802.1642604256049
GCvt|{,5,4,2.0,"['abBBB', 'aBB', 'AbbbbB', 'AB']","{'abBBB': [0, 3, 4], 'aBB': [2], 'AbbbbB': [5, 6, 7], 'AB': [1]}","[[[0, 0, 0, 0, 0, 0, 0, 1], [0, 0, 0, 0, 0, 0, 0, 0], [0, 0, 0, 0, 0, 1, 0, 0], [0, 0, 0, 0, 0, 0, 1, 0], [0, 1, 0, 0, 0, 0, 0, 0], [0, 0, 0, 0, 0, 0, 0, 0], [0, 0, 0, 0, 0, 0, 0, 0], [0, 0, 0, 0, 0, 0, 0, 0]], [[0, 0, 0, 1, 0, 0, 0, 0], [0, 0, 0, 0, 0, 0, 0, 0], [0, 0, 0, 0, 0, 0, 0, 0], [0, 0, 0, 0, 1, 0, 0, 0], [1, 0, 0, 0, 0, 0, 0, 0], [1, 1, 0, 1, 0, 0, 0, 1], [1, 0, 1, 0, 1, 1, 0, 0], [0, 0, 1, 1, 1, 0, 1, 0]]]",2.0,4,,,,True,2.7442033784464,229.79971377644688
GCvt~w,5,4,2.0,"['aBBBBB', 'AbbBBB', 'bbbBB', 'bbB']","{'aBBBBB': [7], 'AbbBBB': [5], 'bbbBB': [0, 3, 4, 6], 'bbB': [1, 2]}","[[[0, 0, 0, 0, 0, 0, 0, 0], [0, 0, 0, 0, 0, 0, 0, 0], [0, 0, 0, 0, 0, 0, 0, 0], [0, 0, 0, 0, 0, 0, 0, 0], [0, 0, 0, 0, 0, 0, 0, 0], [0, 0, 0, 0, 0, 0, 0, 0], [0, 0, 0, 0, 0, 0, 0, 0], [0, 0, 0, 0, 0, 1, 0, 0]], [[0, 0, 0, 1, 0, 0, 1, 1], [0, 0, 0, 0, 0, 1, 0, 1], [0, 0, 0, 0, 0, 1, 0, 1], [0, 0, 0, 0, 1, 0, 1, 1], [1, 1, 0, 0, 0, 0, 0, 1], [1, 0, 0, 1, 0, 0, 0, 0], [0, 0, 1, 0, 1, 1, 0, 0], [0, 0, 0, 0, 0, 0, 0, 0]]]",2.0,4,,,,True,9.256383305415511,204.8555777138099
GCvt~{,5,4,2.0,"['abBBB', 'AAABBBB', 'bbbbBB', 'bbb']","{'abBBB': [0, 3, 4], 'AAABBBB': [7], 'bbbbBB': [5, 6], 'bbb': [1, 2]}","[[[0, 0, 0, 0, 0, 0, 0, 1], [0, 0, 0, 0, 0, 0, 0, 0], [0, 0, 0, 0, 0, 0, 0, 0], [0, 0, 0, 0, 0, 0, 0, 1], [0, 0, 0, 0, 0, 0, 0, 1], [0, 0, 0, 0, 0, 0, 0, 0], [0, 0, 0, 0, 0, 0, 0, 0], [0, 0, 0, 0, 0, 0, 0, 0]], [[0, 0, 0, 0, 1, 0, 0, 0], [0, 0, 0, 0, 1, 1, 0, 1], [0, 0, 0, 0, 0, 1, 1, 1], [1, 0, 0, 0, 0, 0, 0, 0], [0, 0, 0, 1, 0, 0, 0, 0], [1, 0, 0, 1, 0, 0, 1, 1], [1, 0, 0, 1, 1, 0, 0, 1], [0, 0, 0, 0, 0, 0, 0, 0]]]",2.0,4,,,,True,9.296053184196351,841.8758117938414
GCvvb[,5,3,2.0,"['aAABB', 'abbB', 'Abb']","{'aAABB': [5, 6, 7], 'abbB': [0, 1, 3, 4], 'Abb': [2]}","[[[0, 0, 0, 0, 0, 1, 0, 0], [0, 0, 0, 0, 0, 0, 1, 0], [0, 0, 0, 0, 0, 0, 0, 0], [0, 0, 0, 0, 0, 0, 1, 0], [0, 0, 0, 0, 0, 0, 0, 1], [0, 0, 1, 0, 0, 0, 0, 0], [0, 0, 0, 0, 0, 0, 0, 1], [0, 0, 0, 0, 0, 1, 0, 0]], [[0, 0, 0, 1, 0, 0, 1, 0], [0, 0, 0, 0, 0, 1, 0, 1], [0, 0, 0, 0, 0, 0, 1, 1], [0, 0, 0, 0, 1, 1, 0, 0], [1, 1, 0, 0, 0, 0, 0, 0], [0, 0, 0, 0, 0, 0, 0, 0], [0, 0, 0, 0, 0, 0, 0, 0], [0, 0, 0, 0, 0, 0, 0, 0]]]",2.0,3,,,,True,2.8351427065208554,79.29621833469719
GCvvc{,5,4,3.0,"['aCC', 'ABCC', 'bBccC', 'bC']","{'aCC': [1], 'ABCC': [4], 'bBccC': [0, 3, 5, 6, 7], 'bC': [2]}","[[[0, 0, 0, 0, 0, 0, 0, 0], [0, 0, 0, 0, 1, 0, 0, 0], [0, 0, 0, 0, 0, 0, 0, 0], [0, 0, 0, 0, 0, 0, 0, 0], [0, 0, 0, 0, 0, 0, 0, 0], [0, 0, 0, 0, 0, 0, 0, 0], [0, 0, 0, 0, 0, 0, 0, 0], [0, 0, 0, 0, 0, 0, 0, 0]], [[0, 0, 0, 0, 1, 0, 0, 0], [0, 0, 0, 0, 0, 0, 0, 0], [0, 0, 0, 0, 0, 0, 1, 0], [0, 0, 0, 0, 0, 1, 0, 0], [0, 0, 0, 0, 0, 0, 0, 0], [0, 0, 0, 0, 0, 0, 0, 1], [1, 0, 0, 0, 0, 0, 0, 0], [0, 0, 0, 1, 0, 0, 0, 0]], [[0, 0, 0, 1, 0, 1, 0, 0], [0, 0, 0, 0, 0, 0, 0, 0], [0, 0, 0, 0, 0, 0, 0, 0], [0, 0, 0, 0, 1, 0, 1, 0], [0, 0, 0, 0, 0, 0, 0, 0], [0, 1, 1, 0, 0, 0, 0, 0], [0, 1, 0, 0, 0, 0, 0, 1], [1, 0, 0, 0, 1, 0, 0, 0]]]",2.0,5,"['abBBB', 'AA', 'ABBB', 'bbbbB', 'bbb']","{'abBBB': [3, 5, 6], 'AA': [2], 'ABBB': [4], 'bbbbB': [0, 7], 'bbb': [1]}","[[[0, 0, 0, 0, 0, 0, 0, 0], [0, 0, 0, 0, 0, 0, 0, 0], [0, 0, 0, 0, 0, 0, 0, 0], [0, 0, 0, 0, 1, 0, 0, 0], [0, 0, 0, 0, 0, 0, 0, 0], [0, 0, 1, 0, 0, 0, 0, 0], [0, 0, 1, 0, 0, 0, 0, 0], [0, 0, 0, 0, 0, 0, 0, 0]], [[0, 0, 0, 1, 1, 1, 1, 0], [0, 0, 0, 0, 1, 1, 1, 0], [0, 0, 0, 0, 0, 0, 0, 0], [0, 0, 0, 0, 0, 1, 0, 0], [0, 0, 0, 0, 0, 0, 0, 0], [0, 0, 0, 0, 0, 0, 0, 1], [0, 0, 0, 1, 0, 0, 0, 0], [1, 0, 0, 1, 1, 0, 1, 0]]]",False,81.96897788718343,154.81530828867108
GCrvVw,5,4,2.0,"['abBB', 'abB', 'AAbBB', 'Abbbbb']","{'abBB': [1, 4, 6], 'abB': [2, 3], 'AAbBB': [0, 5], 'Abbbbb': [7]}","[[[0, 0, 0, 0, 0, 0, 0, 0], [0, 0, 0, 0, 0, 1, 0, 0], [0, 0, 0, 0, 0, 0, 0, 1], [0, 0, 0, 0, 0, 1, 0, 0], [1, 0, 0, 0, 0, 0, 0, 0], [0, 0, 0, 0, 0, 0, 0, 0], [1, 0, 0, 0, 0, 0, 0, 0], [0, 0, 0, 0, 0, 0, 0, 0]], [[0, 0, 0, 0, 0, 1, 0, 0], [0, 0, 0, 0, 0, 0, 1, 0], [0, 0, 0, 0, 0, 0, 1, 0], [1, 0, 0, 0, 0, 0, 0, 0], [0, 1, 0, 0, 0, 0, 0, 0], [0, 0, 1, 0, 0, 0, 0, 0], [0, 0, 0, 0, 1, 0, 0, 0], [1, 1, 0, 1, 1, 1, 0, 0]]]",2.0,4,,,,True,8.073028470389545,225.2293798075989
GCvvd{,5,4,2.0,"['aBBB', 'AbBBBB', 'bbbBB', 'bbB']","{'aBBB': [4], 'AbBBBB': [7], 'bbbBB': [0, 3, 5, 6], 'bbB': [1, 2]}","[[[0, 0, 0, 0, 0, 0, 0, 0], [0, 0, 0, 0, 0, 0, 0, 0], [0, 0, 0, 0, 0, 0, 0, 0], [0, 0, 0, 0, 0, 0, 0, 0], [0, 0, 0, 0, 0, 0, 0, 1], [0, 0, 0, 0, 0, 0, 0, 0], [0, 0, 0, 0, 0, 0, 0, 0], [0, 0, 0, 0, 0, 0, 0, 0]], [[0, 0, 0, 0, 1, 0, 1, 1], [0, 0, 0, 0, 1, 1, 0, 0], [0, 0, 0, 0, 0, 0, 1, 1], [1, 0, 0, 0, 1, 0, 0, 1], [0, 0, 0, 0, 0, 0, 0, 0], [1, 0, 1, 1, 0, 0, 0, 0], [0, 1, 0, 1, 0, 0, 0, 1], [0, 0, 0, 0, 0, 1, 0, 0]]]",2.0,4,,,,True,3.022969170473516,249.1613663267344
GCvve[,5,4,2.0,"['abBB', 'aB', 'AbbbB', 'AbBBB']","{'abBB': [1, 3, 4], 'aB': [2], 'AbbbB': [0, 5, 7], 'AbBBB': [6]}","[[[0, 0, 0, 0, 0, 0, 0, 0], [0, 0, 0, 0, 0, 0, 1, 0], [0, 0, 0, 0, 0, 1, 0, 0], [1, 0, 0, 0, 0, 0, 0, 0], [0, 0, 0, 0, 0, 0, 0, 1], [0, 0, 0, 0, 0, 0, 0, 0], [0, 0, 0, 0, 0, 0, 0, 0], [0, 0, 0, 0, 0, 0, 0, 0]], [[0, 0, 0, 0, 1, 0, 1, 1], [0, 0, 0, 0, 1, 0, 0, 0], [0, 0, 0, 0, 0, 0, 0, 0], [0, 0, 0, 0, 0, 0, 1, 0], [0, 0, 0, 1, 0, 0, 0, 0], [1, 1, 0, 1, 0, 0, 0, 0], [0, 0, 1, 0, 0, 0, 0, 0], [0, 1, 0, 0, 0, 1, 1, 0]]]",2.0,4,,,,True,14.405647947452962,57.37818715255708
GCvve{,5,4,2.0,"['abbB', 'abBBBB', 'ab', 'AbbBB']","{'abbB': [1, 4], 'abBBBB': [7], 'ab': [2], 'AbbBB': [0, 3, 5, 6]}","[[[0, 0, 0, 0, 0, 0, 0, 0], [0, 0, 0, 0, 0, 1, 0, 0], [0, 0, 0, 0, 0, 0, 1, 0], [0, 0, 0, 0, 0, 0, 0, 0], [0, 0, 0, 1, 0, 0, 0, 0], [0, 0, 0, 0, 0, 0, 0, 0], [0, 0, 0, 0, 0, 0, 0, 0], [1, 0, 0, 0, 0, 0, 0, 0]], [[0, 0, 0, 1, 0, 1, 0, 0], [0, 0, 0, 0, 0, 0, 1, 1], [0, 0, 0, 0, 0, 1, 0, 0], [0, 0, 0, 0, 0, 0, 1, 1], [1, 1, 0, 0, 0, 0, 0, 0], [0, 0, 0, 1, 0, 0, 0, 1], [1, 0, 0, 0, 0, 0, 0, 1], [0, 0, 0, 0, 1, 0, 0, 0]]]",2.0,4,,,,True,4.14632585644722,152.33644076436758
GCvvfK,5,4,2.0,"['aBBB', 'AAb', 'bbbBB', 'bbB']","{'aBBB': [1, 3], 'AAb': [4], 'bbbBB': [0, 5, 6, 7], 'bbB': [2]}","[[[0, 0, 0, 0, 0, 0, 0, 0], [0, 0, 0, 0, 1, 0, 0, 0], [0, 0, 0, 0, 0, 0, 0, 0], [0, 0, 0, 0, 1, 0, 0, 0], [0, 0, 0, 0, 0, 0, 0, 0], [0, 0, 0, 0, 0, 0, 0, 0], [0, 0, 0, 0, 0, 0, 0, 0], [0, 0, 0, 0, 0, 0, 0, 0]], [[0, 0, 0, 1, 0, 0, 1, 1], [0, 0, 0, 0, 0, 0, 0, 0], [0, 0, 0, 0, 0, 1, 1, 0], [0, 0, 0, 0, 0, 0, 0, 0], [1, 0, 0, 0, 0, 0, 0, 0], [1, 1, 0, 1, 0, 0, 0, 0], [0, 1, 0, 1, 0, 0, 0, 1], [0, 1, 1, 0, 0, 1, 0, 0]]]",2.0,4,,,,True,5.618588538840413,119.5638296995312
GCvvf[,5,4,2.0,"['abBBB', 'AAAbBB', 'bbbB', 'bbB']","{'abBBB': [0, 5, 6], 'AAAbBB': [7], 'bbbB': [1, 3, 4], 'bbB': [2]}","[[[0, 0, 0, 0, 0, 0, 0, 1], [0, 0, 0, 0, 0, 0, 0, 0], [0, 0, 0, 0, 0, 0, 0, 0], [0, 0, 0, 0, 0, 0, 0, 0], [0, 0, 0, 0, 0, 0, 0, 0], [0, 0, 0, 0, 0, 0, 0, 1], [0, 0, 0, 0, 0, 0, 0, 1], [0, 0, 0, 0, 0, 0, 0, 0]], [[0, 0, 0, 1, 0, 0, 0, 0], [0, 0, 0, 0, 0, 1, 1, 1], [0, 0, 0, 0, 0, 1, 1, 0], [0, 0, 0, 0, 1, 1, 1, 0], [1, 1, 0, 0, 0, 0, 0, 1], [1, 0, 0, 0, 0, 0, 0, 0], [1, 0, 0, 0, 0, 0, 0, 0], [0, 0, 1, 0, 0, 0, 0, 0]]]",2.0,4,,,,True,6.54458633158356,243.08275702502576
GCvvfg,5,4,2.0,"['aBBB', 'ABBB', 'bbbBB', 'bbB']","{'aBBB': [1], 'ABBB': [6], 'bbbBB': [0, 3, 5, 7], 'bbB': [2, 4]}","[[[0, 0, 0, 0, 0, 0, 0, 0], [0, 0, 0, 0, 0, 0, 1, 0], [0, 0, 0, 0, 0, 0, 0, 0], [0, 0, 0, 0, 0, 0, 0, 0], [0, 0, 0, 0, 0, 0, 0, 0], [0, 0, 0, 0, 0, 0, 0, 0], [0, 0, 0, 0, 0, 0, 0, 0], [0, 0, 0, 0, 0, 0, 0, 0]], [[0, 0, 0, 1, 1, 0, 1, 0], [0, 0, 0, 0, 0, 0, 0, 0], [0, 0, 0, 0, 0, 1, 1, 0], [0, 0, 0, 0, 0, 1, 1, 1], [0, 1, 0, 1, 0, 0, 0, 0], [1, 1, 0, 0, 0, 0, 0, 1], [0, 0, 0, 0, 0, 0, 0, 0], [1, 1, 1, 0, 0, 0, 0, 0]]]",2.0,4,,,,True,4.339561812579632,102.29286008421332
GCvvfk,5,4,2.0,"['aBBB', 'AbBBBB', 'bbbBB', 'bbB']","{'aBBB': [1], 'AbBBBB': [7], 'bbbBB': [0, 3, 5, 6], 'bbB': [2, 4]}","[[[0, 0, 0, 0, 0, 0, 0, 0], [0, 0, 0, 0, 0, 0, 0, 1], [0, 0, 0, 0, 0, 0, 0, 0], [0, 0, 0, 0, 0, 0, 0, 0], [0, 0, 0, 0, 0, 0, 0, 0], [0, 0, 0, 0, 0, 0, 0, 0], [0, 0, 0, 0, 0, 0, 0, 0], [0, 0, 0, 0, 0, 0, 0, 0]], [[0, 0, 0, 1, 0, 1, 1, 0], [0, 0, 0, 0, 0, 0, 0, 0], [0, 0, 0, 0, 0, 0, 1, 1], [0, 0, 0, 0, 1, 1, 0, 1], [1, 1, 0, 0, 0, 0, 0, 0], [0, 1, 1, 0, 0, 0, 0, 1], [0, 1, 0, 1, 0, 0, 0, 1], [1, 0, 0, 0, 0, 0, 0, 0]]]",2.0,4,,,,True,2.4840804552659392,249.33655551448464
GCvvfw,5,4,2.0,"['abBBB', 'AAAbBB', 'bbbB', 'bbB']","{'abBBB': [0, 3, 5], 'AAAbBB': [7], 'bbbB': [1, 4, 6], 'bbB': [2]}","[[[0, 0, 0, 0, 0, 0, 0, 1], [0, 0, 0, 0, 0, 0, 0, 0], [0, 0, 0, 0, 0, 0, 0, 0], [0, 0, 0, 0, 0, 0, 0, 1], [0, 0, 0, 0, 0, 0, 0, 0], [0, 0, 0, 0, 0, 0, 0, 1], [0, 0, 0, 0, 0, 0, 0, 0], [0, 0, 0, 0, 0, 0, 0, 0]], [[0, 0, 0, 1, 0, 0, 0, 0], [0, 0, 0, 0, 1, 1, 1, 0], [0, 0, 0, 0, 0, 1, 0, 1], [0, 0, 0, 0, 0, 1, 0, 0], [1, 0, 0, 1, 0, 0, 0, 1], [1, 0, 0, 0, 0, 0, 0, 0], [1, 0, 1, 1, 0, 0, 0, 0], [0, 1, 0, 0, 0, 0, 0, 0]]]",2.0,4,,,,True,7.270002393983304,239.69983211811632
GCvvf{,5,4,2.0,"['abBB', 'AAbBBBB', 'bbbBB', 'bbB']","{'abBB': [1, 4], 'AAbBBBB': [7], 'bbbBB': [0, 3, 5, 6], 'bbB': [2]}","[[[0, 0, 0, 0, 0, 0, 0, 0], [0, 0, 0, 0, 0, 0, 0, 1], [0, 0, 0, 0, 0, 0, 0, 0], [0, 0, 0, 0, 0, 0, 0, 0], [0, 0, 0, 0, 0, 0, 0, 1], [0, 0, 0, 0, 0, 0, 0, 0], [0, 0, 0, 0, 0, 0, 0, 0], [0, 0, 0, 0, 0, 0, 0, 0]], [[0, 0, 0, 0, 1, 0, 1, 1], [0, 0, 0, 0, 0, 1, 0, 0], [0, 0, 0, 0, 0, 0, 1, 1], [1, 0, 0, 0, 1, 0, 0, 1], [0, 1, 0, 0, 0, 0, 0, 0], [1, 0, 1, 1, 0, 0, 0, 0], [0, 1, 0, 1, 0, 0, 0, 1], [0, 0, 0, 0, 0, 1, 0, 0]]]",2.0,4,,,,True,4.249931111931801,363.2590764528141
GCvvl{,5,4,2.0,"['abBBB', 'aBB', 'AbbbbB', 'AbBB']","{'abBBB': [0, 3], 'aBB': [1, 2], 'AbbbbB': [5, 6, 7], 'AbBB': [4]}","[[[0, 0, 0, 0, 0, 0, 0, 1], [0, 0, 0, 0, 1, 0, 0, 0], [0, 0, 0, 0, 0, 0, 1, 0], [0, 0, 0, 0, 0, 1, 0, 0], [0, 0, 0, 0, 0, 0, 0, 0], [0, 0, 0, 0, 0, 0, 0, 0], [0, 0, 0, 0, 0, 0, 0, 0], [0, 0, 0, 0, 0, 0, 0, 0]], [[0, 0, 0, 1, 0, 0, 0, 0], [0, 0, 0, 0, 0, 0, 0, 0], [0, 0, 0, 0, 0, 0, 0, 0], [0, 0, 0, 0, 1, 0, 0, 0], [1, 0, 0, 0, 0, 0, 0, 0], [1, 1, 1, 0, 0, 0, 1, 0], [1, 1, 0, 1, 0, 0, 0, 1], [0, 0, 1, 1, 1, 1, 0, 0]]]",2.0,4,,,,True,5.30844244454056,352.3517911601812
GCrvV{,5,4,2.0,"['abBB', 'AAbBBBB', 'bbbBB', 'bbB']","{'abBB': [1, 4], 'AAbBBBB': [7], 'bbbBB': [0, 5, 6], 'bbB': [2, 3]}","[[[0, 0, 0, 0, 0, 0, 0, 0], [0, 0, 0, 0, 0, 0, 0, 1], [0, 0, 0, 0, 0, 0, 0, 0], [0, 0, 0, 0, 0, 0, 0, 0], [0, 0, 0, 0, 0, 0, 0, 1], [0, 0, 0, 0, 0, 0, 0, 0], [0, 0, 0, 0, 0, 0, 0, 0], [0, 0, 0, 0, 0, 0, 0, 0]], [[0, 0, 0, 0, 0, 1, 1, 1], [0, 0, 0, 0, 1, 0, 0, 0], [0, 0, 0, 0, 0, 1, 0, 1], [1, 0, 0, 0, 0, 0, 0, 1], [1, 0, 0, 0, 0, 0, 0, 0], [0, 1, 0, 1, 0, 0, 0, 1], [0, 1, 1, 0, 1, 0, 0, 0], [0, 0, 0, 0, 0, 0, 1, 0]]]",2.0,4,,,,True,5.272674518637359,460.141586557962
GCvvnk,5,4,2.0,"['abb', 'abBBB', 'Abbb', 'AbbBBB']","{'abb': [2, 4], 'abBBB': [0, 3], 'Abbb': [1], 'AbbBBB': [5, 6, 7]}","[[[0, 0, 0, 0, 0, 0, 0, 1], [0, 0, 0, 0, 0, 0, 0, 0], [0, 0, 0, 0, 0, 1, 0, 0], [0, 0, 0, 0, 0, 0, 1, 0], [0, 1, 0, 0, 0, 0, 0, 0], [0, 0, 0, 0, 0, 0, 0, 0], [0, 0, 0, 0, 0, 0, 0, 0], [0, 0, 0, 0, 0, 0, 0, 0]], [[0, 0, 0, 0, 0, 1, 0, 0], [0, 0, 0, 0, 0, 1, 1, 1], [0, 0, 0, 0, 0, 0, 1, 1], [1, 0, 0, 0, 0, 0, 0, 0], [1, 0, 0, 1, 0, 0, 0, 0], [0, 0, 0, 1, 0, 0, 0, 1], [1, 0, 0, 0, 0, 1, 0, 0], [0, 0, 0, 1, 0, 0, 1, 0]]]",2.0,4,,,,True,6.838018366135657,425.609507182613
GCvvn{,5,5,2.0,"['abBBB', 'AABBBBB', 'bbbbBB', 'bbbB', 'bbB']","{'abBBB': [0, 3], 'AABBBBB': [7], 'bbbbBB': [5, 6], 'bbbB': [1, 4], 'bbB': [2]}","[[[0, 0, 0, 0, 0, 0, 0, 1], [0, 0, 0, 0, 0, 0, 0, 0], [0, 0, 0, 0, 0, 0, 0, 0], [0, 0, 0, 0, 0, 0, 0, 1], [0, 0, 0, 0, 0, 0, 0, 0], [0, 0, 0, 0, 0, 0, 0, 0], [0, 0, 0, 0, 0, 0, 0, 0], [0, 0, 0, 0, 0, 0, 0, 0]], [[0, 0, 0, 1, 0, 0, 0, 0], [0, 0, 0, 0, 0, 1, 1, 1], [0, 0, 0, 0, 0, 1, 0, 1], [0, 0, 0, 0, 1, 0, 0, 0], [1, 1, 0, 0, 0, 0, 0, 1], [1, 0, 0, 1, 0, 0, 1, 1], [1, 0, 1, 1, 0, 0, 0, 1], [0, 0, 0, 0, 0, 0, 0, 0]]]",2.0,5,,,,True,41.359087720513344,1006.6219528410584
GCvvt{,5,4,2.0,"['aBBBBB', 'AbbBBB', 'bbbBB', 'bbB']","{'aBBBBB': [6], 'AbbBBB': [7], 'bbbBB': [0, 3, 4, 5], 'bbB': [1, 2]}","[[[0, 0, 0, 0, 0, 0, 0, 0], [0, 0, 0, 0, 0, 0, 0, 0], [0, 0, 0, 0, 0, 0, 0, 0], [0, 0, 0, 0, 0, 0, 0, 0], [0, 0, 0, 0, 0, 0, 0, 0], [0, 0, 0, 0, 0, 0, 0, 0], [0, 0, 0, 0, 0, 0, 0, 1], [0, 0, 0, 0, 0, 0, 0, 0]], [[0, 0, 0, 1, 1, 0, 1, 0], [0, 0, 0, 0, 0, 1, 1, 0], [0, 0, 0, 0, 0, 0, 1, 1], [0, 0, 0, 0, 0, 1, 1, 1], [0, 1, 0, 1, 0, 0, 1, 0], [1, 0, 1, 0, 0, 0, 0, 1], [0, 0, 0, 0, 0, 0, 0, 0], [1, 0, 0, 0, 1, 0, 0, 0]]]",2.0,4,,,,True,10.510569967329502,264.1806733459234
GCvvvk,5,4,2.0,"['abb', 'abBBB', 'AbbbBB', 'AbbB']","{'abb': [2], 'abBBB': [0, 3, 5], 'AbbbBB': [6, 7], 'AbbB': [1, 4]}","[[[0, 0, 0, 0, 1, 0, 0, 0], [0, 0, 0, 0, 0, 0, 0, 0], [0, 0, 0, 0, 0, 0, 0, 1], [0, 0, 0, 0, 0, 0, 1, 0], [0, 0, 0, 0, 0, 0, 0, 0], [0, 1, 0, 0, 0, 0, 0, 0], [0, 0, 0, 0, 0, 0, 0, 0], [0, 0, 0, 0, 0, 0, 0, 0]], [[0, 0, 0, 1, 0, 0, 0, 0], [0, 0, 0, 0, 0, 0, 1, 1], [0, 0, 0, 0, 0, 1, 1, 0], [0, 0, 0, 0, 0, 1, 0, 0], [0, 1, 0, 1, 0, 0, 0, 0], [1, 0, 0, 0, 0, 0, 0, 0], [1, 0, 0, 0, 1, 0, 0, 1], [1, 0, 0, 1, 0, 1, 0, 0]]]",2.0,4,,,,True,6.711293812841177,363.4936974029988
GCvvvs,5,4,2.0,"['abb', 'abBBB', 'AbbbBB', 'AbbB']","{'abb': [2], 'abBBB': [0, 3, 4], 'AbbbBB': [6, 7], 'AbbB': [1, 5]}","[[[0, 0, 0, 0, 0, 0, 0, 1], [0, 0, 0, 0, 0, 0, 0, 0], [0, 0, 0, 0, 0, 1, 0, 0], [0, 0, 0, 0, 0, 0, 1, 0], [0, 1, 0, 0, 0, 0, 0, 0], [0, 0, 0, 0, 0, 0, 0, 0], [0, 0, 0, 0, 0, 0, 0, 0], [0, 0, 0, 0, 0, 0, 0, 0]], [[0, 0, 0, 0, 1, 0, 0, 0], [0, 0, 0, 0, 0, 1, 0, 1], [0, 0, 0, 0, 0, 0, 1, 1], [1, 0, 0, 0, 0, 0, 0, 0], [0, 0, 0, 1, 0, 0, 0, 0], [1, 0, 0, 1, 0, 0, 0, 0], [1, 1, 0, 0, 1, 0, 0, 0], [0, 0, 0, 1, 1, 0, 1, 0]]]",2.0,4,,,,True,6.461427258327603,349.897635307163
GCvvvw,5,4,2.0,"['aBBB', 'AbBBBB', 'bbbBB', 'bbB']","{'aBBB': [1], 'AbBBBB': [7], 'bbbBB': [0, 3, 4, 5, 6], 'bbB': [2]}","[[[0, 0, 0, 0, 0, 0, 0, 0], [0, 0, 0, 0, 0, 0, 0, 1], [0, 0, 0, 0, 0, 0, 0, 0], [0, 0, 0, 0, 0, 0, 0, 0], [0, 0, 0, 0, 0, 0, 0, 0], [0, 0, 0, 0, 0, 0, 0, 0], [0, 0, 0, 0, 0, 0, 0, 0], [0, 0, 0, 0, 0, 0, 0, 0]], [[0, 0, 0, 0, 1, 1, 0, 1], [0, 0, 0, 0, 0, 0, 0, 0], [0, 0, 0, 0, 0, 0, 1, 1], [1, 0, 0, 0, 1, 0, 0, 1], [0, 1, 0, 0, 0, 0, 1, 1], [0, 1, 1, 1, 0, 0, 0, 0], [1, 1, 0, 1, 0, 0, 0, 0], [0, 0, 0, 0, 0, 1, 0, 0]]]",2.0,4,,,,True,2.691363544203341,210.55151008814573
GCvvv{,5,5,2.0,"['aBBB', 'AbBBBB', 'bbbbBBB', 'bbbBB', 'bbB']","{'aBBB': [1], 'AbBBBB': [6], 'bbbbBBB': [7], 'bbbBB': [0, 3, 4, 5], 'bbB': [2]}","[[[0, 0, 0, 0, 0, 0, 0, 0], [0, 0, 0, 0, 0, 0, 1, 0], [0, 0, 0, 0, 0, 0, 0, 0], [0, 0, 0, 0, 0, 0, 0, 0], [0, 0, 0, 0, 0, 0, 0, 0], [0, 0, 0, 0, 0, 0, 0, 0], [0, 0, 0, 0, 0, 0, 0, 0], [0, 0, 0, 0, 0, 0, 0, 0]], [[0, 0, 0, 0, 1, 1, 1, 0], [0, 0, 0, 0, 0, 0, 0, 0], [0, 0, 0, 0, 0, 1, 1, 0], [1, 0, 0, 0, 0, 0, 1, 1], [0, 1, 0, 1, 0, 0, 0, 1], [0, 1, 0, 1, 0, 0, 0, 1], [0, 0, 0, 0, 1, 0, 0, 0], [1, 1, 1, 0, 0, 0, 1, 0]]]",2.0,5,,,,True,24.79985942132771,751.6965175280347
GCvv~{,5,5,2.0,"['aBBB', 'AbBBBB', 'bbbbBBB', 'bbbBB', 'bbB']","{'aBBB': [1], 'AbBBBB': [5], 'bbbbBBB': [6, 7], 'bbbBB': [0, 3, 4], 'bbB': [2]}","[[[0, 0, 0, 0, 0, 0, 0, 0], [0, 0, 0, 0, 0, 1, 0, 0], [0, 0, 0, 0, 0, 0, 0, 0], [0, 0, 0, 0, 0, 0, 0, 0], [0, 0, 0, 0, 0, 0, 0, 0], [0, 0, 0, 0, 0, 0, 0, 0], [0, 0, 0, 0, 0, 0, 0, 0], [0, 0, 0, 0, 0, 0, 0, 0]], [[0, 0, 0, 0, 1, 1, 1, 0], [0, 0, 0, 0, 0, 0, 0, 0], [0, 0, 0, 0, 0, 1, 1, 0], [1, 0, 0, 0, 0, 1, 0, 1], [0, 1, 0, 1, 0, 0, 1, 0], [0, 0, 0, 0, 0, 0, 0, 1], [0, 1, 0, 1, 0, 1, 0, 1], [1, 1, 1, 0, 1, 0, 0, 0]]]",2.0,5,,,,True,22.25910974480212,1238.3626103000715
GCv~t{,5,4,2.0,"['abBBB', 'aBB', 'AbbbbB', 'AbbBBB']","{'abBBB': [0, 3], 'aBB': [1, 2], 'AbbbbB': [4, 6, 7], 'AbbBBB': [5]}","[[[0, 0, 0, 0, 0, 1, 0, 0], [0, 0, 0, 0, 1, 0, 0, 0], [0, 0, 0, 0, 0, 0, 0, 1], [0, 0, 0, 0, 0, 0, 1, 0], [0, 0, 0, 0, 0, 0, 0, 0], [0, 0, 0, 0, 0, 0, 0, 0], [0, 0, 0, 0, 0, 0, 0, 0], [0, 0, 0, 0, 0, 0, 0, 0]], [[0, 0, 0, 1, 0, 0, 0, 0], [0, 0, 0, 0, 0, 0, 0, 0], [0, 0, 0, 0, 0, 0, 0, 0], [0, 0, 0, 0, 0, 1, 0, 0], [1, 0, 0, 1, 0, 1, 1, 0], [0, 1, 1, 0, 0, 0, 0, 0], [1, 1, 1, 0, 0, 0, 0, 1], [1, 0, 0, 1, 1, 1, 0, 0]]]",2.0,4,,,,True,52.679705480113626,206.56027923244983
GCv~u{,5,4,2.0,"['abbBBB', 'AABB', 'AA', 'bbbbB']","{'abbBBB': [4, 5, 6, 7], 'AABB': [1], 'AA': [2], 'bbbbB': [0, 3]}","[[[0, 0, 0, 0, 0, 0, 0, 0], [0, 0, 0, 0, 0, 0, 0, 0], [0, 0, 0, 0, 0, 0, 0, 0], [0, 0, 0, 0, 0, 0, 0, 0], [0, 1, 0, 0, 0, 0, 0, 0], [0, 0, 1, 0, 0, 0, 0, 0], [0, 0, 1, 0, 0, 0, 0, 0], [0, 1, 0, 0, 0, 0, 0, 0]], [[0, 0, 0, 1, 0, 1, 1, 1], [0, 0, 0, 0, 0, 0, 0, 0], [0, 0, 0, 0, 0, 0, 0, 0], [0, 0, 0, 0, 1, 1, 1, 1], [1, 0, 0, 0, 0, 0, 0, 1], [0, 1, 0, 0, 1, 0, 0, 0], [0, 1, 0, 0, 1, 0, 0, 0], [0, 0, 0, 0, 0, 1, 1, 0]]]",2.0,4,,,,True,5.810725967399776,166.83282260596752
GCrv`{,5,4,2.0,"['aBBB', 'ABBB', 'bbbBB', 'bbB']","{'aBBB': [0], 'ABBB': [3], 'bbbBB': [5, 6, 7], 'bbB': [1, 2, 4]}","[[[0, 0, 0, 1, 0, 0, 0, 0], [0, 0, 0, 0, 0, 0, 0, 0], [0, 0, 0, 0, 0, 0, 0, 0], [0, 0, 0, 0, 0, 0, 0, 0], [0, 0, 0, 0, 0, 0, 0, 0], [0, 0, 0, 0, 0, 0, 0, 0], [0, 0, 0, 0, 0, 0, 0, 0], [0, 0, 0, 0, 0, 0, 0, 0]], [[0, 0, 0, 0, 0, 0, 0, 0], [0, 0, 0, 0, 1, 1, 0, 0], [0, 0, 0, 0, 0, 1, 1, 0], [0, 0, 0, 0, 0, 0, 0, 0], [1, 0, 0, 0, 0, 0, 0, 1], [1, 0, 0, 1, 0, 0, 0, 1], [1, 1, 0, 1, 0, 0, 0, 0], [0, 0, 1, 1, 0, 0, 1, 0]]]",2.0,4,,,,True,4.221395755186677,109.36148485913871
GCv~vk,5,4,2.0,"['abBBB', 'aBB', 'AbbbbB', 'AbBB']","{'abBBB': [0, 3, 4], 'aBB': [2], 'AbbbbB': [5, 6, 7], 'AbBB': [1]}","[[[0, 0, 0, 0, 0, 1, 0, 0], [0, 0, 0, 0, 0, 0, 0, 0], [0, 0, 0, 0, 0, 0, 1, 0], [0, 0, 0, 0, 0, 0, 0, 1], [0, 1, 0, 0, 0, 0, 0, 0], [0, 0, 0, 0, 0, 0, 0, 0], [0, 0, 0, 0, 0, 0, 0, 0], [0, 0, 0, 0, 0, 0, 0, 0]], [[0, 0, 0, 0, 1, 0, 0, 0], [0, 0, 0, 0, 0, 1, 0, 0], [0, 0, 0, 0, 0, 0, 0, 0], [1, 0, 0, 0, 0, 0, 0, 0], [0, 0, 0, 1, 0, 0, 0, 0], [0, 0, 1, 1, 1, 0, 0, 1], [1, 1, 0, 1, 1, 0, 0, 0], [1, 1, 1, 0, 0, 0, 1, 0]]]",2.0,4,,,,True,3.171603489667177,376.7984449788928
GCv~vw,5,4,2.0,"['abBBBB', 'AAB', 'AbbB', 'bbbbB']","{'abBBBB': [4, 5, 7], 'AAB': [2], 'AbbB': [1], 'bbbbB': [0, 3, 6]}","[[[0, 0, 0, 0, 0, 0, 0, 0], [0, 0, 0, 0, 0, 0, 0, 0], [0, 0, 0, 0, 0, 0, 0, 0], [0, 0, 0, 0, 0, 0, 0, 0], [0, 1, 0, 0, 0, 0, 0, 0], [0, 0, 1, 0, 0, 0, 0, 0], [0, 0, 0, 0, 0, 0, 0, 0], [0, 0, 1, 0, 0, 0, 0, 0]], [[0, 0, 0, 0, 1, 1, 1, 1], [0, 0, 0, 0, 0, 1, 0, 1], [0, 0, 0, 0, 0, 0, 0, 0], [1, 0, 0, 0, 1, 1, 0, 1], [0, 0, 0, 0, 0, 0, 0, 1], [0, 0, 0, 0, 1, 0, 0, 0], [0, 1, 1, 1, 1, 0, 0, 0], [0, 0, 0, 0, 0, 1, 0, 0]]]",2.0,4,,,,True,4.20975617133081,389.1467217123136
GCv~v{,5,5,2.0,"['abBBB', 'AABBBBB', 'bbbbBB', 'bbbB', 'bbB']","{'abBBB': [0, 3], 'AABBBBB': [7], 'bbbbBB': [4, 5, 6], 'bbbB': [1], 'bbB': [2]}","[[[0, 0, 0, 0, 0, 0, 0, 1], [0, 0, 0, 0, 0, 0, 0, 0], [0, 0, 0, 0, 0, 0, 0, 0], [0, 0, 0, 0, 0, 0, 0, 1], [0, 0, 0, 0, 0, 0, 0, 0], [0, 0, 0, 0, 0, 0, 0, 0], [0, 0, 0, 0, 0, 0, 0, 0], [0, 0, 0, 0, 0, 0, 0, 0]], [[0, 0, 0, 1, 0, 0, 0, 0], [0, 0, 0, 0, 1, 1, 0, 1], [0, 0, 0, 0, 0, 1, 0, 1], [0, 0, 0, 0, 0, 0, 1, 0], [1, 0, 0, 1, 0, 0, 1, 1], [1, 0, 0, 1, 1, 0, 0, 1], [1, 1, 1, 0, 0, 0, 0, 1], [0, 0, 0, 0, 0, 0, 0, 0]]]",2.0,5,,,,True,43.62636605184525,931.7513214834034
GCv~~{,5,5,2.0,"['aBBB', 'AbBBBB', 'bbbbBBB', 'bbbBB', 'bbB']","{'aBBB': [1], 'AbBBBB': [4], 'bbbbBBB': [5, 6, 7], 'bbbBB': [0, 3], 'bbB': [2]}","[[[0, 0, 0, 0, 0, 0, 0, 0], [0, 0, 0, 0, 1, 0, 0, 0], [0, 0, 0, 0, 0, 0, 0, 0], [0, 0, 0, 0, 0, 0, 0, 0], [0, 0, 0, 0, 0, 0, 0, 0], [0, 0, 0, 0, 0, 0, 0, 0], [0, 0, 0, 0, 0, 0, 0, 0], [0, 0, 0, 0, 0, 0, 0, 0]], [[0, 0, 0, 0, 1, 0, 1, 1], [0, 0, 0, 0, 0, 0, 0, 0], [0, 0, 0, 0, 0, 1, 0, 1], [1, 0, 0, 0, 1, 0, 0, 1], [0, 0, 0, 0, 0, 0, 1, 0], [1, 1, 0, 1, 1, 0, 0, 0], [0, 1, 1, 1, 0, 1, 0, 0], [0, 1, 0, 0, 1, 1, 1, 0]]]",2.0,5,,,,True,12.783558449707924,1377.9342659264803
GCxu|w,5,4,2.0,"['aBBB', 'ABBB', 'bbbBB', 'bbB']","{'aBBB': [0], 'ABBB': [3], 'bbbBB': [4, 5, 6, 7], 'bbB': [1, 2]}","[[[0, 0, 0, 1, 0, 0, 0, 0], [0, 0, 0, 0, 0, 0, 0, 0], [0, 0, 0, 0, 0, 0, 0, 0], [0, 0, 0, 0, 0, 0, 0, 0], [0, 0, 0, 0, 0, 0, 0, 0], [0, 0, 0, 0, 0, 0, 0, 0], [0, 0, 0, 0, 0, 0, 0, 0], [0, 0, 0, 0, 0, 0, 0, 0]], [[0, 0, 0, 0, 0, 0, 0, 0], [0, 0, 0, 0, 0, 1, 1, 0], [0, 0, 0, 0, 0, 1, 0, 1], [0, 0, 0, 0, 0, 0, 0, 0], [1, 1, 1, 0, 0, 0, 0, 0], [0, 0, 0, 1, 0, 0, 1, 1], [1, 0, 0, 1, 1, 0, 0, 0], [1, 0, 0, 1, 1, 0, 0, 0]]]",2.0,4,,,,True,4.920211585238576,104.02168982569128
GCxu|{,5,5,2.0,"['aBBB', 'aBB', 'AbbBBB', 'AbBB', 'bbbbb']","{'aBBB': [3], 'aBB': [1, 2], 'AbbBBB': [6, 7], 'AbBB': [0], 'bbbbb': [4, 5]}","[[[0, 0, 0, 0, 0, 0, 0, 0], [0, 0, 0, 0, 0, 0, 1, 0], [0, 0, 0, 0, 0, 0, 0, 1], [1, 0, 0, 0, 0, 0, 0, 0], [0, 0, 0, 0, 0, 0, 0, 0], [0, 0, 0, 0, 0, 0, 0, 0], [0, 0, 0, 0, 0, 0, 0, 0], [0, 0, 0, 0, 0, 0, 0, 0]], [[0, 0, 0, 0, 0, 0, 1, 0], [0, 0, 0, 0, 0, 0, 0, 0], [0, 0, 0, 0, 0, 0, 0, 0], [0, 0, 0, 0, 0, 0, 0, 0], [1, 1, 1, 0, 0, 0, 1, 1], [0, 1, 1, 1, 0, 0, 1, 1], [0, 0, 0, 1, 0, 0, 0, 1], [1, 0, 0, 1, 0, 0, 0, 0]]]",2.0,5,,,,True,22519.849855341017,346.0545942541212
GCxu}w,5,4,2.0,"['abBB', 'aB', 'AbbbB', 'AbBBB']","{'abBB': [0, 1, 3], 'aB': [2], 'AbbbB': [5, 6, 7], 'AbBBB': [4]}","[[[0, 0, 0, 0, 0, 0, 1, 0], [0, 0, 0, 0, 0, 0, 0, 1], [0, 0, 0, 0, 1, 0, 0, 0], [0, 0, 0, 0, 0, 1, 0, 0], [0, 0, 0, 0, 0, 0, 0, 0], [0, 0, 0, 0, 0, 0, 0, 0], [0, 0, 0, 0, 0, 0, 0, 0], [0, 0, 0, 0, 0, 0, 0, 0]], [[0, 0, 0, 0, 1, 0, 0, 0], [0, 0, 0, 0, 0, 1, 0, 0], [0, 0, 0, 0, 0, 0, 0, 0], [1, 0, 0, 0, 0, 0, 0, 0], [0, 1, 0, 0, 0, 0, 0, 0], [0, 0, 1, 0, 0, 0, 1, 1], [0, 1, 0, 1, 1, 0, 0, 0], [1, 0, 0, 1, 1, 0, 0, 0]]]",2.0,4,,,,True,20.897633452899758,54.804642342962325
GCxu}{,5,4,2.0,"['abbB', 'aBBBB', 'AAbbbB', 'Ab']","{'abbB': [0, 1, 3], 'aBBBB': [4, 5], 'AAbbbB': [6, 7], 'Ab': [2]}","[[[0, 0, 0, 0, 0, 0, 1, 0], [0, 0, 0, 0, 0, 0, 0, 1], [0, 0, 0, 0, 0, 0, 0, 0], [0, 0, 0, 0, 0, 0, 0, 1], [0, 0, 0, 0, 0, 0, 1, 0], [0, 0, 1, 0, 0, 0, 0, 0], [0, 0, 0, 0, 0, 0, 0, 0], [0, 0, 0, 0, 0, 0, 0, 0]], [[0, 0, 0, 0, 1, 0, 0, 1], [0, 0, 0, 0, 1, 1, 0, 0], [0, 0, 0, 0, 1, 0, 0, 0], [1, 0, 0, 0, 0, 1, 0, 0], [0, 0, 0, 0, 0, 0, 0, 0], [0, 0, 0, 0, 0, 0, 0, 0], [0, 1, 0, 1, 0, 1, 0, 0], [0, 0, 0, 0, 1, 1, 1, 0]]]",2.0,4,,,,True,5.88876654393971,168.06948504503816
GCxu~[,5,5,2.0,"['aBBB', 'Abbbbb', 'AbBBBB', 'bbbBB', 'bbB']","{'aBBB': [0, 1], 'Abbbbb': [7], 'AbBBBB': [6], 'bbbBB': [4, 5], 'bbB': [2, 3]}","[[[0, 0, 0, 0, 0, 0, 1, 0], [0, 0, 0, 0, 0, 0, 0, 1], [0, 0, 0, 0, 0, 0, 0, 0], [0, 0, 0, 0, 0, 0, 0, 0], [0, 0, 0, 0, 0, 0, 0, 0], [0, 0, 0, 0, 0, 0, 0, 0], [0, 0, 0, 0, 0, 0, 0, 0], [0, 0, 0, 0, 0, 0, 0, 0]], [[0, 0, 0, 0, 0, 0, 0, 0], [0, 0, 0, 0, 0, 0, 0, 0], [0, 0, 0, 0, 1, 1, 0, 0], [1, 0, 0, 0, 0, 0, 1, 0], [1, 1, 0, 0, 0, 0, 1, 0], [0, 1, 0, 1, 0, 0, 1, 0], [0, 1, 0, 0, 0, 0, 0, 0], [1, 0, 1, 0, 1, 1, 1, 0]]]",2.0,5,,,,True,27074.46805484965,451.3752077696845
GCxu~w,5,4,2.0,"['abBB', 'AAAbBB', 'bbbBB', 'bbB']","{'abBB': [0, 1, 3], 'AAAbBB': [7], 'bbbBB': [4, 5, 6], 'bbB': [2]}","[[[0, 0, 0, 0, 0, 0, 0, 1], [0, 0, 0, 0, 0, 0, 0, 1], [0, 0, 0, 0, 0, 0, 0, 0], [0, 0, 0, 0, 0, 0, 0, 1], [0, 0, 0, 0, 0, 0, 0, 0], [0, 0, 0, 0, 0, 0, 0, 0], [0, 0, 0, 0, 0, 0, 0, 0], [0, 0, 0, 0, 0, 0, 0, 0]], [[0, 0, 0, 0, 1, 0, 0, 0], [0, 0, 0, 0, 1, 0, 0, 0], [0, 0, 0, 0, 0, 1, 0, 1], [1, 0, 0, 0, 0, 0, 0, 0], [0, 0, 1, 0, 0, 0, 1, 1], [0, 1, 0, 1, 0, 0, 1, 0], [1, 1, 0, 1, 0, 0, 0, 0], [0, 0, 0, 0, 0, 1, 0, 0]]]",2.0,4,,,,True,6.633825157769024,297.56173649895936
GCrva{,5,4,2.0,"['abBB', 'aB', 'AbbbB', 'ABB']","{'abBB': [0, 1, 3], 'aB': [2], 'AbbbB': [5, 6, 7], 'ABB': [4]}","[[[0, 0, 0, 0, 0, 0, 1, 0], [0, 0, 0, 0, 1, 0, 0, 0], [0, 0, 0, 0, 0, 1, 0, 0], [0, 0, 0, 0, 0, 0, 0, 1], [0, 0, 0, 0, 0, 0, 0, 0], [0, 0, 0, 0, 0, 0, 0, 0], [0, 0, 0, 0, 0, 0, 0, 0], [0, 0, 0, 0, 0, 0, 0, 0]], [[0, 0, 0, 0, 1, 0, 0, 0], [0, 0, 0, 0, 0, 1, 0, 0], [0, 0, 0, 0, 0, 0, 0, 0], [1, 0, 0, 0, 0, 0, 0, 0], [0, 0, 0, 0, 0, 0, 0, 0], [1, 0, 0, 1, 0, 0, 0, 1], [0, 1, 1, 1, 0, 0, 0, 0], [0, 1, 0, 0, 1, 0, 1, 0]]]",2.0,4,,,,True,2.031732548959553,92.22681627608836
GCxu~{,5,5,2.0,"['aBBBB', 'AAB', 'bbbbBBB', 'bbbbBB', 'bbbB']","{'aBBBB': [4, 5], 'AAB': [2], 'bbbbBBB': [7], 'bbbbBB': [6], 'bbbB': [0, 1, 3]}","[[[0, 0, 0, 0, 0, 0, 0, 0], [0, 0, 0, 0, 0, 0, 0, 0], [0, 0, 0, 0, 0, 0, 0, 0], [0, 0, 0, 0, 0, 0, 0, 0], [0, 0, 1, 0, 0, 0, 0, 0], [0, 0, 1, 0, 0, 0, 0, 0], [0, 0, 0, 0, 0, 0, 0, 0], [0, 0, 0, 0, 0, 0, 0, 0]], [[0, 0, 0, 1, 1, 0, 0, 1], [0, 0, 0, 0, 1, 1, 1, 0], [0, 0, 0, 0, 0, 0, 0, 0], [0, 0, 0, 0, 0, 1, 1, 1], [0, 0, 0, 0, 0, 0, 0, 0], [0, 0, 0, 0, 0, 0, 0, 0], [1, 0, 0, 0, 1, 1, 0, 1], [0, 1, 1, 0, 1, 1, 0, 0]]]",2.0,5,,,,True,32.52409628685564,748.0838404484093
GCxvBS,5,4,2.0,"['abBB', 'AAB', 'bbbb', 'bb']","{'abBB': [1, 2, 4, 6], 'AAB': [0, 5], 'bbbb': [7], 'bb': [3]}","[[[0, 0, 0, 0, 0, 0, 0, 0], [0, 0, 0, 0, 0, 1, 0, 0], [0, 0, 0, 0, 0, 1, 0, 0], [0, 0, 0, 0, 0, 0, 0, 0], [1, 0, 0, 0, 0, 0, 0, 0], [0, 0, 0, 0, 0, 0, 0, 0], [1, 0, 0, 0, 0, 0, 0, 0], [0, 0, 0, 0, 0, 0, 0, 0]], [[0, 0, 0, 0, 0, 0, 0, 0], [0, 0, 0, 0, 1, 0, 0, 0], [0, 0, 0, 0, 0, 0, 1, 0], [1, 0, 0, 0, 0, 1, 0, 0], [0, 0, 1, 0, 0, 0, 0, 0], [0, 0, 0, 0, 0, 0, 0, 0], [0, 1, 0, 0, 0, 0, 0, 0], [0, 1, 1, 0, 1, 0, 1, 0]]]",2.0,4,,,,True,9.921630601398649,9.766743591986597
GCxvBW,5,4,3.0,"['aBCC', 'ac', 'AbBc', 'bcC']","{'aBCC': [1, 2], 'ac': [3], 'AbBc': [4, 5, 7], 'bcC': [0, 6]}","[[[0, 0, 0, 0, 0, 0, 0, 0], [0, 0, 0, 0, 0, 0, 0, 1], [0, 0, 0, 0, 1, 0, 0, 0], [0, 0, 0, 0, 0, 1, 0, 0], [0, 0, 0, 0, 0, 0, 0, 0], [0, 0, 0, 0, 0, 0, 0, 0], [0, 0, 0, 0, 0, 0, 0, 0], [0, 0, 0, 0, 0, 0, 0, 0]], [[0, 0, 0, 0, 1, 0, 0, 0], [0, 0, 0, 0, 0, 0, 0, 0], [0, 0, 0, 0, 0, 0, 0, 0], [0, 0, 0, 0, 0, 0, 0, 0], [0, 0, 0, 0, 0, 0, 0, 1], [0, 0, 1, 0, 0, 0, 0, 0], [0, 1, 0, 0, 0, 0, 0, 0], [0, 0, 0, 0, 0, 1, 0, 0]], [[0, 0, 0, 0, 0, 0, 1, 0], [0, 0, 0, 0, 0, 0, 0, 0], [0, 0, 0, 0, 0, 0, 0, 0], [1, 0, 0, 0, 0, 0, 0, 0], [0, 1, 0, 0, 0, 0, 0, 0], [0, 1, 0, 0, 0, 0, 0, 0], [0, 0, 1, 0, 0, 0, 0, 0], [0, 0, 1, 0, 0, 0, 0, 0]]]",2.0,5,"['abBB', 'aB', 'AAb', 'Abbb', 'BBB']","{'abBB': [4, 5, 7], 'aB': [3], 'AAb': [0], 'Abbb': [1, 2], 'BBB': [6]}","[[[0, 0, 0, 0, 0, 0, 0, 0], [0, 0, 0, 0, 0, 0, 0, 0], [0, 0, 0, 0, 0, 0, 0, 0], [1, 0, 0, 0, 0, 0, 0, 0], [1, 0, 0, 0, 0, 0, 0, 0], [0, 0, 1, 0, 0, 0, 0, 0], [0, 0, 0, 0, 0, 0, 0, 0], [0, 1, 0, 0, 0, 0, 0, 0]], [[0, 0, 0, 0, 0, 0, 1, 0], [0, 0, 0, 0, 1, 1, 1, 0], [0, 0, 0, 0, 1, 0, 1, 1], [0, 0, 0, 0, 0, 0, 0, 0], [0, 0, 0, 0, 0, 0, 0, 1], [0, 0, 0, 1, 0, 0, 0, 0], [0, 0, 0, 0, 0, 0, 0, 0], [0, 0, 0, 0, 0, 1, 0, 0]]]",False,213.722232545726,136.00676488038152
GCxvBg,5,3,2.0,"['abBB', 'AAAB', 'bbB']","{'abBB': [1, 2, 5], 'AAAB': [7], 'bbB': [0, 3, 4, 6]}","[[[0, 0, 0, 0, 0, 0, 0, 0], [0, 0, 0, 0, 0, 0, 0, 1], [0, 0, 0, 0, 0, 0, 0, 1], [0, 0, 0, 0, 0, 0, 0, 0], [0, 0, 0, 0, 0, 0, 0, 0], [0, 0, 0, 0, 0, 0, 0, 1], [0, 0, 0, 0, 0, 0, 0, 0], [0, 0, 0, 0, 0, 0, 0, 0]], [[0, 0, 0, 1, 1, 0, 0, 0], [0, 0, 0, 0, 0, 0, 1, 0], [0, 0, 0, 0, 0, 1, 0, 0], [0, 0, 0, 0, 0, 1, 0, 1], [0, 1, 1, 0, 0, 0, 0, 0], [0, 1, 0, 0, 0, 0, 0, 0], [1, 0, 1, 0, 0, 0, 0, 0], [0, 0, 0, 0, 0, 0, 0, 0]]]",2.0,3,,,,True,1.716783850453794,8.486493213102221
GCxvBo,5,3,2.0,"['abB', 'AbbB', 'ABBB']","{'abB': [0, 3, 5, 6], 'AbbB': [1, 2, 4], 'ABBB': [7]}","[[[0, 0, 0, 0, 1, 0, 0, 0], [0, 0, 0, 0, 0, 0, 0, 0], [0, 0, 0, 0, 0, 0, 0, 0], [0, 0, 0, 0, 0, 0, 0, 1], [0, 0, 0, 0, 0, 0, 0, 0], [0, 1, 0, 0, 0, 0, 0, 0], [0, 0, 1, 0, 0, 0, 0, 0], [0, 0, 0, 0, 0, 0, 0, 0]], [[0, 0, 0, 0, 0, 0, 1, 0], [0, 0, 0, 0, 1, 0, 0, 1], [0, 0, 0, 0, 0, 1, 0, 1], [1, 0, 0, 0, 0, 0, 0, 0], [0, 0, 1, 0, 0, 0, 0, 1], [0, 0, 0, 1, 0, 0, 0, 0], [0, 1, 0, 0, 0, 0, 0, 0], [0, 0, 0, 0, 0, 0, 0, 0]]]",2.0,3,,,,True,1.0049018003046513,9.695006509311495
GCxvBs,5,3,2.0,"['abBB', 'AAAAb', 'bbB']","{'abBB': [1, 2, 4, 6], 'AAAAb': [7], 'bbB': [0, 3, 5]}","[[[0, 0, 0, 0, 0, 0, 0, 0], [0, 0, 0, 0, 0, 0, 0, 1], [0, 0, 0, 0, 0, 0, 0, 1], [0, 0, 0, 0, 0, 0, 0, 0], [0, 0, 0, 0, 0, 0, 0, 1], [0, 0, 0, 0, 0, 0, 0, 0], [0, 0, 0, 0, 0, 0, 0, 1], [0, 0, 0, 0, 0, 0, 0, 0]], [[0, 0, 0, 0, 1, 0, 1, 0], [0, 0, 0, 0, 0, 0, 1, 0], [0, 0, 0, 0, 1, 0, 0, 0], [1, 0, 0, 0, 0, 1, 0, 0], [0, 1, 0, 0, 0, 0, 0, 0], [0, 1, 1, 0, 0, 0, 0, 0], [0, 0, 1, 0, 0, 0, 0, 0], [0, 0, 0, 1, 0, 0, 0, 0]]]",2.0,3,,,,True,0.4217475093901157,54.357051513157785
GCxvBw,5,3,2.0,"['abB', 'aBBBB', 'AbbB']","{'abB': [0, 3, 6], 'aBBBB': [7], 'AbbB': [1, 2, 4, 5]}","[[[0, 0, 0, 0, 1, 0, 0, 0], [0, 0, 0, 0, 0, 0, 0, 0], [0, 0, 0, 0, 0, 0, 0, 0], [0, 0, 0, 0, 0, 1, 0, 0], [0, 0, 0, 0, 0, 0, 0, 0], [0, 0, 0, 0, 0, 0, 0, 0], [0, 0, 1, 0, 0, 0, 0, 0], [0, 1, 0, 0, 0, 0, 0, 0]], [[0, 0, 0, 1, 0, 0, 0, 0], [0, 0, 0, 0, 0, 1, 1, 0], [0, 0, 0, 0, 1, 0, 0, 1], [0, 0, 0, 0, 0, 0, 0, 1], [0, 1, 0, 0, 0, 0, 0, 1], [0, 0, 1, 0, 0, 0, 0, 1], [1, 0, 0, 0, 0, 0, 0, 0], [0, 0, 0, 0, 0, 0, 0, 0]]]",2.0,3,,,,True,1.0503390477970245,39.21861360501498
GCxvEW,5,4,3.0,"['aBCC', 'ac', 'AbBc', 'bcC']","{'aBCC': [0, 1], 'ac': [3], 'AbBc': [4, 5, 7], 'bcC': [2, 6]}","[[[0, 0, 0, 0, 1, 0, 0, 0], [0, 0, 0, 0, 0, 0, 0, 1], [0, 0, 0, 0, 0, 0, 0, 0], [0, 0, 0, 0, 0, 1, 0, 0], [0, 0, 0, 0, 0, 0, 0, 0], [0, 0, 0, 0, 0, 0, 0, 0], [0, 0, 0, 0, 0, 0, 0, 0], [0, 0, 0, 0, 0, 0, 0, 0]], [[0, 0, 0, 0, 0, 0, 0, 0], [0, 0, 0, 0, 0, 0, 0, 0], [0, 0, 0, 0, 0, 1, 0, 0], [0, 0, 0, 0, 0, 0, 0, 0], [0, 1, 0, 0, 0, 0, 0, 0], [0, 0, 0, 0, 0, 0, 0, 1], [1, 0, 0, 0, 0, 0, 0, 0], [0, 0, 0, 0, 1, 0, 0, 0]], [[0, 0, 0, 0, 0, 0, 0, 0], [0, 0, 0, 0, 0, 0, 0, 0], [0, 0, 0, 0, 0, 0, 1, 0], [1, 0, 0, 0, 0, 0, 0, 0], [0, 0, 1, 0, 0, 0, 0, 0], [0, 1, 0, 0, 0, 0, 0, 0], [0, 1, 0, 0, 0, 0, 0, 0], [1, 0, 0, 0, 0, 0, 0, 0]]]",2.0,5,"['abBB', 'aB', 'AAb', 'Abbb', 'BBB']","{'abBB': [4, 5, 7], 'aB': [3], 'AAb': [2], 'Abbb': [0, 1], 'BBB': [6]}","[[[0, 0, 0, 0, 0, 0, 0, 0], [0, 0, 0, 0, 0, 0, 0, 0], [0, 0, 0, 0, 0, 0, 0, 0], [1, 0, 0, 0, 0, 0, 0, 0], [0, 0, 1, 0, 0, 0, 0, 0], [0, 0, 1, 0, 0, 0, 0, 0], [0, 0, 0, 0, 0, 0, 0, 0], [0, 1, 0, 0, 0, 0, 0, 0]], [[0, 0, 0, 0, 1, 0, 1, 1], [0, 0, 0, 0, 1, 1, 1, 0], [0, 0, 0, 0, 0, 0, 1, 0], [0, 0, 0, 0, 0, 0, 0, 0], [0, 0, 0, 0, 0, 0, 0, 1], [0, 0, 0, 1, 0, 0, 0, 0], [0, 0, 0, 0, 0, 0, 0, 0], [0, 0, 0, 0, 0, 1, 0, 0]]]",False,209.91120326146483,120.4336002022028
GCxvEg,5,3,2.0,"['abB', 'AbbB', 'ABBB']","{'abB': [2, 3, 4, 6], 'AbbB': [0, 1, 7], 'ABBB': [5]}","[[[0, 0, 0, 0, 0, 0, 0, 0], [0, 0, 0, 0, 0, 0, 0, 0], [0, 0, 0, 0, 0, 1, 0, 0], [0, 0, 0, 0, 0, 0, 0, 1], [1, 0, 0, 0, 0, 0, 0, 0], [0, 0, 0, 0, 0, 0, 0, 0], [0, 1, 0, 0, 0, 0, 0, 0], [0, 0, 0, 0, 0, 0, 0, 0]], [[0, 0, 0, 1, 0, 0, 1, 0], [0, 0, 0, 0, 0, 1, 0, 1], [0, 0, 0, 0, 1, 0, 0, 0], [0, 0, 0, 0, 0, 1, 0, 0], [0, 1, 0, 0, 0, 0, 0, 0], [0, 0, 0, 0, 0, 0, 0, 0], [0, 0, 1, 0, 0, 0, 0, 0], [1, 0, 0, 0, 0, 1, 0, 0]]]",2.0,3,,,,True,0.9822983043268324,8.253694063983858
GCxvEw,5,3,2.0,"['abB', 'aBBBB', 'AbbB']","{'abB': [2, 3, 6], 'aBBBB': [7], 'AbbB': [0, 1, 4, 5]}","[[[0, 0, 0, 0, 0, 0, 0, 0], [0, 0, 0, 0, 0, 0, 0, 0], [0, 0, 0, 0, 1, 0, 0, 0], [0, 0, 0, 0, 0, 1, 0, 0], [0, 0, 0, 0, 0, 0, 0, 0], [0, 0, 0, 0, 0, 0, 0, 0], [1, 0, 0, 0, 0, 0, 0, 0], [0, 1, 0, 0, 0, 0, 0, 0]], [[0, 0, 0, 1, 0, 0, 0, 1], [0, 0, 0, 0, 1, 1, 0, 0], [0, 0, 0, 0, 0, 0, 1, 0], [0, 0, 0, 0, 0, 0, 0, 1], [1, 0, 0, 0, 0, 0, 0, 1], [0, 0, 1, 0, 0, 0, 0, 1], [0, 1, 0, 0, 0, 0, 0, 0], [0, 0, 0, 0, 0, 0, 0, 0]]]",2.0,3,,,,True,0.7325931657105684,45.70997249148786
GCrvb[,5,4,2.0,"['aBB', 'AbBBB', 'AbBB', 'bbbbb']","{'aBB': [2, 3, 4], 'AbBBB': [7], 'AbBB': [0, 1], 'bbbbb': [5, 6]}","[[[0, 0, 0, 0, 0, 0, 0, 0], [0, 0, 0, 0, 0, 0, 0, 0], [0, 0, 0, 0, 0, 0, 0, 1], [1, 0, 0, 0, 0, 0, 0, 0], [0, 1, 0, 0, 0, 0, 0, 0], [0, 0, 0, 0, 0, 0, 0, 0], [0, 0, 0, 0, 0, 0, 0, 0], [0, 0, 0, 0, 0, 0, 0, 0]], [[0, 0, 0, 0, 1, 0, 0, 0], [0, 0, 0, 0, 0, 0, 0, 1], [0, 0, 0, 0, 0, 0, 0, 0], [0, 0, 0, 0, 0, 0, 0, 0], [0, 0, 0, 0, 0, 0, 0, 0], [1, 1, 1, 1, 0, 0, 0, 1], [1, 1, 1, 1, 0, 0, 0, 1], [0, 0, 0, 0, 1, 0, 0, 0]]]",2.0,4,,,,True,4.762761830352247,116.24501653481276
GCxvFG,5,4,2.0,"['aBBB', 'AbbB', 'Ab', 'bbb']","{'aBBB': [0, 1, 2], 'AbbB': [5, 7], 'Ab': [3], 'bbb': [4, 6]}","[[[0, 0, 0, 1, 0, 0, 0, 0], [0, 0, 0, 0, 0, 0, 0, 1], [0, 0, 0, 0, 0, 1, 0, 0], [0, 0, 0, 0, 0, 0, 0, 0], [0, 0, 0, 0, 0, 0, 0, 0], [0, 0, 0, 0, 0, 0, 0, 0], [0, 0, 0, 0, 0, 0, 0, 0], [0, 0, 0, 0, 0, 0, 0, 0]], [[0, 0, 0, 0, 0, 0, 0, 0], [0, 0, 0, 0, 0, 0, 0, 0], [0, 0, 0, 0, 0, 0, 0, 0], [0, 0, 0, 0, 0, 1, 0, 0], [1, 1, 1, 0, 0, 0, 0, 0], [0, 1, 0, 0, 0, 0, 0, 1], [1, 1, 1, 0, 0, 0, 0, 0], [1, 0, 1, 0, 0, 0, 0, 0]]]",2.0,4,,,,True,6.273181376047432,13.17644075397402
GCxvFO,5,4,2.0,"['abBB', 'AbBB', 'AB', 'bbb']","{'abBB': [0, 4, 7], 'AbBB': [1, 2], 'AB': [3], 'bbb': [5, 6]}","[[[0, 0, 0, 1, 0, 0, 0, 0], [0, 0, 0, 0, 0, 0, 0, 0], [0, 0, 0, 0, 0, 0, 0, 0], [0, 0, 0, 0, 0, 0, 0, 0], [0, 0, 1, 0, 0, 0, 0, 0], [0, 0, 0, 0, 0, 0, 0, 0], [0, 0, 0, 0, 0, 0, 0, 0], [0, 1, 0, 0, 0, 0, 0, 0]], [[0, 0, 0, 0, 0, 0, 0, 1], [0, 0, 0, 0, 1, 0, 0, 0], [0, 0, 0, 0, 0, 0, 0, 1], [0, 0, 0, 0, 0, 0, 0, 0], [1, 0, 0, 0, 0, 0, 0, 0], [0, 1, 1, 1, 0, 0, 0, 0], [1, 1, 1, 0, 0, 0, 0, 0], [0, 0, 0, 0, 1, 0, 0, 0]]]",2.0,4,,,,True,14.462594129145144,9.837502953596411
GCxvFS,5,5,2.0,"['aBBB', 'AAB', 'Abbbb', 'bbbB', 'bb']","{'aBBB': [0, 1, 2], 'AAB': [5], 'Abbbb': [7], 'bbbB': [4, 6], 'bb': [3]}","[[[0, 0, 0, 0, 0, 0, 0, 1], [0, 0, 0, 0, 0, 1, 0, 0], [0, 0, 0, 0, 0, 1, 0, 0], [0, 0, 0, 0, 0, 0, 0, 0], [0, 0, 0, 0, 0, 0, 0, 0], [0, 0, 0, 0, 0, 0, 0, 0], [0, 0, 0, 0, 0, 0, 0, 0], [0, 0, 0, 0, 0, 0, 0, 0]], [[0, 0, 0, 0, 0, 0, 0, 0], [0, 0, 0, 0, 0, 0, 0, 0], [0, 0, 0, 0, 0, 0, 0, 0], [1, 0, 0, 0, 0, 1, 0, 0], [1, 1, 1, 0, 0, 0, 0, 0], [0, 0, 0, 0, 0, 0, 0, 0], [1, 1, 1, 0, 0, 0, 0, 0], [0, 1, 1, 0, 1, 0, 1, 0]]]",2.0,5,,,,True,32.3395477887243,22.170798420906067
GCxvFW,5,4,2.0,"['abBB', 'AAb', 'AA', 'Abbbb']","{'abBB': [0, 1, 2, 4, 5], 'AAb': [6], 'AA': [3], 'Abbbb': [7]}","[[[0, 0, 0, 1, 0, 0, 0, 0], [0, 0, 0, 0, 0, 0, 1, 0], [0, 0, 0, 0, 0, 0, 1, 0], [0, 0, 0, 0, 0, 0, 0, 0], [0, 0, 0, 0, 0, 0, 0, 1], [0, 0, 0, 1, 0, 0, 0, 0], [0, 0, 0, 0, 0, 0, 0, 0], [0, 0, 0, 0, 0, 0, 0, 0]], [[0, 0, 0, 0, 1, 0, 0, 0], [0, 0, 0, 0, 0, 1, 0, 0], [0, 0, 0, 0, 1, 0, 0, 0], [0, 0, 0, 0, 0, 0, 0, 0], [0, 1, 0, 0, 0, 0, 0, 0], [0, 0, 1, 0, 0, 0, 0, 0], [1, 0, 0, 0, 0, 0, 0, 0], [1, 1, 1, 0, 0, 1, 0, 0]]]",2.0,4,,,,True,1.809716833755374,36.32205455005169
GCxvF[,5,4,2.0,"['aBBB', 'AABBBB', 'bbbB', 'bb']","{'aBBB': [5, 6], 'AABBBB': [7], 'bbbB': [0, 1, 2, 4], 'bb': [3]}","[[[0, 0, 0, 0, 0, 0, 0, 0], [0, 0, 0, 0, 0, 0, 0, 0], [0, 0, 0, 0, 0, 0, 0, 0], [0, 0, 0, 0, 0, 0, 0, 0], [0, 0, 0, 0, 0, 0, 0, 0], [0, 0, 0, 0, 0, 0, 0, 1], [0, 0, 0, 0, 0, 0, 0, 1], [0, 0, 0, 0, 0, 0, 0, 0]], [[0, 0, 0, 0, 1, 0, 1, 1], [0, 0, 0, 0, 0, 1, 1, 1], [0, 0, 0, 0, 0, 1, 1, 1], [1, 0, 0, 0, 0, 1, 0, 0], [0, 1, 1, 0, 0, 0, 0, 1], [0, 0, 0, 0, 0, 0, 0, 0], [0, 0, 0, 0, 0, 0, 0, 0], [0, 0, 0, 0, 0, 0, 0, 0]]]",2.0,4,,,,True,5.726986548863351,12.81805213727057
GCxvF_,5,3,2.0,"['abB', 'AbbB', 'ABBB']","{'abB': [3, 4, 5, 6], 'AbbB': [0, 1, 2], 'ABBB': [7]}","[[[0, 0, 0, 0, 0, 0, 0, 0], [0, 0, 0, 0, 0, 0, 0, 0], [0, 0, 0, 0, 0, 0, 0, 0], [0, 0, 0, 0, 0, 0, 0, 1], [0, 1, 0, 0, 0, 0, 0, 0], [0, 0, 1, 0, 0, 0, 0, 0], [1, 0, 0, 0, 0, 0, 0, 0], [0, 0, 0, 0, 0, 0, 0, 0]], [[0, 0, 0, 0, 1, 0, 0, 1], [0, 0, 0, 0, 0, 1, 0, 1], [0, 0, 0, 0, 0, 0, 1, 1], [1, 0, 0, 0, 0, 0, 0, 0], [0, 0, 1, 0, 0, 0, 0, 0], [0, 0, 0, 1, 0, 0, 0, 0], [0, 1, 0, 0, 0, 0, 0, 0], [0, 0, 0, 0, 0, 0, 0, 0]]]",2.0,3,,,,True,2.187435897067189,7.850029167719185
GCxvFg,5,3,2.0,"['abB', 'aBBBB', 'AbbB']","{'abB': [3, 4, 6], 'aBBBB': [7], 'AbbB': [0, 1, 2, 5]}","[[[0, 0, 0, 0, 0, 0, 0, 0], [0, 0, 0, 0, 0, 0, 0, 0], [0, 0, 0, 0, 0, 0, 0, 0], [0, 0, 0, 0, 0, 1, 0, 0], [1, 0, 0, 0, 0, 0, 0, 0], [0, 0, 0, 0, 0, 0, 0, 0], [0, 0, 1, 0, 0, 0, 0, 0], [0, 1, 0, 0, 0, 0, 0, 0]], [[0, 0, 0, 1, 0, 0, 0, 1], [0, 0, 0, 0, 0, 1, 1, 0], [0, 0, 0, 0, 1, 0, 0, 1], [0, 0, 0, 0, 0, 0, 0, 1], [0, 1, 0, 0, 0, 0, 0, 0], [0, 0, 1, 0, 0, 0, 0, 1], [1, 0, 0, 0, 0, 0, 0, 0], [0, 0, 0, 0, 0, 0, 0, 0]]]",2.0,3,,,,True,0.7231698026880622,52.45084061194211
GCxvFo,5,3,2.0,"['abB', 'aBBBB', 'AbbB']","{'abB': [3, 5, 6], 'aBBBB': [7], 'AbbB': [0, 1, 2, 4]}","[[[0, 0, 0, 0, 0, 0, 0, 0], [0, 0, 0, 0, 0, 0, 0, 0], [0, 0, 0, 0, 0, 0, 0, 0], [1, 0, 0, 0, 0, 0, 0, 0], [0, 0, 0, 0, 0, 0, 0, 0], [0, 1, 0, 0, 0, 0, 0, 0], [0, 0, 1, 0, 0, 0, 0, 0], [0, 0, 0, 0, 1, 0, 0, 0]], [[0, 0, 0, 0, 0, 0, 1, 1], [0, 0, 0, 0, 1, 0, 0, 1], [0, 0, 0, 0, 0, 1, 0, 1], [0, 0, 0, 0, 0, 0, 0, 1], [1, 0, 1, 0, 0, 0, 0, 0], [0, 0, 0, 1, 0, 0, 0, 0], [0, 1, 0, 0, 0, 0, 0, 0], [0, 0, 0, 0, 0, 0, 0, 0]]]",2.0,3,,,,True,0.6007340289652348,49.48786875605583
GCxvFs,5,4,2.0,"['aBBB', 'AAAbBB', 'bbbb', 'bbB']","{'aBBB': [0, 1, 2], 'AAAbBB': [7], 'bbbb': [4, 6], 'bbB': [3, 5]}","[[[0, 0, 0, 0, 0, 0, 0, 1], [0, 0, 0, 0, 0, 0, 0, 1], [0, 0, 0, 0, 0, 0, 0, 1], [0, 0, 0, 0, 0, 0, 0, 0], [0, 0, 0, 0, 0, 0, 0, 0], [0, 0, 0, 0, 0, 0, 0, 0], [0, 0, 0, 0, 0, 0, 0, 0], [0, 0, 0, 0, 0, 0, 0, 0]], [[0, 0, 0, 0, 0, 0, 0, 0], [0, 0, 0, 0, 0, 0, 0, 0], [0, 0, 0, 0, 0, 0, 0, 0], [1, 0, 0, 0, 0, 1, 0, 0], [1, 1, 1, 0, 0, 0, 0, 1], [0, 1, 1, 0, 0, 0, 0, 0], [1, 1, 1, 0, 0, 0, 0, 1], [0, 0, 0, 1, 0, 0, 0, 0]]]",2.0,4,,,,True,8.842565473169088,41.750890504568815
GCxvFw,5,3,2.0,"['abBB', 'AAb', 'AbbbbB']","{'abBB': [0, 1, 2, 4, 5], 'AAb': [3, 6], 'AbbbbB': [7]}","[[[0, 0, 0, 1, 0, 0, 0, 0], [0, 0, 0, 0, 0, 0, 1, 0], [0, 0, 0, 0, 0, 0, 1, 0], [0, 0, 0, 0, 0, 0, 0, 0], [0, 0, 0, 0, 0, 0, 0, 1], [0, 0, 0, 1, 0, 0, 0, 0], [0, 0, 0, 0, 0, 0, 0, 0], [0, 0, 0, 0, 0, 0, 0, 0]], [[0, 0, 0, 0, 1, 0, 0, 0], [0, 0, 0, 0, 1, 0, 0, 0], [0, 0, 0, 0, 0, 1, 0, 0], [0, 0, 0, 0, 0, 0, 0, 1], [0, 0, 1, 0, 0, 0, 0, 0], [0, 1, 0, 0, 0, 0, 0, 0], [1, 0, 0, 0, 0, 0, 0, 0], [1, 1, 1, 0, 0, 1, 0, 0]]]",2.0,3,,,,True,0.8982130298390985,40.841734582558274
GCrvbk,5,4,3.0,"['aBcC', 'AbcCC', 'bc', 'Bcc']","{'aBcC': [0, 1, 3], 'AbcCC': [5, 6, 7], 'bc': [4], 'Bcc': [2]}","[[[0, 0, 0, 0, 0, 1, 0, 0], [0, 0, 0, 0, 0, 0, 0, 1], [0, 0, 0, 0, 0, 0, 0, 0], [0, 0, 0, 0, 0, 0, 1, 0], [0, 0, 0, 0, 0, 0, 0, 0], [0, 0, 0, 0, 0, 0, 0, 0], [0, 0, 0, 0, 0, 0, 0, 0], [0, 0, 0, 0, 0, 0, 0, 0]], [[0, 0, 0, 0, 0, 0, 0, 0], [0, 0, 0, 0, 0, 0, 0, 0], [0, 0, 0, 0, 0, 0, 0, 0], [0, 0, 0, 0, 0, 0, 0, 0], [0, 1, 0, 0, 0, 0, 0, 0], [0, 0, 1, 0, 0, 0, 0, 0], [1, 0, 0, 0, 0, 0, 0, 0], [0, 0, 0, 1, 0, 0, 0, 0]], [[0, 0, 0, 1, 0, 0, 0, 0], [0, 0, 0, 0, 0, 0, 1, 0], [0, 0, 0, 0, 0, 0, 1, 1], [0, 0, 0, 0, 0, 1, 0, 0], [1, 0, 0, 0, 0, 0, 0, 0], [0, 1, 0, 0, 0, 0, 0, 0], [0, 0, 0, 0, 0, 0, 0, 1], [0, 0, 0, 0, 0, 1, 0, 0]]]",2.0,5,"['aBBBB', 'AAB', 'bbbBB', 'bbbB', 'bb']","{'aBBBB': [5, 6], 'AAB': [2], 'bbbBB': [7], 'bbbB': [0, 1, 3], 'bb': [4]}","[[[0, 0, 0, 0, 0, 0, 0, 0], [0, 0, 0, 0, 0, 0, 0, 0], [0, 0, 0, 0, 0, 0, 0, 0], [0, 0, 0, 0, 0, 0, 0, 0], [0, 0, 0, 0, 0, 0, 0, 0], [0, 0, 1, 0, 0, 0, 0, 0], [0, 0, 1, 0, 0, 0, 0, 0], [0, 0, 0, 0, 0, 0, 0, 0]], [[0, 0, 0, 1, 0, 1, 1, 0], [0, 0, 0, 0, 0, 1, 1, 1], [0, 0, 0, 0, 0, 0, 0, 0], [0, 0, 0, 0, 0, 1, 1, 1], [1, 1, 0, 0, 0, 0, 0, 0], [0, 0, 0, 0, 0, 0, 0, 0], [0, 0, 0, 0, 0, 0, 0, 0], [0, 0, 1, 0, 0, 1, 1, 0]]]",False,69.24857909511775,106.8314657099545
GCxvF{,5,4,2.0,"['aBBB', 'AbbB', 'bbbbbBB', 'bbb']","{'aBBB': [4, 5, 6], 'AbbB': [0, 1, 2], 'bbbbbBB': [7], 'bbb': [3]}","[[[0, 0, 0, 0, 0, 0, 0, 0], [0, 0, 0, 0, 0, 0, 0, 0], [0, 0, 0, 0, 0, 0, 0, 0], [0, 0, 0, 0, 0, 0, 0, 0], [1, 0, 0, 0, 0, 0, 0, 0], [0, 0, 1, 0, 0, 0, 0, 0], [0, 1, 0, 0, 0, 0, 0, 0], [0, 0, 0, 0, 0, 0, 0, 0]], [[0, 0, 0, 0, 0, 0, 1, 1], [0, 0, 0, 0, 1, 1, 0, 0], [0, 0, 0, 0, 1, 0, 1, 0], [1, 0, 0, 0, 0, 1, 0, 1], [0, 0, 0, 0, 0, 0, 0, 0], [0, 0, 0, 0, 0, 0, 0, 0], [0, 0, 0, 0, 0, 0, 0, 0], [0, 1, 1, 0, 1, 1, 1, 0]]]",2.0,4,,,,True,8.822828724049032,21.515440482646227
GCxvRw,5,4,2.0,"['abBB', 'AbbbB', 'Abb', 'ABB']","{'abBB': [1, 2, 5, 6], 'AbbbB': [4, 7], 'Abb': [0], 'ABB': [3]}","[[[0, 0, 0, 0, 0, 0, 0, 0], [0, 0, 0, 0, 0, 0, 0, 1], [0, 0, 0, 0, 1, 0, 0, 0], [0, 0, 0, 0, 0, 0, 0, 0], [0, 0, 0, 0, 0, 0, 0, 0], [0, 0, 0, 1, 0, 0, 0, 0], [1, 0, 0, 0, 0, 0, 0, 0], [0, 0, 0, 0, 0, 0, 0, 0]], [[0, 0, 0, 1, 1, 0, 0, 0], [0, 0, 0, 0, 0, 0, 1, 0], [0, 0, 0, 0, 0, 1, 0, 0], [0, 0, 0, 0, 0, 0, 0, 0], [0, 1, 0, 0, 0, 0, 1, 1], [0, 1, 0, 0, 0, 0, 0, 0], [0, 0, 1, 0, 0, 0, 0, 0], [0, 0, 1, 1, 0, 1, 0, 0]]]",2.0,4,,,,True,33.94477206468582,85.42432054970413
GCxvR{,5,4,2.0,"['abBB', 'AAAbBB', 'bbbBB', 'bbB']","{'abBB': [1, 2, 5], 'AAAbBB': [7], 'bbbBB': [4, 6], 'bbB': [0, 3]}","[[[0, 0, 0, 0, 0, 0, 0, 0], [0, 0, 0, 0, 0, 0, 0, 1], [0, 0, 0, 0, 0, 0, 0, 1], [0, 0, 0, 0, 0, 0, 0, 0], [0, 0, 0, 0, 0, 0, 0, 0], [0, 0, 0, 0, 0, 0, 0, 1], [0, 0, 0, 0, 0, 0, 0, 0], [0, 0, 0, 0, 0, 0, 0, 0]], [[0, 0, 0, 0, 1, 0, 1, 0], [0, 0, 0, 0, 0, 1, 0, 0], [0, 0, 0, 0, 0, 1, 0, 0], [1, 0, 0, 0, 0, 0, 0, 1], [0, 1, 1, 0, 0, 0, 0, 1], [0, 0, 0, 1, 0, 0, 0, 0], [0, 1, 1, 0, 1, 0, 0, 0], [0, 0, 0, 0, 0, 0, 1, 0]]]",2.0,4,,,,True,4.504495104774833,278.9471287401393
GCxvU{,5,4,2.0,"['abBB', 'AAAbBB', 'bbbBB', 'bbB']","{'abBB': [0, 1, 5], 'AAAbBB': [7], 'bbbBB': [4, 6], 'bbB': [2, 3]}","[[[0, 0, 0, 0, 0, 0, 0, 1], [0, 0, 0, 0, 0, 0, 0, 1], [0, 0, 0, 0, 0, 0, 0, 0], [0, 0, 0, 0, 0, 0, 0, 0], [0, 0, 0, 0, 0, 0, 0, 0], [0, 0, 0, 0, 0, 0, 0, 1], [0, 0, 0, 0, 0, 0, 0, 0], [0, 0, 0, 0, 0, 0, 0, 0]], [[0, 0, 0, 0, 0, 0, 1, 0], [0, 0, 0, 0, 1, 0, 0, 0], [0, 0, 0, 0, 0, 1, 1, 0], [1, 0, 0, 0, 0, 1, 0, 0], [1, 0, 1, 0, 0, 0, 0, 1], [0, 1, 0, 0, 0, 0, 0, 0], [0, 1, 0, 0, 1, 0, 0, 1], [0, 0, 0, 1, 0, 0, 0, 0]]]",2.0,4,,,,True,8.220259744673967,285.2756189079955
GCxvVG,5,4,2.0,"['aBBB', 'AAAb', 'bbbB', 'bb']","{'aBBB': [0, 1, 2], 'AAAb': [6], 'bbbB': [4, 5, 7], 'bb': [3]}","[[[0, 0, 0, 0, 0, 0, 1, 0], [0, 0, 0, 0, 0, 0, 1, 0], [0, 0, 0, 0, 0, 0, 1, 0], [0, 0, 0, 0, 0, 0, 0, 0], [0, 0, 0, 0, 0, 0, 0, 0], [0, 0, 0, 0, 0, 0, 0, 0], [0, 0, 0, 0, 0, 0, 0, 0], [0, 0, 0, 0, 0, 0, 0, 0]], [[0, 0, 0, 0, 0, 0, 0, 0], [0, 0, 0, 0, 0, 0, 0, 0], [0, 0, 0, 0, 0, 0, 0, 0], [1, 0, 0, 0, 0, 1, 0, 0], [1, 1, 1, 0, 0, 0, 0, 0], [0, 1, 1, 0, 0, 0, 0, 1], [0, 0, 0, 0, 1, 0, 0, 0], [1, 1, 1, 0, 0, 0, 0, 0]]]",2.0,4,,,,True,38.8508340511471,1.3303811075165868
GCxvVS,5,4,2.0,"['aBBB', 'AAB', 'Ab', 'bbbbB']","{'aBBB': [0, 1, 2], 'AAB': [5], 'Ab': [3], 'bbbbB': [4, 6, 7]}","[[[0, 0, 0, 1, 0, 0, 0, 0], [0, 0, 0, 0, 0, 1, 0, 0], [0, 0, 0, 0, 0, 1, 0, 0], [0, 0, 0, 0, 0, 0, 0, 0], [0, 0, 0, 0, 0, 0, 0, 0], [0, 0, 0, 0, 0, 0, 0, 0], [0, 0, 0, 0, 0, 0, 0, 0], [0, 0, 0, 0, 0, 0, 0, 0]], [[0, 0, 0, 0, 0, 0, 0, 0], [0, 0, 0, 0, 0, 0, 0, 0], [0, 0, 0, 0, 0, 0, 0, 0], [0, 0, 0, 0, 0, 1, 0, 0], [1, 1, 1, 0, 0, 0, 1, 0], [0, 0, 0, 0, 0, 0, 0, 0], [1, 1, 1, 0, 0, 0, 0, 1], [1, 1, 1, 0, 1, 0, 0, 0]]]",2.0,4,,,,True,2.5806858856230974,77.97596913576126
GCxvV[,5,4,2.0,"['abBB', 'AAbBBB', 'AA', 'bbbbB']","{'abBB': [0, 1, 2, 5], 'AAbBBB': [7], 'AA': [3], 'bbbbB': [4, 6]}","[[[0, 0, 0, 1, 0, 0, 0, 0], [0, 0, 0, 0, 0, 0, 0, 1], [0, 0, 0, 0, 0, 0, 0, 1], [0, 0, 0, 0, 0, 0, 0, 0], [0, 0, 0, 0, 0, 0, 0, 0], [0, 0, 0, 1, 0, 0, 0, 0], [0, 0, 0, 0, 0, 0, 0, 0], [0, 0, 0, 0, 0, 0, 0, 0]], [[0, 0, 0, 0, 0, 0, 0, 1], [0, 0, 0, 0, 0, 1, 0, 0], [0, 0, 0, 0, 0, 1, 0, 0], [0, 0, 0, 0, 0, 0, 0, 0], [1, 1, 1, 0, 0, 0, 0, 1], [0, 0, 0, 0, 0, 0, 0, 1], [1, 1, 1, 0, 1, 0, 0, 0], [0, 0, 0, 0, 0, 0, 1, 0]]]",2.0,4,,,,True,3.5816825721412897,123.81775641348212
GCxvVg,5,4,2.0,"['aBBB', 'AABBB', 'bbbB', 'bbB']","{'aBBB': [0, 1], 'AABBB': [7], 'bbbB': [2, 4, 5, 6], 'bbB': [3]}","[[[0, 0, 0, 0, 0, 0, 0, 1], [0, 0, 0, 0, 0, 0, 0, 1], [0, 0, 0, 0, 0, 0, 0, 0], [0, 0, 0, 0, 0, 0, 0, 0], [0, 0, 0, 0, 0, 0, 0, 0], [0, 0, 0, 0, 0, 0, 0, 0], [0, 0, 0, 0, 0, 0, 0, 0], [0, 0, 0, 0, 0, 0, 0, 0]], [[0, 0, 0, 0, 0, 0, 0, 0], [0, 0, 0, 0, 0, 0, 0, 0], [0, 0, 0, 0, 0, 1, 1, 1], [1, 0, 0, 0, 0, 0, 0, 1], [1, 1, 1, 0, 0, 0, 0, 0], [0, 1, 0, 1, 0, 0, 0, 1], [1, 1, 0, 0, 1, 0, 0, 0], [0, 0, 0, 0, 0, 0, 0, 0]]]",2.0,4,,,,True,8.577860436402261,11.894422926940024
GCxvVs,5,4,2.0,"['aBBB', 'AAAbbB', 'bbbbB', 'bbB']","{'aBBB': [0, 1, 2], 'AAAbbB': [7], 'bbbbB': [4, 6], 'bbB': [3, 5]}","[[[0, 0, 0, 0, 0, 0, 0, 1], [0, 0, 0, 0, 0, 0, 0, 1], [0, 0, 0, 0, 0, 0, 0, 1], [0, 0, 0, 0, 0, 0, 0, 0], [0, 0, 0, 0, 0, 0, 0, 0], [0, 0, 0, 0, 0, 0, 0, 0], [0, 0, 0, 0, 0, 0, 0, 0], [0, 0, 0, 0, 0, 0, 0, 0]], [[0, 0, 0, 0, 0, 0, 0, 0], [0, 0, 0, 0, 0, 0, 0, 0], [0, 0, 0, 0, 0, 0, 0, 0], [1, 0, 0, 0, 0, 1, 0, 0], [1, 1, 1, 0, 0, 0, 0, 1], [0, 1, 1, 0, 0, 0, 0, 0], [1, 1, 1, 0, 1, 0, 0, 0], [0, 0, 0, 1, 0, 0, 1, 0]]]",2.0,4,,,,True,1.953800595365465,211.8845438491553
GCxvVw,5,4,2.0,"['abBB', 'AAbbB', 'AAB', 'Abbbbb']","{'abBB': [0, 1, 2, 5, 6], 'AAbbB': [4], 'AAB': [3], 'Abbbbb': [7]}","[[[0, 0, 0, 1, 0, 0, 0, 0], [0, 0, 0, 0, 0, 0, 0, 1], [0, 0, 0, 0, 1, 0, 0, 0], [0, 0, 0, 0, 0, 0, 0, 0], [0, 0, 0, 0, 0, 0, 0, 0], [0, 0, 0, 1, 0, 0, 0, 0], [0, 0, 0, 0, 1, 0, 0, 0], [0, 0, 0, 0, 0, 0, 0, 0]], [[0, 0, 0, 0, 0, 0, 1, 0], [0, 0, 0, 0, 0, 1, 0, 0], [0, 0, 0, 0, 0, 0, 1, 0], [0, 0, 0, 0, 0, 0, 0, 0], [1, 1, 0, 0, 0, 0, 0, 0], [0, 0, 1, 0, 0, 0, 0, 0], [0, 1, 0, 0, 0, 0, 0, 0], [1, 0, 1, 1, 1, 1, 0, 0]]]",2.0,4,,,,True,3.858643568120897,81.21594773977995
GCrvbw,5,4,2.0,"['abBB', 'AbbbB', 'Abb', 'ABB']","{'abBB': [0, 1, 3, 6], 'AbbbB': [5, 7], 'Abb': [4], 'ABB': [2]}","[[[0, 0, 0, 0, 0, 1, 0, 0], [0, 0, 0, 0, 1, 0, 0, 0], [0, 0, 0, 0, 0, 0, 0, 0], [0, 0, 0, 0, 0, 0, 0, 1], [0, 0, 0, 0, 0, 0, 0, 0], [0, 0, 0, 0, 0, 0, 0, 0], [0, 0, 1, 0, 0, 0, 0, 0], [0, 0, 0, 0, 0, 0, 0, 0]], [[0, 0, 0, 0, 0, 0, 1, 0], [0, 0, 0, 0, 0, 0, 1, 0], [0, 0, 0, 0, 0, 0, 0, 0], [1, 0, 0, 0, 0, 0, 0, 0], [1, 0, 0, 0, 0, 0, 0, 1], [0, 1, 1, 1, 0, 0, 0, 0], [0, 0, 0, 1, 0, 0, 0, 0], [0, 1, 1, 0, 0, 1, 0, 0]]]",2.0,4,,,,True,27.094509867951277,77.72166962455958
GCxvV{,5,4,2.0,"['abBB', 'AbbbB', 'AbbBBBB', 'Abb']","{'abBB': [0, 1, 2, 5], 'AbbbB': [4, 6], 'AbbBBBB': [7], 'Abb': [3]}","[[[0, 0, 0, 0, 0, 0, 1, 0], [0, 0, 0, 0, 1, 0, 0, 0], [0, 0, 0, 0, 0, 0, 0, 1], [0, 0, 0, 0, 0, 0, 0, 0], [0, 0, 0, 0, 0, 0, 0, 0], [0, 0, 0, 1, 0, 0, 0, 0], [0, 0, 0, 0, 0, 0, 0, 0], [0, 0, 0, 0, 0, 0, 0, 0]], [[0, 0, 0, 0, 0, 0, 0, 1], [0, 0, 0, 0, 0, 1, 0, 0], [0, 0, 0, 0, 1, 0, 0, 0], [1, 0, 0, 0, 0, 0, 0, 1], [1, 0, 0, 0, 0, 0, 1, 1], [0, 0, 1, 0, 0, 0, 0, 0], [0, 1, 1, 0, 0, 0, 0, 1], [0, 1, 0, 0, 0, 1, 0, 0]]]",2.0,4,,,,True,4.2886634804308414,273.61091714631766
GCxvZw,5,4,2.0,"['aBBB', 'AAbbB', 'bbbBB', 'bbB']","{'aBBB': [1, 2], 'AAbbB': [5], 'bbbBB': [4, 6, 7], 'bbB': [0, 3]}","[[[0, 0, 0, 0, 0, 0, 0, 0], [0, 0, 0, 0, 0, 1, 0, 0], [0, 0, 0, 0, 0, 1, 0, 0], [0, 0, 0, 0, 0, 0, 0, 0], [0, 0, 0, 0, 0, 0, 0, 0], [0, 0, 0, 0, 0, 0, 0, 0], [0, 0, 0, 0, 0, 0, 0, 0], [0, 0, 0, 0, 0, 0, 0, 0]], [[0, 0, 0, 1, 1, 0, 0, 0], [0, 0, 0, 0, 0, 0, 0, 0], [0, 0, 0, 0, 0, 0, 0, 0], [0, 0, 0, 0, 0, 1, 0, 1], [0, 1, 1, 0, 0, 0, 1, 0], [0, 0, 0, 0, 0, 0, 1, 1], [1, 1, 1, 0, 0, 0, 0, 0], [0, 1, 1, 0, 1, 0, 0, 0]]]",2.0,4,,,,True,5.043018024414778,121.62669087853284
GCxvZ{,5,5,2.0,"['aBBB', 'Abbbbb', 'AbBBBB', 'bbbBB', 'bbB']","{'aBBB': [1, 2], 'Abbbbb': [7], 'AbBBBB': [6], 'bbbBB': [4, 5], 'bbB': [0, 3]}","[[[0, 0, 0, 0, 0, 0, 0, 0], [0, 0, 0, 0, 0, 0, 0, 1], [0, 0, 0, 0, 0, 0, 1, 0], [0, 0, 0, 0, 0, 0, 0, 0], [0, 0, 0, 0, 0, 0, 0, 0], [0, 0, 0, 0, 0, 0, 0, 0], [0, 0, 0, 0, 0, 0, 0, 0], [0, 0, 0, 0, 0, 0, 0, 0]], [[0, 0, 0, 0, 1, 0, 1, 0], [0, 0, 0, 0, 0, 0, 0, 0], [0, 0, 0, 0, 0, 0, 0, 0], [1, 0, 0, 0, 0, 1, 0, 0], [0, 1, 1, 0, 0, 0, 1, 0], [0, 1, 1, 0, 0, 0, 1, 0], [0, 1, 0, 0, 0, 0, 0, 0], [0, 0, 1, 1, 1, 1, 1, 0]]]",2.0,5,,,,True,20236.75609053485,379.9985215216875
GCxv]w,5,4,2.0,"['aBBB', 'AAbbB', 'bbbBB', 'bbB']","{'aBBB': [0, 1], 'AAbbB': [6], 'bbbBB': [4, 5, 7], 'bbB': [2, 3]}","[[[0, 0, 0, 0, 0, 0, 1, 0], [0, 0, 0, 0, 0, 0, 1, 0], [0, 0, 0, 0, 0, 0, 0, 0], [0, 0, 0, 0, 0, 0, 0, 0], [0, 0, 0, 0, 0, 0, 0, 0], [0, 0, 0, 0, 0, 0, 0, 0], [0, 0, 0, 0, 0, 0, 0, 0], [0, 0, 0, 0, 0, 0, 0, 0]], [[0, 0, 0, 0, 0, 0, 0, 0], [0, 0, 0, 0, 0, 0, 0, 0], [0, 0, 0, 0, 1, 1, 0, 0], [1, 0, 0, 0, 0, 0, 0, 1], [1, 1, 0, 0, 0, 0, 1, 0], [0, 1, 0, 1, 0, 0, 0, 1], [0, 0, 1, 0, 0, 1, 0, 0], [1, 1, 0, 0, 1, 0, 0, 0]]]",2.0,4,,,,True,7.9066012082621455,149.8026375817135
GCxv^[,5,4,2.0,"['aBBB', 'AbbbBB', 'Ab', 'bbbbB']","{'aBBB': [0, 1, 2], 'AbbbBB': [6, 7], 'Ab': [3], 'bbbbB': [4, 5]}","[[[0, 0, 0, 1, 0, 0, 0, 0], [0, 0, 0, 0, 0, 0, 1, 0], [0, 0, 0, 0, 0, 0, 0, 1], [0, 0, 0, 0, 0, 0, 0, 0], [0, 0, 0, 0, 0, 0, 0, 0], [0, 0, 0, 0, 0, 0, 0, 0], [0, 0, 0, 0, 0, 0, 0, 0], [0, 0, 0, 0, 0, 0, 0, 0]], [[0, 0, 0, 0, 0, 0, 0, 0], [0, 0, 0, 0, 0, 0, 0, 0], [0, 0, 0, 0, 0, 0, 0, 0], [0, 0, 0, 0, 0, 1, 0, 0], [1, 1, 1, 0, 0, 0, 0, 1], [0, 1, 1, 0, 0, 0, 1, 1], [1, 0, 1, 0, 1, 0, 0, 0], [1, 1, 0, 0, 0, 0, 1, 0]]]",2.0,4,,,,True,2.0230441465973854,242.0377990622073
GCxv^w,5,4,2.0,"['aBBB', 'AAbbbB', 'ABB', 'bbbbB']","{'aBBB': [0, 1, 2], 'AAbbbB': [7], 'ABB': [3], 'bbbbB': [4, 5, 6]}","[[[0, 0, 0, 1, 0, 0, 0, 0], [0, 0, 0, 0, 0, 0, 0, 1], [0, 0, 0, 0, 0, 0, 0, 1], [0, 0, 0, 0, 0, 0, 0, 0], [0, 0, 0, 0, 0, 0, 0, 0], [0, 0, 0, 0, 0, 0, 0, 0], [0, 0, 0, 0, 0, 0, 0, 0], [0, 0, 0, 0, 0, 0, 0, 0]], [[0, 0, 0, 0, 0, 0, 0, 0], [0, 0, 0, 0, 0, 0, 0, 0], [0, 0, 0, 0, 0, 0, 0, 0], [0, 0, 0, 0, 0, 0, 0, 0], [1, 1, 1, 0, 0, 0, 0, 1], [0, 1, 1, 1, 0, 0, 1, 0], [1, 1, 1, 0, 1, 0, 0, 0], [1, 0, 0, 1, 0, 1, 0, 0]]]",2.0,4,,,,True,3.552087385207414,282.3501225216314
GCxv^{,5,5,2.0,"['aBBB', 'AbbBB', 'AbB', 'bbbbbbB', 'bbbbbB']","{'aBBB': [0, 1, 2], 'AbbBB': [4, 5], 'AbB': [3], 'bbbbbbB': [7], 'bbbbbB': [6]}","[[[0, 0, 0, 1, 0, 0, 0, 0], [0, 0, 0, 0, 1, 0, 0, 0], [0, 0, 0, 0, 0, 1, 0, 0], [0, 0, 0, 0, 0, 0, 0, 0], [0, 0, 0, 0, 0, 0, 0, 0], [0, 0, 0, 0, 0, 0, 0, 0], [0, 0, 0, 0, 0, 0, 0, 0], [0, 0, 0, 0, 0, 0, 0, 0]], [[0, 0, 0, 0, 0, 0, 0, 0], [0, 0, 0, 0, 0, 0, 0, 0], [0, 0, 0, 0, 0, 0, 0, 0], [0, 0, 0, 0, 0, 1, 0, 0], [1, 0, 1, 0, 0, 0, 0, 0], [0, 1, 0, 0, 0, 0, 1, 0], [1, 1, 1, 0, 1, 0, 0, 1], [1, 1, 1, 1, 1, 1, 0, 0]]]",2.0,5,,,,True,31.359413851052523,833.4639322627336
GCxvbW,5,4,2.0,"['abBB', 'AAb', 'Abbb', 'BBB']","{'abBB': [4, 5, 6, 7], 'AAb': [0], 'Abbb': [1, 2], 'BBB': [3]}","[[[0, 0, 0, 0, 0, 0, 0, 0], [0, 0, 0, 0, 0, 0, 0, 0], [0, 0, 0, 0, 0, 0, 0, 0], [0, 0, 0, 0, 0, 0, 0, 0], [1, 0, 0, 0, 0, 0, 0, 0], [0, 0, 1, 0, 0, 0, 0, 0], [1, 0, 0, 0, 0, 0, 0, 0], [0, 1, 0, 0, 0, 0, 0, 0]], [[0, 0, 0, 1, 0, 0, 0, 0], [0, 0, 0, 0, 1, 1, 1, 0], [0, 0, 0, 0, 1, 0, 1, 1], [0, 0, 0, 0, 0, 0, 0, 0], [0, 0, 0, 0, 0, 0, 0, 1], [0, 0, 0, 1, 0, 0, 0, 0], [0, 0, 0, 1, 0, 0, 0, 0], [0, 0, 0, 0, 0, 1, 0, 0]]]",2.0,4,,,,True,28.962075517512854,3.751005875878036
GCxvb[,5,4,2.0,"['abBB', 'AbbbB', 'Abb', 'ABB']","{'abBB': [1, 2, 4, 5], 'AbbbB': [6, 7], 'Abb': [0], 'ABB': [3]}","[[[0, 0, 0, 0, 0, 0, 0, 0], [0, 0, 0, 0, 0, 0, 0, 1], [0, 0, 0, 0, 0, 0, 1, 0], [0, 0, 0, 0, 0, 0, 0, 0], [1, 0, 0, 0, 0, 0, 0, 0], [0, 0, 0, 1, 0, 0, 0, 0], [0, 0, 0, 0, 0, 0, 0, 0], [0, 0, 0, 0, 0, 0, 0, 0]], [[0, 0, 0, 1, 0, 0, 1, 0], [0, 0, 0, 0, 1, 0, 0, 0], [0, 0, 0, 0, 0, 1, 0, 0], [0, 0, 0, 0, 0, 0, 0, 0], [0, 0, 1, 0, 0, 0, 0, 0], [0, 1, 0, 0, 0, 0, 0, 0], [0, 1, 0, 1, 0, 0, 0, 1], [0, 0, 1, 0, 1, 1, 0, 0]]]",2.0,4,,,,True,25.209372106939558,83.19626828283072
GCxvbo,5,3,2.0,"['aBBB', 'AbbB', 'bbb']","{'aBBB': [1, 2, 3], 'AbbB': [4, 6, 7], 'bbb': [0, 5]}","[[[0, 0, 0, 0, 0, 0, 0, 0], [0, 0, 0, 0, 1, 0, 0, 0], [0, 0, 0, 0, 0, 0, 1, 0], [0, 0, 0, 0, 0, 0, 0, 1], [0, 0, 0, 0, 0, 0, 0, 0], [0, 0, 0, 0, 0, 0, 0, 0], [0, 0, 0, 0, 0, 0, 0, 0], [0, 0, 0, 0, 0, 0, 0, 0]], [[0, 0, 0, 1, 1, 0, 1, 0], [0, 0, 0, 0, 0, 0, 0, 0], [0, 0, 0, 0, 0, 0, 0, 0], [0, 0, 0, 0, 0, 0, 0, 0], [0, 0, 1, 0, 0, 0, 0, 1], [0, 1, 1, 1, 0, 0, 0, 0], [0, 1, 0, 1, 0, 0, 0, 0], [0, 1, 1, 0, 0, 0, 0, 0]]]",2.0,3,,,,True,0.9361861199140548,5.254841507412493
GCrvb{,5,4,2.0,"['abBB', 'aBB', 'AAAbBB', 'Abbbb']","{'abBB': [0, 1, 3], 'aBB': [2, 4], 'AAAbBB': [7], 'Abbbb': [5, 6]}","[[[0, 0, 0, 0, 0, 0, 1, 0], [0, 0, 0, 0, 0, 1, 0, 0], [0, 0, 0, 0, 0, 0, 0, 1], [0, 0, 0, 0, 0, 0, 0, 1], [0, 0, 0, 0, 0, 0, 0, 1], [0, 0, 0, 0, 0, 0, 0, 0], [0, 0, 0, 0, 0, 0, 0, 0], [0, 0, 0, 0, 0, 0, 0, 0]], [[0, 0, 0, 0, 1, 0, 0, 0], [0, 0, 0, 0, 1, 0, 0, 0], [0, 0, 0, 0, 0, 0, 0, 0], [1, 0, 0, 0, 0, 0, 0, 0], [0, 0, 0, 0, 0, 0, 0, 0], [1, 0, 1, 1, 0, 0, 0, 1], [0, 1, 1, 1, 0, 0, 0, 1], [0, 1, 0, 0, 0, 0, 0, 0]]]",2.0,4,,,,True,8.090320212766528,226.01728619262576
GCxvbs,5,4,2.0,"['abBB', 'AbbbB', 'Abb', 'ABB']","{'abBB': [1, 2, 3, 4], 'AbbbB': [6, 7], 'Abb': [0], 'ABB': [5]}","[[[0, 0, 0, 0, 0, 0, 0, 0], [0, 0, 0, 0, 0, 0, 0, 1], [0, 0, 0, 0, 0, 1, 0, 0], [0, 0, 0, 0, 0, 0, 1, 0], [1, 0, 0, 0, 0, 0, 0, 0], [0, 0, 0, 0, 0, 0, 0, 0], [0, 0, 0, 0, 0, 0, 0, 0], [0, 0, 0, 0, 0, 0, 0, 0]], [[0, 0, 0, 1, 0, 0, 1, 0], [0, 0, 0, 0, 0, 1, 0, 0], [0, 0, 0, 0, 1, 0, 0, 0], [0, 0, 0, 0, 0, 1, 0, 0], [0, 1, 0, 0, 0, 0, 0, 0], [0, 0, 0, 0, 0, 0, 0, 0], [0, 1, 1, 0, 0, 0, 0, 1], [0, 0, 1, 1, 1, 0, 0, 0]]]",2.0,4,,,,True,32.90580797474831,89.16142329759896
GCxvcw,5,3,2.0,"['aBBB', 'AbbB', 'bbb']","{'aBBB': [4, 5, 6], 'AbbB': [0, 3, 7], 'bbb': [1, 2]}","[[[0, 0, 0, 0, 0, 0, 0, 0], [0, 0, 0, 0, 0, 0, 0, 0], [0, 0, 0, 0, 0, 0, 0, 0], [0, 0, 0, 0, 0, 0, 0, 0], [0, 0, 0, 0, 0, 0, 0, 1], [0, 0, 0, 1, 0, 0, 0, 0], [1, 0, 0, 0, 0, 0, 0, 0], [0, 0, 0, 0, 0, 0, 0, 0]], [[0, 0, 0, 0, 1, 0, 0, 1], [0, 0, 0, 0, 1, 1, 1, 0], [0, 0, 0, 0, 1, 1, 1, 0], [1, 0, 0, 0, 0, 0, 1, 0], [0, 0, 0, 0, 0, 0, 0, 0], [0, 0, 0, 0, 0, 0, 0, 0], [0, 0, 0, 0, 0, 0, 0, 0], [0, 0, 0, 1, 0, 1, 0, 0]]]",2.0,3,,,,True,0.8546551559120417,5.932839907705784
GCxvc{,5,4,2.0,"['abBB', 'AbbbB', 'Abb', 'ABB']","{'abBB': [0, 3, 4, 5], 'AbbbB': [6, 7], 'Abb': [2], 'ABB': [1]}","[[[0, 0, 0, 0, 0, 0, 0, 1], [0, 0, 0, 0, 0, 0, 0, 0], [0, 0, 0, 0, 0, 0, 0, 0], [0, 0, 0, 0, 0, 0, 1, 0], [0, 0, 1, 0, 0, 0, 0, 0], [0, 1, 0, 0, 0, 0, 0, 0], [0, 0, 0, 0, 0, 0, 0, 0], [0, 0, 0, 0, 0, 0, 0, 0]], [[0, 0, 0, 0, 1, 0, 0, 0], [0, 0, 0, 0, 0, 0, 0, 0], [0, 0, 0, 0, 0, 1, 1, 0], [1, 0, 0, 0, 0, 0, 0, 0], [0, 1, 0, 0, 0, 0, 0, 0], [0, 0, 0, 1, 0, 0, 0, 0], [1, 1, 0, 0, 0, 0, 0, 1], [0, 0, 0, 1, 1, 1, 0, 0]]]",2.0,4,,,,True,40.478911051526666,87.08491162862629
GCxveW,5,3,2.0,"['aBBB', 'AbbB', 'bbb']","{'aBBB': [4, 5, 6], 'AbbB': [0, 1, 7], 'bbb': [2, 3]}","[[[0, 0, 0, 0, 0, 0, 0, 0], [0, 0, 0, 0, 0, 0, 0, 0], [0, 0, 0, 0, 0, 0, 0, 0], [0, 0, 0, 0, 0, 0, 0, 0], [0, 1, 0, 0, 0, 0, 0, 0], [0, 0, 0, 0, 0, 0, 0, 1], [1, 0, 0, 0, 0, 0, 0, 0], [0, 0, 0, 0, 0, 0, 0, 0]], [[0, 0, 0, 0, 1, 0, 0, 1], [0, 0, 0, 0, 0, 1, 1, 0], [0, 0, 0, 0, 1, 1, 1, 0], [1, 0, 0, 0, 0, 1, 1, 0], [0, 0, 0, 0, 0, 0, 0, 0], [0, 0, 0, 0, 0, 0, 0, 0], [0, 0, 0, 0, 0, 0, 0, 0], [0, 1, 0, 0, 1, 0, 0, 0]]]",2.0,3,,,,True,3.635620432905853,5.054772010073066
GCxve[,5,4,2.0,"['abBB', 'AbbbB', 'Abb', 'ABB']","{'abBB': [0, 1, 4, 5], 'AbbbB': [6, 7], 'Abb': [3], 'ABB': [2]}","[[[0, 0, 0, 1, 0, 0, 0, 0], [0, 0, 0, 0, 0, 0, 1, 0], [0, 0, 0, 0, 0, 0, 0, 0], [0, 0, 0, 0, 0, 0, 0, 0], [0, 0, 0, 0, 0, 0, 0, 1], [0, 0, 1, 0, 0, 0, 0, 0], [0, 0, 0, 0, 0, 0, 0, 0], [0, 0, 0, 0, 0, 0, 0, 0]], [[0, 0, 0, 0, 1, 0, 0, 0], [0, 0, 0, 0, 1, 0, 0, 0], [0, 0, 0, 0, 0, 0, 0, 0], [0, 0, 0, 0, 0, 1, 1, 0], [0, 0, 1, 0, 0, 0, 0, 0], [0, 1, 0, 0, 0, 0, 0, 0], [1, 0, 1, 0, 0, 0, 0, 1], [1, 1, 0, 0, 0, 1, 0, 0]]]",2.0,4,,,,True,40.289448709227145,80.12207719869912
GCxveo,5,4,2.0,"['abBB', 'AAb', 'Abbb', 'BBB']","{'abBB': [0, 4, 6, 7], 'AAb': [2], 'Abbb': [1, 3], 'BBB': [5]}","[[[0, 0, 0, 1, 0, 0, 0, 0], [0, 0, 0, 0, 0, 0, 0, 0], [0, 0, 0, 0, 0, 0, 0, 0], [0, 0, 0, 0, 0, 0, 0, 0], [0, 0, 1, 0, 0, 0, 0, 0], [0, 0, 0, 0, 0, 0, 0, 0], [0, 0, 1, 0, 0, 0, 0, 0], [0, 1, 0, 0, 0, 0, 0, 0]], [[0, 0, 0, 0, 0, 0, 0, 1], [0, 0, 0, 0, 1, 1, 1, 0], [0, 0, 0, 0, 0, 1, 0, 0], [0, 0, 0, 0, 0, 1, 1, 1], [1, 0, 0, 0, 0, 0, 0, 0], [0, 0, 0, 0, 0, 0, 0, 0], [1, 0, 0, 0, 0, 0, 0, 0], [0, 0, 0, 0, 1, 0, 0, 0]]]",2.0,4,,,,True,33.898453149944544,3.776601278223097
GCxves,5,4,2.0,"['abBB', 'AbbbB', 'Abb', 'ABB']","{'abBB': [0, 1, 3, 4], 'AbbbB': [6, 7], 'Abb': [2], 'ABB': [5]}","[[[0, 0, 0, 0, 0, 0, 0, 1], [0, 0, 0, 0, 0, 1, 0, 0], [0, 0, 0, 0, 0, 0, 0, 0], [0, 0, 0, 0, 0, 0, 1, 0], [0, 0, 1, 0, 0, 0, 0, 0], [0, 0, 0, 0, 0, 0, 0, 0], [0, 0, 0, 0, 0, 0, 0, 0], [0, 0, 0, 0, 0, 0, 0, 0]], [[0, 0, 0, 1, 0, 0, 0, 0], [0, 0, 0, 0, 1, 0, 0, 0], [0, 0, 0, 0, 0, 1, 1, 0], [0, 0, 0, 0, 0, 1, 0, 0], [1, 0, 0, 0, 0, 0, 0, 0], [0, 0, 0, 0, 0, 0, 0, 0], [1, 1, 0, 0, 0, 0, 0, 1], [0, 1, 0, 1, 1, 0, 0, 0]]]",2.0,4,,,,True,25.797958289273083,74.26183076389134
GCxvew,5,4,2.0,"['aBBB', 'AbbB', 'bbbbB', 'bbb']","{'aBBB': [4, 5, 6], 'AbbB': [0, 1, 3], 'bbbbB': [7], 'bbb': [2]}","[[[0, 0, 0, 0, 0, 0, 0, 0], [0, 0, 0, 0, 0, 0, 0, 0], [0, 0, 0, 0, 0, 0, 0, 0], [0, 0, 0, 0, 0, 0, 0, 0], [0, 1, 0, 0, 0, 0, 0, 0], [0, 0, 0, 1, 0, 0, 0, 0], [1, 0, 0, 0, 0, 0, 0, 0], [0, 0, 0, 0, 0, 0, 0, 0]], [[0, 0, 0, 0, 1, 0, 0, 1], [0, 0, 0, 0, 0, 1, 1, 0], [0, 0, 0, 0, 1, 1, 1, 0], [1, 0, 0, 0, 0, 0, 1, 0], [0, 0, 0, 0, 0, 0, 0, 0], [0, 0, 0, 0, 0, 0, 0, 0], [0, 0, 0, 0, 0, 0, 0, 0], [0, 1, 0, 1, 1, 1, 0, 0]]]",2.0,4,,,,True,8.770853430964053,15.502886830829084
GCxve{,5,4,2.0,"['aBBBBB', 'aBB', 'AABBB', 'bbbB']","{'aBBBBB': [7], 'aBB': [2], 'AABBB': [6], 'bbbB': [0, 1, 3, 4, 5]}","[[[0, 0, 0, 0, 0, 0, 0, 0], [0, 0, 0, 0, 0, 0, 0, 0], [0, 0, 0, 0, 0, 0, 1, 0], [0, 0, 0, 0, 0, 0, 0, 0], [0, 0, 0, 0, 0, 0, 0, 0], [0, 0, 0, 0, 0, 0, 0, 0], [0, 0, 0, 0, 0, 0, 0, 0], [0, 0, 0, 0, 0, 0, 1, 0]], [[0, 0, 0, 1, 0, 0, 1, 1], [0, 0, 0, 0, 1, 0, 1, 1], [0, 0, 0, 0, 0, 0, 0, 0], [0, 0, 0, 0, 0, 1, 1, 1], [1, 0, 1, 0, 0, 0, 0, 1], [0, 1, 1, 0, 0, 0, 0, 1], [0, 0, 0, 0, 0, 0, 0, 0], [0, 0, 0, 0, 0, 0, 0, 0]]]",2.0,4,,,,True,3.406229016371072,73.71158850658685
GCxvfO,5,4,2.0,"['aBBB', 'AAAB', 'bbbb', 'bbB']","{'aBBB': [0, 1, 2], 'AAAB': [7], 'bbbb': [4, 6], 'bbB': [3, 5]}","[[[0, 0, 0, 0, 0, 0, 0, 1], [0, 0, 0, 0, 0, 0, 0, 1], [0, 0, 0, 0, 0, 0, 0, 1], [0, 0, 0, 0, 0, 0, 0, 0], [0, 0, 0, 0, 0, 0, 0, 0], [0, 0, 0, 0, 0, 0, 0, 0], [0, 0, 0, 0, 0, 0, 0, 0], [0, 0, 0, 0, 0, 0, 0, 0]], [[0, 0, 0, 0, 0, 0, 0, 0], [0, 0, 0, 0, 0, 0, 0, 0], [0, 0, 0, 0, 0, 0, 0, 0], [1, 0, 0, 0, 0, 1, 0, 0], [1, 1, 1, 0, 0, 0, 0, 1], [0, 1, 1, 0, 0, 0, 0, 0], [1, 1, 1, 1, 0, 0, 0, 0], [0, 0, 0, 0, 0, 0, 0, 0]]]",2.0,4,,,,True,12.97409261483699,4.766915664076805
GCrvc{,5,5,2.0,"['abBB', 'aB', 'AABBB', 'bbbBB', 'bbB']","{'abBB': [3], 'aB': [2], 'AABBB': [5], 'bbbBB': [0, 6, 7], 'bbB': [1, 4]}","[[[0, 0, 0, 0, 0, 0, 0, 0], [0, 0, 0, 0, 0, 0, 0, 0], [0, 0, 0, 0, 0, 1, 0, 0], [0, 0, 0, 0, 0, 1, 0, 0], [0, 0, 0, 0, 0, 0, 0, 0], [0, 0, 0, 0, 0, 0, 0, 0], [0, 0, 0, 0, 0, 0, 0, 0], [0, 0, 0, 0, 0, 0, 0, 0]], [[0, 0, 0, 1, 0, 1, 0, 1], [0, 0, 0, 0, 1, 1, 0, 0], [0, 0, 0, 0, 0, 0, 0, 0], [0, 0, 0, 0, 0, 0, 1, 0], [1, 0, 0, 0, 0, 0, 0, 1], [0, 0, 0, 0, 0, 0, 0, 0], [1, 1, 1, 0, 0, 0, 0, 0], [0, 0, 0, 1, 0, 1, 1, 0]]]",2.0,5,,,,True,383.1190543491393,118.52276460453868
GCxvfS,5,4,2.0,"['aBBB', 'AAAb', 'bbbbB', 'bbB']","{'aBBB': [0, 1, 2], 'AAAb': [4], 'bbbbB': [6, 7], 'bbB': [3, 5]}","[[[0, 0, 0, 0, 1, 0, 0, 0], [0, 0, 0, 0, 1, 0, 0, 0], [0, 0, 0, 0, 1, 0, 0, 0], [0, 0, 0, 0, 0, 0, 0, 0], [0, 0, 0, 0, 0, 0, 0, 0], [0, 0, 0, 0, 0, 0, 0, 0], [0, 0, 0, 0, 0, 0, 0, 0], [0, 0, 0, 0, 0, 0, 0, 0]], [[0, 0, 0, 0, 0, 0, 0, 0], [0, 0, 0, 0, 0, 0, 0, 0], [0, 0, 0, 0, 0, 0, 0, 0], [1, 0, 0, 0, 0, 1, 0, 0], [0, 0, 0, 0, 0, 0, 0, 1], [0, 1, 1, 0, 0, 0, 0, 0], [1, 1, 1, 1, 0, 0, 0, 0], [1, 1, 1, 0, 0, 0, 1, 0]]]",2.0,4,,,,True,14.687116364017127,74.568528954871
GCxvfW,5,4,2.0,"['aBBB', 'AbbB', 'bbbbB', 'bbb']","{'aBBB': [0, 1, 2], 'AbbB': [4, 5, 6], 'bbbbB': [7], 'bbb': [3]}","[[[0, 0, 0, 0, 0, 0, 1, 0], [0, 0, 0, 0, 0, 1, 0, 0], [0, 0, 0, 0, 1, 0, 0, 0], [0, 0, 0, 0, 0, 0, 0, 0], [0, 0, 0, 0, 0, 0, 0, 0], [0, 0, 0, 0, 0, 0, 0, 0], [0, 0, 0, 0, 0, 0, 0, 0], [0, 0, 0, 0, 0, 0, 0, 0]], [[0, 0, 0, 0, 0, 0, 0, 0], [0, 0, 0, 0, 0, 0, 0, 0], [0, 0, 0, 0, 0, 0, 0, 0], [1, 0, 0, 0, 0, 1, 1, 0], [1, 1, 0, 0, 0, 0, 0, 0], [0, 0, 1, 0, 0, 0, 0, 1], [0, 1, 1, 0, 0, 0, 0, 0], [1, 1, 1, 0, 1, 0, 0, 0]]]",2.0,4,,,,True,9.108698571100833,18.82709994725883
GCxvf[,5,4,2.0,"['aBBBBB', 'aBB', 'AABBB', 'bbbB']","{'aBBBBB': [7], 'aBB': [3], 'AABBB': [6], 'bbbB': [0, 1, 2, 4, 5]}","[[[0, 0, 0, 0, 0, 0, 0, 0], [0, 0, 0, 0, 0, 0, 0, 0], [0, 0, 0, 0, 0, 0, 0, 0], [0, 0, 0, 0, 0, 0, 1, 0], [0, 0, 0, 0, 0, 0, 0, 0], [0, 0, 0, 0, 0, 0, 0, 0], [0, 0, 0, 0, 0, 0, 0, 0], [0, 0, 0, 0, 0, 0, 1, 0]], [[0, 0, 0, 1, 0, 0, 1, 1], [0, 0, 0, 0, 1, 0, 1, 1], [0, 0, 0, 0, 0, 1, 1, 1], [0, 0, 0, 0, 0, 0, 0, 0], [1, 0, 1, 0, 0, 0, 0, 1], [0, 1, 0, 1, 0, 0, 0, 1], [0, 0, 0, 0, 0, 0, 0, 0], [0, 0, 0, 0, 0, 0, 0, 0]]]",2.0,4,,,,True,4.010661382228136,77.2086632270366
GCxvf_,5,3,2.0,"['aBBB', 'AbbB', 'bbb']","{'aBBB': [1, 2, 3], 'AbbB': [0, 6, 7], 'bbb': [4, 5]}","[[[0, 0, 0, 0, 0, 0, 0, 0], [0, 0, 0, 0, 0, 0, 0, 1], [0, 0, 0, 0, 0, 0, 1, 0], [1, 0, 0, 0, 0, 0, 0, 0], [0, 0, 0, 0, 0, 0, 0, 0], [0, 0, 0, 0, 0, 0, 0, 0], [0, 0, 0, 0, 0, 0, 0, 0], [0, 0, 0, 0, 0, 0, 0, 0]], [[0, 0, 0, 0, 0, 0, 1, 1], [0, 0, 0, 0, 0, 0, 0, 0], [0, 0, 0, 0, 0, 0, 0, 0], [0, 0, 0, 0, 0, 0, 0, 0], [1, 1, 1, 0, 0, 0, 0, 0], [0, 1, 1, 1, 0, 0, 0, 0], [0, 1, 0, 1, 0, 0, 0, 0], [0, 0, 1, 1, 0, 0, 0, 0]]]",2.0,3,,,,True,1.9989415723830464,6.738393171690404
GCxvfc,5,4,2.0,"['abBB', 'AbbbB', 'Abb', 'ABB']","{'abBB': [0, 1, 2, 3], 'AbbbB': [6, 7], 'Abb': [4], 'ABB': [5]}","[[[0, 0, 0, 0, 0, 0, 1, 0], [0, 0, 0, 0, 1, 0, 0, 0], [0, 0, 0, 0, 0, 1, 0, 0], [0, 0, 0, 0, 0, 0, 0, 1], [0, 0, 0, 0, 0, 0, 0, 0], [0, 0, 0, 0, 0, 0, 0, 0], [0, 0, 0, 0, 0, 0, 0, 0], [0, 0, 0, 0, 0, 0, 0, 0]], [[0, 0, 0, 1, 0, 0, 0, 0], [0, 0, 0, 0, 0, 1, 0, 0], [0, 0, 0, 0, 0, 0, 1, 0], [0, 0, 0, 0, 0, 1, 0, 0], [1, 0, 1, 0, 0, 0, 0, 0], [0, 0, 0, 0, 0, 0, 0, 0], [0, 1, 0, 1, 0, 0, 0, 1], [1, 1, 1, 0, 0, 0, 0, 0]]]",2.0,4,,,,True,30.191791874356568,74.3472931869328
GCxvfo,5,4,2.0,"['aBBB', 'AbbB', 'bbbbB', 'bbb']","{'aBBB': [1, 2, 3], 'AbbB': [0, 4, 6], 'bbbbB': [7], 'bbb': [5]}","[[[0, 0, 0, 0, 0, 0, 0, 0], [0, 0, 0, 0, 0, 0, 1, 0], [0, 0, 0, 0, 1, 0, 0, 0], [1, 0, 0, 0, 0, 0, 0, 0], [0, 0, 0, 0, 0, 0, 0, 0], [0, 0, 0, 0, 0, 0, 0, 0], [0, 0, 0, 0, 0, 0, 0, 0], [0, 0, 0, 0, 0, 0, 0, 0]], [[0, 0, 0, 0, 0, 0, 1, 1], [0, 0, 0, 0, 0, 0, 0, 0], [0, 0, 0, 0, 0, 0, 0, 0], [0, 0, 0, 0, 0, 0, 0, 0], [1, 1, 0, 0, 0, 0, 0, 0], [0, 1, 1, 1, 0, 0, 0, 0], [0, 0, 1, 1, 0, 0, 0, 0], [0, 1, 1, 1, 1, 0, 0, 0]]]",2.0,4,,,,True,7.247841318137944,16.713604111224413
GCxvfs,5,4,2.0,"['abBB', 'AAbBB', 'AAb', 'Abbbbb']","{'abBB': [0, 1, 2, 3, 4], 'AAbBB': [6], 'AAb': [5], 'Abbbbb': [7]}","[[[0, 0, 0, 0, 0, 0, 1, 0], [0, 0, 0, 0, 0, 1, 0, 0], [0, 0, 0, 0, 0, 0, 1, 0], [0, 0, 0, 0, 0, 1, 0, 0], [0, 0, 0, 0, 0, 0, 0, 1], [0, 0, 0, 0, 0, 0, 0, 0], [0, 0, 0, 0, 0, 0, 0, 0], [0, 0, 0, 0, 0, 0, 0, 0]], [[0, 0, 0, 0, 1, 0, 0, 0], [0, 0, 0, 0, 0, 0, 1, 0], [0, 0, 0, 0, 1, 0, 0, 0], [1, 0, 0, 0, 0, 0, 0, 0], [0, 1, 0, 0, 0, 0, 0, 0], [0, 0, 1, 0, 0, 0, 0, 0], [0, 0, 0, 1, 0, 0, 0, 0], [1, 1, 1, 1, 0, 0, 1, 0]]]",2.0,4,,,,True,4.86791664455086,74.82080565486103
GCxvfw,5,3,2.0,"['aBBB', 'AABBBB', 'bbbB']","{'aBBB': [0, 1], 'AABBBB': [7], 'bbbB': [2, 3, 4, 5, 6]}","[[[0, 0, 0, 0, 0, 0, 0, 1], [0, 0, 0, 0, 0, 0, 0, 1], [0, 0, 0, 0, 0, 0, 0, 0], [0, 0, 0, 0, 0, 0, 0, 0], [0, 0, 0, 0, 0, 0, 0, 0], [0, 0, 0, 0, 0, 0, 0, 0], [0, 0, 0, 0, 0, 0, 0, 0], [0, 0, 0, 0, 0, 0, 0, 0]], [[0, 0, 0, 0, 0, 0, 0, 0], [0, 0, 0, 0, 0, 0, 0, 0], [0, 0, 0, 0, 1, 1, 0, 1], [1, 0, 0, 0, 0, 0, 1, 1], [1, 1, 0, 0, 0, 0, 0, 1], [0, 1, 0, 1, 0, 0, 0, 1], [1, 1, 1, 0, 0, 0, 0, 0], [0, 0, 0, 0, 0, 0, 0, 0]]]",2.0,3,,,,True,2.100428866222501,6.231909829191864
GCxvf{,5,4,2.0,"['aBBB', 'AbbB', 'bbbbbBB', 'bbbbB']","{'aBBB': [1, 2, 3], 'AbbB': [0, 4, 5], 'bbbbbBB': [7], 'bbbbB': [6]}","[[[0, 0, 0, 0, 0, 0, 0, 0], [0, 0, 0, 0, 0, 1, 0, 0], [0, 0, 0, 0, 1, 0, 0, 0], [1, 0, 0, 0, 0, 0, 0, 0], [0, 0, 0, 0, 0, 0, 0, 0], [0, 0, 0, 0, 0, 0, 0, 0], [0, 0, 0, 0, 0, 0, 0, 0], [0, 0, 0, 0, 0, 0, 0, 0]], [[0, 0, 0, 0, 1, 0, 1, 0], [0, 0, 0, 0, 0, 0, 0, 0], [0, 0, 0, 0, 0, 0, 0, 0], [0, 0, 0, 0, 0, 0, 0, 0], [0, 1, 0, 0, 0, 0, 0, 1], [0, 0, 1, 1, 0, 0, 0, 0], [0, 1, 1, 1, 0, 0, 0, 1], [1, 1, 1, 1, 0, 1, 0, 0]]]",2.0,4,,,,True,8.95576167292893,37.15407409146428
GCxvr{,5,4,2.0,"['abBB', 'AbbbbB', 'Abb', 'ABBBB']","{'abBB': [1, 2, 3, 5], 'AbbbbB': [6, 7], 'Abb': [0], 'ABBBB': [4]}","[[[0, 0, 0, 0, 0, 0, 0, 0], [0, 0, 0, 0, 1, 0, 0, 0], [0, 0, 0, 0, 0, 0, 1, 0], [1, 0, 0, 0, 0, 0, 0, 0], [0, 0, 0, 0, 0, 0, 0, 0], [0, 0, 0, 0, 0, 0, 0, 1], [0, 0, 0, 0, 0, 0, 0, 0], [0, 0, 0, 0, 0, 0, 0, 0]], [[0, 0, 0, 0, 1, 0, 1, 0], [0, 0, 0, 0, 0, 1, 0, 0], [0, 0, 0, 0, 1, 0, 0, 0], [0, 0, 0, 0, 0, 1, 0, 0], [0, 0, 0, 0, 0, 0, 0, 0], [0, 0, 1, 0, 0, 0, 0, 0], [0, 1, 0, 1, 1, 0, 0, 1], [0, 1, 1, 1, 1, 0, 0, 0]]]",2.0,4,,,,True,4.559814292006195,195.09210761915887
GCruvo,3,4,3.0,"['aaAc', 'aAACC', 'Ab', 'ABcC']","{'aaAc': [1, 3, 4, 6], 'aAACC': [0, 7], 'Ab': [2], 'ABcC': [5]}","[[[0, 0, 0, -0.0, -0.0, -0.0, -0.0, 1.0], [0, 0, 0, 0, -0.0, 1.0, 1.0, -0.0], [0, 0, 0, 0, 0, -0.0, 0, -0.0], [1.0, 0, 0, 0, 0, -0.0, -0.0, 1.0], [1.0, 1.0, 0, 0, 0, 0, -0.0, -0.0], [-0.0, -0.0, -0.0, -0.0, 0, 0, 0, 0], [-0.0, -0.0, 0, 1.0, 1.0, 0, 0, 0], [-0.0, -0.0, 1.0, -0.0, -0.0, 0, 0, 0]], [[0, 0, 0, -0.0, -0.0, -0.0, -0.0, -0.0], [0, 0, 0, 0, -0.0, -0.0, -0.0, -0.0], [0, 0, 0, 0, 0, 1.0, 0, -0.0], [-0.0, 0, 0, 0, 0, -0.0, -0.0, -0.0], [-0.0, -0.0, 0, 0, 0, 0, -0.0, -0.0], [-0.0, -0.0, -0.0, -0.0, 0, 0, 0, 0], [-0.0, -0.0, 0, -0.0, -0.0, 0, 0, 0], [-0.0, -0.0, -0.0, -0.0, -0.0, 0, 0, 0]], [[0, 0, 0, -0.0, -0.0, -0.0, -0.0, -0.0], [0, 0, 0, 0, -0.0, -0.0, -0.0, 1.0], [0, 0, 0, 0, 0, -0.0, 0, -0.0], [-0.0, 0, 0, 0, 0, 1.0, -0.0, -0.0], [-0.0, -0.0, 0, 0, 0, 0, -0.0, 1.0], [1.0, -0.0, -0.0, -0.0, 0, 0, 0, 0], [1.0, -0.0, 0, -0.0, -0.0, 0, 0, 0], [-0.0, -0.0, -0.0, -0.0, -0.0, 0, 0, 0]]]",2.0,5,"['aaaaa', 'aaABB', 'AbbB', 'AbBB', 'Ab']","{'aaaaa': [0], 'aaABB': [7], 'AbbB': [1, 4, 6], 'AbBB': [3, 5], 'Ab': [2]}","[[[0, 0, 0, 1.0, 1.0, 1.0, 1.0, 1.0], [0, 0, 0, 0, -0.0, 0.0, -0.0, 0.0], [0, 0, 0, 0, 0, -0.0, 0, -0.0], [-0.0, 0, 0, 0, 0, -0.0, -0.0, -0.0], [0.0, -0.0, 0, 0, 0, 0, 0.0, -0.0], [-0.0, -0.0, 0.0, 0.0, 0, 0, 0, 0], [-0.0, 0.0, 0, -0.0, -0.0, 0, 0, 0], [-0.0, 1.0, 1.0, -0.0, -0.0, 0, 0, 0]], [[0, 0, 0, -0.0, -0.0, -0.0, 0.0, 0.0], [0, 0, 0, 0, 0.0, 1.0, 1.0, 0.0], [0, 0, 0, 0, 0, 1.0, 0, -0.0], [-0.0, 0, 0, 0, 0, -0.0, 0.0, 1.0], [-0.0, 1.0, 0, 0, 0, 0, -0.0, 1.0], [0.0, -0.0, 0.0, 1.0, 0, 0, 0, 0], [-0.0, -0.0, 0, 1.0, 1.0, 0, 0, 0], [-0.0, -0.0, 0.0, 0.0, -0.0, 0, 0, 0]]]",False,24.764426201581955,79.57235214021057
GCrvd[,5,3,2.0,"['abBBB', 'AAAbb', 'bbB']","{'abBBB': [5, 6, 7], 'AAAbb': [0], 'bbB': [1, 2, 3, 4]}","[[[0, 0, 0, 0, 0, 0, 0, 0], [0, 0, 0, 0, 0, 0, 0, 0], [0, 0, 0, 0, 0, 0, 0, 0], [0, 0, 0, 0, 0, 0, 0, 0], [0, 0, 0, 0, 0, 0, 0, 0], [1, 0, 0, 0, 0, 0, 0, 0], [1, 0, 0, 0, 0, 0, 0, 0], [1, 0, 0, 0, 0, 0, 0, 0]], [[0, 0, 0, 1, 1, 0, 0, 0], [0, 0, 0, 0, 0, 1, 1, 0], [0, 0, 0, 0, 0, 1, 0, 1], [0, 0, 0, 0, 0, 1, 1, 0], [0, 1, 0, 0, 0, 0, 0, 1], [0, 0, 0, 0, 0, 0, 0, 1], [0, 0, 1, 0, 0, 0, 0, 0], [0, 0, 0, 0, 0, 0, 1, 0]]]",2.0,3,,,,True,3.260216540656984,59.73318701982498
GCxvu{,5,4,2.0,"['abBB', 'AbbbbB', 'Abb', 'ABBBB']","{'abBB': [0, 1, 3, 5], 'AbbbbB': [6, 7], 'Abb': [2], 'ABBBB': [4]}","[[[0, 0, 0, 0, 1, 0, 0, 0], [0, 0, 0, 0, 0, 0, 0, 1], [0, 0, 0, 0, 0, 0, 0, 0], [0, 0, 0, 0, 0, 0, 1, 0], [0, 0, 0, 0, 0, 0, 0, 0], [0, 0, 1, 0, 0, 0, 0, 0], [0, 0, 0, 0, 0, 0, 0, 0], [0, 0, 0, 0, 0, 0, 0, 0]], [[0, 0, 0, 1, 0, 0, 0, 0], [0, 0, 0, 0, 1, 0, 0, 0], [0, 0, 0, 0, 1, 0, 1, 0], [0, 0, 0, 0, 0, 1, 0, 0], [0, 0, 0, 0, 0, 0, 0, 0], [0, 1, 0, 0, 0, 0, 0, 0], [1, 1, 0, 0, 1, 0, 0, 1], [1, 0, 0, 1, 1, 1, 0, 0]]]",2.0,4,,,,True,7.6094744093716145,184.407299393788
GCxvv[,5,4,2.0,"['abBB', 'AbbbbB', 'Abb', 'ABBBB']","{'abBB': [0, 1, 2, 5], 'AbbbbB': [6, 7], 'Abb': [3], 'ABBBB': [4]}","[[[0, 0, 0, 0, 0, 0, 1, 0], [0, 0, 0, 0, 0, 0, 0, 1], [0, 0, 0, 0, 1, 0, 0, 0], [0, 0, 0, 0, 0, 0, 0, 0], [0, 0, 0, 0, 0, 0, 0, 0], [0, 0, 0, 1, 0, 0, 0, 0], [0, 0, 0, 0, 0, 0, 0, 0], [0, 0, 0, 0, 0, 0, 0, 0]], [[0, 0, 0, 0, 1, 0, 0, 0], [0, 0, 0, 0, 1, 0, 0, 0], [0, 0, 0, 0, 0, 1, 0, 0], [1, 0, 0, 0, 0, 0, 1, 0], [0, 0, 0, 0, 0, 0, 0, 0], [0, 1, 0, 0, 0, 0, 0, 0], [0, 1, 1, 0, 1, 0, 0, 1], [1, 0, 1, 0, 1, 1, 0, 0]]]",2.0,4,,,,True,5.284476384520531,195.72011960018423
GCxvvg,5,3,2.0,"['aBBB', 'AbbB', 'bbbbB']","{'aBBB': [1, 2, 3], 'AbbB': [0, 4, 5], 'bbbbB': [6, 7]}","[[[0, 0, 0, 0, 0, 0, 0, 0], [0, 0, 0, 0, 0, 1, 0, 0], [0, 0, 0, 0, 1, 0, 0, 0], [1, 0, 0, 0, 0, 0, 0, 0], [0, 0, 0, 0, 0, 0, 0, 0], [0, 0, 0, 0, 0, 0, 0, 0], [0, 0, 0, 0, 0, 0, 0, 0], [0, 0, 0, 0, 0, 0, 0, 0]], [[0, 0, 0, 0, 0, 0, 1, 1], [0, 0, 0, 0, 0, 0, 0, 0], [0, 0, 0, 0, 0, 0, 0, 0], [0, 0, 0, 0, 0, 0, 0, 0], [1, 1, 0, 0, 0, 0, 0, 0], [0, 0, 1, 1, 0, 0, 0, 0], [0, 1, 1, 1, 1, 0, 0, 0], [0, 1, 1, 1, 0, 1, 0, 0]]]",2.0,3,,,,True,1.2590246023610234,18.329144841991365
GCxvvk,5,3,2.0,"['abbB', 'aBBB', 'AAAbBB']","{'abbB': [0, 1, 2, 3, 4], 'aBBB': [5], 'AAAbBB': [6, 7]}","[[[0, 0, 0, 0, 0, 0, 1, 0], [0, 0, 0, 0, 0, 0, 0, 1], [0, 0, 0, 0, 0, 0, 0, 1], [0, 0, 0, 0, 0, 0, 1, 0], [0, 0, 0, 0, 0, 0, 1, 0], [0, 0, 0, 0, 0, 0, 0, 1], [0, 0, 0, 0, 0, 0, 0, 0], [0, 0, 0, 0, 0, 0, 0, 0]], [[0, 0, 0, 0, 1, 0, 0, 1], [0, 0, 0, 0, 0, 1, 1, 0], [0, 0, 0, 0, 0, 1, 1, 0], [1, 0, 0, 0, 0, 1, 0, 0], [0, 1, 1, 0, 0, 0, 0, 0], [0, 0, 0, 0, 0, 0, 0, 0], [0, 0, 0, 0, 0, 0, 0, 1], [0, 0, 0, 1, 0, 0, 0, 0]]]",2.0,3,,,,True,10.294837595894933,21.286921560764316
GCxvvs,5,4,2.0,"['abBB', 'AbbbbB', 'Abb', 'ABBBB']","{'abBB': [0, 1, 2, 3], 'AbbbbB': [6, 7], 'Abb': [5], 'ABBBB': [4]}","[[[0, 0, 0, 0, 1, 0, 0, 0], [0, 0, 0, 0, 0, 0, 0, 1], [0, 0, 0, 0, 0, 0, 1, 0], [0, 0, 0, 0, 0, 1, 0, 0], [0, 0, 0, 0, 0, 0, 0, 0], [0, 0, 0, 0, 0, 0, 0, 0], [0, 0, 0, 0, 0, 0, 0, 0], [0, 0, 0, 0, 0, 0, 0, 0]], [[0, 0, 0, 1, 0, 0, 0, 0], [0, 0, 0, 0, 1, 0, 0, 0], [0, 0, 0, 0, 1, 0, 0, 0], [0, 0, 0, 0, 0, 0, 1, 0], [0, 0, 0, 0, 0, 0, 0, 0], [0, 1, 1, 0, 0, 0, 0, 0], [1, 1, 0, 0, 1, 0, 0, 1], [1, 0, 1, 1, 1, 0, 0, 0]]]",2.0,4,,,,True,3.932517393492162,166.10422868654132
GCxvvw,5,3,2.0,"['abBB', 'AAbbB', 'AbbbbB']","{'abBB': [0, 1, 2, 3, 5], 'AAbbB': [4, 6], 'AbbbbB': [7]}","[[[0, 0, 0, 0, 1, 0, 0, 0], [0, 0, 0, 0, 0, 0, 1, 0], [0, 0, 0, 0, 1, 0, 0, 0], [0, 0, 0, 0, 0, 0, 1, 0], [0, 0, 0, 0, 0, 0, 0, 0], [0, 0, 0, 0, 0, 0, 0, 1], [0, 0, 0, 0, 0, 0, 0, 0], [0, 0, 0, 0, 0, 0, 0, 0]], [[0, 0, 0, 0, 0, 0, 1, 0], [0, 0, 0, 0, 0, 1, 0, 0], [0, 0, 0, 0, 0, 1, 0, 0], [1, 0, 0, 0, 0, 0, 0, 0], [0, 1, 0, 0, 0, 0, 0, 1], [0, 0, 0, 1, 0, 0, 0, 0], [0, 0, 1, 0, 1, 0, 0, 0], [1, 1, 1, 1, 0, 0, 0, 0]]]",2.0,3,,,,True,1.119260403327644,73.43273138441145
GCxvv{,5,4,2.0,"['aBBBBB', 'ABBBBBB', 'bbbBB', 'bbbB']","{'aBBBBB': [6], 'ABBBBBB': [7], 'bbbBB': [4], 'bbbB': [0, 1, 2, 3, 5]}","[[[0, 0, 0, 0, 0, 0, 0, 0], [0, 0, 0, 0, 0, 0, 0, 0], [0, 0, 0, 0, 0, 0, 0, 0], [0, 0, 0, 0, 0, 0, 0, 0], [0, 0, 0, 0, 0, 0, 0, 0], [0, 0, 0, 0, 0, 0, 0, 0], [0, 0, 0, 0, 0, 0, 0, 1], [0, 0, 0, 0, 0, 0, 0, 0]], [[0, 0, 0, 1, 0, 0, 1, 1], [0, 0, 0, 0, 1, 0, 1, 1], [0, 0, 0, 0, 1, 0, 1, 1], [0, 0, 0, 0, 0, 1, 1, 1], [1, 0, 0, 0, 0, 0, 1, 1], [0, 1, 1, 0, 0, 0, 0, 1], [0, 0, 0, 0, 0, 0, 0, 0], [0, 0, 0, 0, 0, 0, 0, 0]]]",2.0,4,,,,True,4.0797919584438205,176.11028490960598
GCxv~w,5,4,2.0,"['aBBB', 'AbbBBB', 'AbbB', 'bbbbb']","{'aBBB': [1, 2, 3], 'AbbBBB': [6, 7], 'AbbB': [0], 'bbbbb': [4, 5]}","[[[0, 0, 0, 0, 0, 0, 0, 0], [0, 0, 0, 0, 0, 0, 1, 0], [0, 0, 0, 0, 0, 0, 0, 1], [1, 0, 0, 0, 0, 0, 0, 0], [0, 0, 0, 0, 0, 0, 0, 0], [0, 0, 0, 0, 0, 0, 0, 0], [0, 0, 0, 0, 0, 0, 0, 0], [0, 0, 0, 0, 0, 0, 0, 0]], [[0, 0, 0, 0, 0, 0, 1, 1], [0, 0, 0, 0, 0, 0, 0, 0], [0, 0, 0, 0, 0, 0, 0, 0], [0, 0, 0, 0, 0, 0, 0, 0], [1, 1, 1, 0, 0, 0, 1, 1], [0, 1, 1, 1, 0, 0, 1, 1], [0, 0, 1, 1, 0, 0, 0, 0], [0, 1, 0, 1, 0, 0, 0, 0]]]",2.0,4,,,,True,8.992259545251727,174.20316587295383
GCxv~{,5,4,2.0,"['aBBB', 'AbbBB', 'AbBB', 'bbbbbbB']","{'aBBB': [0, 1, 2], 'AbbBB': [4, 5], 'AbBB': [3], 'bbbbbbB': [6, 7]}","[[[0, 0, 0, 1, 0, 0, 0, 0], [0, 0, 0, 0, 1, 0, 0, 0], [0, 0, 0, 0, 0, 1, 0, 0], [0, 0, 0, 0, 0, 0, 0, 0], [0, 0, 0, 0, 0, 0, 0, 0], [0, 0, 0, 0, 0, 0, 0, 0], [0, 0, 0, 0, 0, 0, 0, 0], [0, 0, 0, 0, 0, 0, 0, 0]], [[0, 0, 0, 0, 0, 0, 0, 0], [0, 0, 0, 0, 0, 0, 0, 0], [0, 0, 0, 0, 0, 0, 0, 0], [0, 0, 0, 0, 0, 0, 1, 0], [1, 0, 1, 0, 0, 0, 0, 0], [0, 1, 0, 1, 0, 0, 0, 0], [1, 1, 1, 0, 1, 1, 0, 1], [1, 1, 1, 1, 1, 1, 0, 0]]]",2.0,4,,,,True,140.00912643410263,308.79506358038634
GCx}|{,5,4,2.0,"['abBBBB', 'AbbbBB', 'AbbB', 'bbb']","{'abBBBB': [4, 5, 7], 'AbbbBB': [6], 'AbbB': [0, 3], 'bbb': [1, 2]}","[[[0, 0, 0, 0, 0, 0, 0, 0], [0, 0, 0, 0, 0, 0, 0, 0], [0, 0, 0, 0, 0, 0, 0, 0], [0, 0, 0, 0, 0, 0, 0, 0], [1, 0, 0, 0, 0, 0, 0, 0], [0, 0, 0, 0, 0, 0, 1, 0], [0, 0, 0, 0, 0, 0, 0, 0], [0, 0, 0, 1, 0, 0, 0, 0]], [[0, 0, 0, 0, 0, 0, 1, 1], [0, 0, 0, 0, 1, 1, 1, 0], [0, 0, 0, 0, 1, 1, 0, 1], [1, 0, 0, 0, 0, 1, 0, 0], [0, 0, 0, 0, 0, 0, 0, 1], [0, 0, 0, 0, 1, 0, 0, 0], [0, 0, 0, 1, 1, 0, 0, 1], [0, 0, 0, 0, 0, 1, 0, 0]]]",2.0,4,,,,True,22.93859279062599,143.16121480427682
GCrvdw,5,4,2.0,"['aBBB', 'ABBB', 'bbbBB', 'bbB']","{'aBBB': [3], 'ABBB': [6], 'bbbBB': [0, 5, 7], 'bbB': [1, 2, 4]}","[[[0, 0, 0, 0, 0, 0, 0, 0], [0, 0, 0, 0, 0, 0, 0, 0], [0, 0, 0, 0, 0, 0, 0, 0], [0, 0, 0, 0, 0, 0, 1, 0], [0, 0, 0, 0, 0, 0, 0, 0], [0, 0, 0, 0, 0, 0, 0, 0], [0, 0, 0, 0, 0, 0, 0, 0], [0, 0, 0, 0, 0, 0, 0, 0]], [[0, 0, 0, 1, 1, 0, 1, 0], [0, 0, 0, 0, 0, 1, 1, 0], [0, 0, 0, 0, 0, 1, 1, 0], [0, 0, 0, 0, 0, 0, 0, 0], [0, 1, 0, 0, 0, 0, 0, 1], [1, 0, 0, 1, 0, 0, 0, 1], [0, 0, 0, 0, 0, 0, 0, 0], [1, 0, 1, 1, 0, 0, 0, 0]]]",2.0,4,,,,True,5.702657133340836,145.24717855919152
GCx}}{,5,4,2.0,"['abBB', 'aB', 'AbbbbB', 'ABBBBB']","{'abBB': [0, 1, 3], 'aB': [2], 'AbbbbB': [4, 5, 6], 'ABBBBB': [7]}","[[[0, 0, 0, 0, 0, 0, 0, 1], [0, 0, 0, 0, 1, 0, 0, 0], [0, 0, 0, 0, 0, 1, 0, 0], [0, 0, 0, 0, 0, 0, 1, 0], [0, 0, 0, 0, 0, 0, 0, 0], [0, 0, 0, 0, 0, 0, 0, 0], [0, 0, 0, 0, 0, 0, 0, 0], [0, 0, 0, 0, 0, 0, 0, 0]], [[0, 0, 0, 1, 0, 0, 0, 0], [0, 0, 0, 0, 0, 0, 0, 1], [0, 0, 0, 0, 0, 0, 0, 0], [0, 0, 0, 0, 0, 0, 0, 1], [1, 0, 1, 0, 0, 0, 1, 1], [0, 1, 0, 1, 1, 0, 0, 1], [1, 1, 0, 0, 0, 1, 0, 1], [0, 0, 0, 0, 0, 0, 0, 0]]]",2.0,4,,,,True,24.840730698779225,81.54812022391707
GCx}~w,5,4,2.0,"['abBB', 'AbbBBB', 'bbbbB', 'bbb']","{'abBB': [0, 1, 3], 'AbbBBB': [4, 5, 7], 'bbbbB': [6], 'bbb': [2]}","[[[0, 0, 0, 0, 1, 0, 0, 0], [0, 0, 0, 0, 0, 0, 0, 1], [0, 0, 0, 0, 0, 0, 0, 0], [0, 0, 0, 0, 0, 1, 0, 0], [0, 0, 0, 0, 0, 0, 0, 0], [0, 0, 0, 0, 0, 0, 0, 0], [0, 0, 0, 0, 0, 0, 0, 0], [0, 0, 0, 0, 0, 0, 0, 0]], [[0, 0, 0, 1, 0, 0, 0, 0], [0, 0, 0, 0, 0, 0, 1, 0], [0, 0, 0, 0, 1, 1, 0, 1], [0, 0, 0, 0, 0, 0, 0, 1], [0, 1, 0, 0, 0, 0, 0, 1], [0, 1, 0, 0, 1, 0, 0, 0], [1, 0, 0, 1, 1, 1, 0, 0], [1, 0, 0, 0, 0, 1, 0, 0]]]",2.0,4,,,,True,2.352251483127475,281.1583242993802
GCx}~{,5,4,2.0,"['abBB', 'AbbBBB', 'bbbbbBB', 'bbb']","{'abBB': [0, 1, 3], 'AbbBBB': [4, 5, 6], 'bbbbbBB': [7], 'bbb': [2]}","[[[0, 0, 0, 0, 0, 0, 1, 0], [0, 0, 0, 0, 1, 0, 0, 0], [0, 0, 0, 0, 0, 0, 0, 0], [0, 0, 0, 0, 0, 1, 0, 0], [0, 0, 0, 0, 0, 0, 0, 0], [0, 0, 0, 0, 0, 0, 0, 0], [0, 0, 0, 0, 0, 0, 0, 0], [0, 0, 0, 0, 0, 0, 0, 0]], [[0, 0, 0, 1, 0, 0, 0, 0], [0, 0, 0, 0, 0, 1, 0, 0], [0, 0, 0, 0, 1, 1, 0, 1], [0, 0, 0, 0, 0, 0, 1, 0], [1, 0, 0, 0, 0, 0, 1, 0], [0, 0, 0, 0, 1, 0, 0, 1], [0, 1, 0, 0, 0, 1, 0, 0], [1, 1, 0, 1, 1, 0, 1, 0]]]",2.0,4,,,,True,4.723945000208914,397.7088106786832
GCx~b[,5,4,2.0,"['aBBB', 'AAbbB', 'bbbBB', 'bbB']","{'aBBB': [1, 2], 'AAbbB': [7], 'bbbBB': [4, 5, 6], 'bbB': [0, 3]}","[[[0, 0, 0, 0, 0, 0, 0, 0], [0, 0, 0, 0, 0, 0, 0, 1], [0, 0, 0, 0, 0, 0, 0, 1], [0, 0, 0, 0, 0, 0, 0, 0], [0, 0, 0, 0, 0, 0, 0, 0], [0, 0, 0, 0, 0, 0, 0, 0], [0, 0, 0, 0, 0, 0, 0, 0], [0, 0, 0, 0, 0, 0, 0, 0]], [[0, 0, 0, 0, 1, 0, 1, 0], [0, 0, 0, 0, 0, 0, 0, 0], [0, 0, 0, 0, 0, 0, 0, 0], [1, 0, 0, 0, 0, 0, 1, 0], [0, 1, 1, 0, 0, 1, 0, 0], [0, 1, 1, 1, 0, 0, 0, 0], [0, 1, 1, 0, 0, 0, 0, 1], [0, 0, 0, 0, 1, 1, 0, 0]]]",2.0,4,,,,True,4.41598043218255,111.0040194299072
GCx~bs,5,3,2.0,"['abBB', 'AbbbB', 'ABB']","{'abBB': [1, 2, 3, 5], 'AbbbB': [4, 6, 7], 'ABB': [0]}","[[[0, 0, 0, 0, 0, 0, 0, 0], [0, 0, 0, 0, 0, 0, 0, 1], [0, 0, 0, 0, 0, 0, 1, 0], [1, 0, 0, 0, 0, 0, 0, 0], [0, 0, 0, 0, 0, 0, 0, 0], [0, 0, 0, 0, 1, 0, 0, 0], [0, 0, 0, 0, 0, 0, 0, 0], [0, 0, 0, 0, 0, 0, 0, 0]], [[0, 0, 0, 0, 0, 0, 0, 0], [0, 0, 0, 0, 0, 1, 0, 0], [0, 0, 0, 0, 0, 0, 0, 1], [0, 0, 0, 0, 0, 1, 0, 0], [1, 1, 1, 0, 0, 0, 0, 0], [0, 0, 1, 0, 0, 0, 0, 0], [1, 1, 0, 1, 0, 0, 0, 0], [0, 0, 0, 1, 1, 0, 1, 0]]]",2.0,3,,,,True,1.5656763287261128,79.0643112109974
GCx~c{,5,4,2.0,"['aBBB', 'ABBB', 'bbbBB', 'bbB']","{'aBBB': [0], 'ABBB': [3], 'bbbBB': [4, 5, 6, 7], 'bbB': [1, 2]}","[[[0, 0, 0, 1, 0, 0, 0, 0], [0, 0, 0, 0, 0, 0, 0, 0], [0, 0, 0, 0, 0, 0, 0, 0], [0, 0, 0, 0, 0, 0, 0, 0], [0, 0, 0, 0, 0, 0, 0, 0], [0, 0, 0, 0, 0, 0, 0, 0], [0, 0, 0, 0, 0, 0, 0, 0], [0, 0, 0, 0, 0, 0, 0, 0]], [[0, 0, 0, 0, 0, 0, 0, 0], [0, 0, 0, 0, 1, 0, 1, 0], [0, 0, 0, 0, 0, 1, 1, 0], [0, 0, 0, 0, 0, 0, 0, 0], [1, 0, 1, 0, 0, 0, 0, 1], [0, 1, 0, 1, 1, 0, 0, 0], [1, 0, 0, 1, 0, 0, 0, 1], [1, 0, 0, 1, 0, 1, 0, 0]]]",2.0,4,,,,True,5.349954234436154,135.1003524577245
GCx~e[,5,4,2.0,"['aBBB', 'AAbbB', 'bbbBB', 'bbB']","{'aBBB': [0, 1], 'AAbbB': [7], 'bbbBB': [4, 5, 6], 'bbB': [2, 3]}","[[[0, 0, 0, 0, 0, 0, 0, 1], [0, 0, 0, 0, 0, 0, 0, 1], [0, 0, 0, 0, 0, 0, 0, 0], [0, 0, 0, 0, 0, 0, 0, 0], [0, 0, 0, 0, 0, 0, 0, 0], [0, 0, 0, 0, 0, 0, 0, 0], [0, 0, 0, 0, 0, 0, 0, 0], [0, 0, 0, 0, 0, 0, 0, 0]], [[0, 0, 0, 0, 0, 0, 0, 0], [0, 0, 0, 0, 0, 0, 0, 0], [0, 0, 0, 0, 0, 1, 1, 0], [1, 0, 0, 0, 0, 0, 1, 0], [1, 1, 1, 0, 0, 0, 0, 0], [0, 1, 0, 1, 1, 0, 0, 0], [1, 1, 0, 0, 0, 0, 0, 1], [0, 0, 0, 0, 1, 1, 0, 0]]]",2.0,4,,,,True,10.03246285300702,145.02713105082512
GCx~es,5,3,2.0,"['abBB', 'AbbbB', 'ABB']","{'abBB': [0, 1, 3, 5], 'AbbbB': [4, 6, 7], 'ABB': [2]}","[[[0, 0, 0, 0, 1, 0, 0, 0], [0, 0, 0, 0, 0, 0, 1, 0], [0, 0, 0, 0, 0, 0, 0, 0], [0, 0, 0, 0, 0, 0, 0, 1], [0, 0, 0, 0, 0, 0, 0, 0], [0, 0, 1, 0, 0, 0, 0, 0], [0, 0, 0, 0, 0, 0, 0, 0], [0, 0, 0, 0, 0, 0, 0, 0]], [[0, 0, 0, 1, 0, 0, 0, 0], [0, 0, 0, 0, 0, 1, 0, 0], [0, 0, 0, 0, 0, 0, 0, 0], [0, 0, 0, 0, 0, 1, 0, 0], [0, 1, 1, 0, 0, 0, 0, 1], [0, 0, 0, 0, 1, 0, 0, 0], [1, 0, 1, 1, 0, 0, 0, 0], [1, 1, 0, 0, 0, 0, 1, 0]]]",2.0,3,,,,True,1.2061057705432177,91.0432470422238
GCx~ew,5,3,2.0,"['abBB', 'AbbbB', 'ABB']","{'abBB': [0, 1, 3, 6], 'AbbbB': [4, 5, 7], 'ABB': [2]}","[[[0, 0, 0, 0, 1, 0, 0, 0], [0, 0, 0, 0, 0, 0, 0, 1], [0, 0, 0, 0, 0, 0, 0, 0], [0, 0, 0, 0, 0, 1, 0, 0], [0, 0, 0, 0, 0, 0, 0, 0], [0, 0, 0, 0, 0, 0, 0, 0], [0, 0, 1, 0, 0, 0, 0, 0], [0, 0, 0, 0, 0, 0, 0, 0]], [[0, 0, 0, 1, 0, 0, 0, 0], [0, 0, 0, 0, 0, 0, 1, 0], [0, 0, 0, 0, 0, 0, 0, 0], [0, 0, 0, 0, 0, 0, 1, 0], [0, 1, 1, 0, 0, 0, 0, 1], [0, 1, 1, 0, 1, 0, 0, 0], [1, 0, 0, 0, 0, 0, 0, 0], [1, 0, 0, 1, 0, 1, 0, 0]]]",2.0,3,,,,True,1.0292481761425734,82.54604575224221
GCx~e{,5,4,2.0,"['abBB', 'AAAbBB', 'bbbBB', 'bbB']","{'abBB': [0, 1, 3], 'AAAbBB': [7], 'bbbBB': [4, 5, 6], 'bbB': [2]}","[[[0, 0, 0, 0, 0, 0, 0, 1], [0, 0, 0, 0, 0, 0, 0, 1], [0, 0, 0, 0, 0, 0, 0, 0], [0, 0, 0, 0, 0, 0, 0, 1], [0, 0, 0, 0, 0, 0, 0, 0], [0, 0, 0, 0, 0, 0, 0, 0], [0, 0, 0, 0, 0, 0, 0, 0], [0, 0, 0, 0, 0, 0, 0, 0]], [[0, 0, 0, 1, 0, 0, 0, 0], [0, 0, 0, 0, 0, 1, 0, 0], [0, 0, 0, 0, 1, 0, 1, 0], [0, 0, 0, 0, 0, 0, 1, 0], [1, 1, 0, 0, 0, 0, 0, 1], [0, 0, 1, 1, 1, 0, 0, 0], [1, 1, 0, 0, 0, 0, 0, 1], [0, 0, 0, 0, 0, 1, 0, 0]]]",2.0,4,,,,True,5.102207641117275,274.5787648288533
GCrvd{,5,4,2.0,"['aBBB', 'AbBBBB', 'bbbBB', 'bbB']","{'aBBB': [3], 'AbBBBB': [7], 'bbbBB': [0, 5, 6], 'bbB': [1, 2, 4]}","[[[0, 0, 0, 0, 0, 0, 0, 0], [0, 0, 0, 0, 0, 0, 0, 0], [0, 0, 0, 0, 0, 0, 0, 0], [0, 0, 0, 0, 0, 0, 0, 1], [0, 0, 0, 0, 0, 0, 0, 0], [0, 0, 0, 0, 0, 0, 0, 0], [0, 0, 0, 0, 0, 0, 0, 0], [0, 0, 0, 0, 0, 0, 0, 0]], [[0, 0, 0, 1, 0, 0, 1, 1], [0, 0, 0, 0, 1, 0, 1, 0], [0, 0, 0, 0, 0, 1, 0, 1], [0, 0, 0, 0, 0, 0, 0, 0], [1, 0, 0, 0, 0, 0, 0, 1], [1, 1, 0, 1, 0, 0, 0, 0], [0, 0, 1, 1, 0, 0, 0, 1], [0, 0, 0, 0, 0, 1, 0, 0]]]",2.0,4,,,,True,3.2914105728268623,270.7266394207254
GCx~fS,5,3,2.0,"['abBB', 'AbbbB', 'ABB']","{'abBB': [0, 1, 2, 5], 'AbbbB': [4, 6, 7], 'ABB': [3]}","[[[0, 0, 0, 0, 0, 0, 0, 1], [0, 0, 0, 0, 0, 0, 1, 0], [0, 0, 0, 0, 1, 0, 0, 0], [0, 0, 0, 0, 0, 0, 0, 0], [0, 0, 0, 0, 0, 0, 0, 0], [0, 0, 0, 1, 0, 0, 0, 0], [0, 0, 0, 0, 0, 0, 0, 0], [0, 0, 0, 0, 0, 0, 0, 0]], [[0, 0, 0, 1, 0, 0, 0, 0], [0, 0, 0, 0, 0, 1, 0, 0], [0, 0, 0, 0, 0, 0, 1, 0], [0, 0, 0, 0, 0, 0, 0, 0], [1, 1, 0, 0, 0, 1, 0, 0], [0, 0, 1, 0, 0, 0, 0, 0], [1, 0, 0, 1, 0, 0, 0, 1], [0, 1, 1, 0, 1, 0, 0, 0]]]",2.0,3,,,,True,1.307192918844521,92.61264173779637
GCx~f[,5,4,2.0,"['aBBB', 'AAbbbB', 'ABB', 'bbbbB']","{'aBBB': [0, 1, 2], 'AAbbbB': [7], 'ABB': [3], 'bbbbB': [4, 5, 6]}","[[[0, 0, 0, 1, 0, 0, 0, 0], [0, 0, 0, 0, 0, 0, 0, 1], [0, 0, 0, 0, 0, 0, 0, 1], [0, 0, 0, 0, 0, 0, 0, 0], [0, 0, 0, 0, 0, 0, 0, 0], [0, 0, 0, 0, 0, 0, 0, 0], [0, 0, 0, 0, 0, 0, 0, 0], [0, 0, 0, 0, 0, 0, 0, 0]], [[0, 0, 0, 0, 0, 0, 0, 0], [0, 0, 0, 0, 0, 0, 0, 0], [0, 0, 0, 0, 0, 0, 0, 0], [0, 0, 0, 0, 0, 0, 0, 0], [1, 1, 1, 0, 0, 1, 0, 0], [0, 1, 1, 1, 0, 0, 0, 1], [1, 1, 1, 1, 0, 0, 0, 0], [1, 0, 0, 0, 1, 0, 1, 0]]]",2.0,4,,,,True,4.864573936909437,303.9582816166803
GCx~fc,5,3,2.0,"['aBBB', 'AbbB', 'bbbbB']","{'aBBB': [1, 2, 3], 'AbbB': [0, 4, 5], 'bbbbB': [6, 7]}","[[[0, 0, 0, 0, 0, 0, 0, 0], [0, 0, 0, 0, 1, 0, 0, 0], [0, 0, 0, 0, 0, 1, 0, 0], [1, 0, 0, 0, 0, 0, 0, 0], [0, 0, 0, 0, 0, 0, 0, 0], [0, 0, 0, 0, 0, 0, 0, 0], [0, 0, 0, 0, 0, 0, 0, 0], [0, 0, 0, 0, 0, 0, 0, 0]], [[0, 0, 0, 0, 1, 0, 0, 1], [0, 0, 0, 0, 0, 0, 0, 0], [0, 0, 0, 0, 0, 0, 0, 0], [0, 0, 0, 0, 0, 0, 0, 0], [0, 0, 1, 0, 0, 1, 0, 0], [0, 1, 0, 1, 0, 0, 0, 0], [1, 1, 1, 1, 0, 0, 0, 0], [0, 1, 1, 1, 0, 0, 1, 0]]]",2.0,3,,,,True,1.8621563548222184,12.201337015256286
GCx~fo,5,3,2.0,"['aBBB', 'AbbB', 'bbbbB']","{'aBBB': [1, 2, 3], 'AbbB': [0, 5, 6], 'bbbbB': [4, 7]}","[[[0, 0, 0, 0, 0, 0, 0, 0], [0, 0, 0, 0, 0, 1, 0, 0], [0, 0, 0, 0, 0, 0, 1, 0], [1, 0, 0, 0, 0, 0, 0, 0], [0, 0, 0, 0, 0, 0, 0, 0], [0, 0, 0, 0, 0, 0, 0, 0], [0, 0, 0, 0, 0, 0, 0, 0], [0, 0, 0, 0, 0, 0, 0, 0]], [[0, 0, 0, 0, 1, 0, 1, 0], [0, 0, 0, 0, 0, 0, 0, 0], [0, 0, 0, 0, 0, 0, 0, 0], [0, 0, 0, 0, 0, 0, 0, 0], [0, 1, 1, 0, 0, 1, 0, 1], [0, 0, 1, 1, 0, 0, 0, 0], [0, 1, 0, 1, 0, 0, 0, 0], [1, 1, 1, 1, 0, 0, 0, 0]]]",2.0,3,,,,True,1.5215056436136365,14.47263276297599
GCx~fs,5,3,2.0,"['aBBBB', 'AAbBBB', 'bbbB']","{'aBBBB': [4, 6], 'AAbBBB': [7], 'bbbB': [0, 1, 2, 3, 5]}","[[[0, 0, 0, 0, 0, 0, 0, 0], [0, 0, 0, 0, 0, 0, 0, 0], [0, 0, 0, 0, 0, 0, 0, 0], [0, 0, 0, 0, 0, 0, 0, 0], [0, 0, 0, 0, 0, 0, 0, 1], [0, 0, 0, 0, 0, 0, 0, 0], [0, 0, 0, 0, 0, 0, 0, 1], [0, 0, 0, 0, 0, 0, 0, 0]], [[0, 0, 0, 0, 1, 0, 1, 1], [0, 0, 0, 0, 1, 0, 1, 1], [0, 0, 0, 0, 1, 0, 1, 1], [1, 0, 0, 0, 0, 1, 1, 0], [0, 0, 0, 0, 0, 0, 0, 0], [0, 1, 1, 0, 1, 0, 0, 0], [0, 0, 0, 0, 0, 0, 0, 0], [0, 0, 0, 1, 0, 0, 0, 0]]]",2.0,3,,,,True,0.8146488470956683,78.51070271991193
GCx~fw,5,4,2.0,"['aBBB', 'AbbbBB', 'AbbB', 'bbbbB']","{'aBBB': [0, 1, 2], 'AbbbBB': [7], 'AbbB': [3, 6], 'bbbbB': [4, 5]}","[[[0, 0, 0, 1, 0, 0, 0, 0], [0, 0, 0, 0, 0, 0, 1, 0], [0, 0, 0, 0, 0, 0, 0, 1], [0, 0, 0, 0, 0, 0, 0, 0], [0, 0, 0, 0, 0, 0, 0, 0], [0, 0, 0, 0, 0, 0, 0, 0], [0, 0, 0, 0, 0, 0, 0, 0], [0, 0, 0, 0, 0, 0, 0, 0]], [[0, 0, 0, 0, 0, 0, 0, 0], [0, 0, 0, 0, 0, 0, 0, 0], [0, 0, 0, 0, 0, 0, 0, 0], [0, 0, 0, 0, 0, 0, 1, 1], [1, 1, 1, 0, 0, 0, 0, 1], [0, 1, 1, 1, 1, 0, 0, 0], [1, 0, 1, 0, 0, 0, 0, 0], [1, 1, 0, 0, 0, 1, 0, 0]]]",2.0,4,,,,True,16.703546325676143,68.1340129384771
GCx~f{,5,3,2.0,"['abBB', 'AbbbB', 'AbbBBBB']","{'abBB': [0, 1, 2, 3], 'AbbbB': [4, 5, 6], 'AbbBBBB': [7]}","[[[0, 0, 0, 0, 0, 0, 0, 1], [0, 0, 0, 0, 0, 0, 1, 0], [0, 0, 0, 0, 1, 0, 0, 0], [0, 0, 0, 0, 0, 1, 0, 0], [0, 0, 0, 0, 0, 0, 0, 0], [0, 0, 0, 0, 0, 0, 0, 0], [0, 0, 0, 0, 0, 0, 0, 0], [0, 0, 0, 0, 0, 0, 0, 0]], [[0, 0, 0, 1, 0, 0, 0, 0], [0, 0, 0, 0, 0, 0, 0, 1], [0, 0, 0, 0, 0, 0, 0, 1], [0, 0, 0, 0, 0, 0, 0, 1], [1, 1, 0, 0, 0, 0, 0, 1], [0, 1, 1, 0, 1, 0, 0, 0], [1, 0, 1, 1, 0, 0, 0, 0], [0, 0, 0, 0, 0, 1, 1, 0]]]",2.0,3,,,,True,1.0161288511008024,191.7980006923899
GCx~~{,5,4,2.0,"['aBBB', 'AbbBBB', 'AbbB', 'bbbbbbB']","{'aBBB': [1, 2, 3], 'AbbBBB': [4, 5], 'AbbB': [0], 'bbbbbbB': [6, 7]}","[[[0, 0, 0, 0, 0, 0, 0, 0], [0, 0, 0, 0, 1, 0, 0, 0], [0, 0, 0, 0, 0, 1, 0, 0], [1, 0, 0, 0, 0, 0, 0, 0], [0, 0, 0, 0, 0, 0, 0, 0], [0, 0, 0, 0, 0, 0, 0, 0], [0, 0, 0, 0, 0, 0, 0, 0], [0, 0, 0, 0, 0, 0, 0, 0]], [[0, 0, 0, 0, 1, 0, 1, 0], [0, 0, 0, 0, 0, 0, 0, 0], [0, 0, 0, 0, 0, 0, 0, 0], [0, 0, 0, 0, 0, 0, 0, 0], [0, 0, 1, 0, 0, 1, 0, 0], [0, 1, 0, 1, 0, 0, 0, 0], [0, 1, 1, 1, 1, 1, 0, 1], [1, 1, 1, 1, 1, 1, 0, 0]]]",2.0,4,,,,True,8.38725791592151,315.4997957665473
GCz\~k,5,4,2.0,"['abBBBB', 'AAAb', 'bbbBB', 'bbb']","{'abBBBB': [5, 6, 7], 'AAAb': [3], 'bbbBB': [0, 4], 'bbb': [1, 2]}","[[[0, 0, 0, 0, 0, 0, 0, 0], [0, 0, 0, 0, 0, 0, 0, 0], [0, 0, 0, 0, 0, 0, 0, 0], [0, 0, 0, 0, 0, 0, 0, 0], [0, 0, 0, 0, 0, 0, 0, 0], [0, 0, 0, 1, 0, 0, 0, 0], [0, 0, 0, 1, 0, 0, 0, 0], [0, 0, 0, 1, 0, 0, 0, 0]], [[0, 0, 0, 0, 0, 1, 1, 1], [0, 0, 0, 0, 1, 1, 0, 1], [0, 0, 0, 0, 1, 0, 1, 1], [1, 0, 0, 0, 0, 0, 0, 0], [1, 0, 0, 0, 0, 1, 1, 0], [0, 0, 0, 0, 0, 0, 1, 0], [0, 0, 0, 0, 0, 0, 0, 1], [0, 0, 0, 0, 0, 1, 0, 0]]]",2.0,4,,,,True,8.4885170198977,458.1994078513235
GCz\~{,5,5,2.0,"['aBB', 'AABBBBB', 'bbbbBB', 'bbbBB', 'bbbB']","{'aBB': [1, 2], 'AABBBBB': [7], 'bbbbBB': [4, 5, 6], 'bbbBB': [0], 'bbbB': [3]}","[[[0, 0, 0, 0, 0, 0, 0, 0], [0, 0, 0, 0, 0, 0, 0, 1], [0, 0, 0, 0, 0, 0, 0, 1], [0, 0, 0, 0, 0, 0, 0, 0], [0, 0, 0, 0, 0, 0, 0, 0], [0, 0, 0, 0, 0, 0, 0, 0], [0, 0, 0, 0, 0, 0, 0, 0], [0, 0, 0, 0, 0, 0, 0, 0]], [[0, 0, 0, 0, 1, 0, 1, 1], [0, 0, 0, 0, 0, 0, 0, 0], [0, 0, 0, 0, 0, 0, 0, 0], [1, 0, 0, 0, 0, 0, 1, 1], [0, 1, 1, 0, 0, 1, 0, 1], [1, 1, 0, 1, 0, 0, 0, 1], [0, 0, 1, 0, 1, 1, 0, 1], [0, 0, 0, 0, 0, 0, 0, 0]]]",2.0,5,,,,True,20.822130537591875,1054.2691318141297
GCrve[,5,4,3.0,"['abC', 'aBcc', 'aB', 'AbBcC']","{'abC': [3, 4], 'aBcc': [1], 'aB': [2], 'AbBcC': [0, 5, 6, 7]}","[[[0, 0, 0, 0, 0, 0, 0, 0], [0, 0, 0, 0, 0, 0, 0, 1], [0, 0, 0, 0, 0, 1, 0, 0], [0, 0, 0, 0, 0, 0, 1, 0], [1, 0, 0, 0, 0, 0, 0, 0], [0, 0, 0, 0, 0, 0, 0, 0], [0, 0, 0, 0, 0, 0, 0, 0], [0, 0, 0, 0, 0, 0, 0, 0]], [[0, 0, 0, 0, 0, 0, 0, 1], [0, 0, 0, 0, 0, 0, 0, 0], [0, 0, 0, 0, 0, 0, 0, 0], [0, 0, 0, 0, 0, 1, 0, 0], [0, 1, 0, 0, 0, 0, 0, 0], [1, 0, 0, 0, 0, 0, 0, 0], [0, 0, 1, 0, 0, 0, 0, 0], [0, 0, 0, 0, 0, 0, 1, 0]], [[0, 0, 0, 1, 0, 0, 0, 0], [0, 0, 0, 0, 0, 1, 1, 0], [0, 0, 0, 0, 0, 0, 0, 0], [0, 0, 0, 0, 0, 0, 0, 0], [0, 0, 0, 0, 0, 0, 0, 0], [0, 0, 0, 0, 0, 0, 0, 1], [1, 0, 0, 0, 0, 0, 0, 0], [0, 0, 0, 0, 1, 0, 0, 0]]]",2.0,5,"['abBB', 'aB', 'AABBB', 'bbbBB', 'bbB']","{'abBB': [1], 'aB': [2], 'AABBB': [5], 'bbbBB': [0, 6, 7], 'bbB': [3, 4]}","[[[0, 0, 0, 0, 0, 0, 0, 0], [0, 0, 0, 0, 0, 1, 0, 0], [0, 0, 0, 0, 0, 1, 0, 0], [0, 0, 0, 0, 0, 0, 0, 0], [0, 0, 0, 0, 0, 0, 0, 0], [0, 0, 0, 0, 0, 0, 0, 0], [0, 0, 0, 0, 0, 0, 0, 0], [0, 0, 0, 0, 0, 0, 0, 0]], [[0, 0, 0, 1, 1, 1, 0, 0], [0, 0, 0, 0, 0, 0, 0, 1], [0, 0, 0, 0, 0, 0, 0, 0], [0, 0, 0, 0, 0, 1, 1, 0], [0, 1, 0, 0, 0, 0, 0, 1], [0, 0, 0, 0, 0, 0, 0, 0], [1, 1, 1, 0, 0, 0, 0, 0], [1, 0, 0, 0, 0, 1, 1, 0]]]",False,117.92971381358802,196.185428311117
GCz]|{,5,5,2.0,"['abbBBB', 'AABB', 'AA', 'bbbbB', 'bbb']","{'abbBBB': [4, 5, 6, 7], 'AABB': [3], 'AA': [2], 'bbbbB': [0], 'bbb': [1]}","[[[0, 0, 0, 0, 0, 0, 0, 0], [0, 0, 0, 0, 0, 0, 0, 0], [0, 0, 0, 0, 0, 0, 0, 0], [0, 0, 0, 0, 0, 0, 0, 0], [0, 0, 1, 0, 0, 0, 0, 0], [0, 0, 0, 1, 0, 0, 0, 0], [0, 0, 0, 1, 0, 0, 0, 0], [0, 0, 1, 0, 0, 0, 0, 0]], [[0, 0, 0, 1, 1, 0, 1, 1], [0, 0, 0, 0, 1, 1, 1, 0], [0, 0, 0, 0, 0, 0, 0, 0], [0, 0, 0, 0, 0, 0, 0, 0], [0, 0, 0, 0, 0, 1, 1, 0], [1, 0, 0, 0, 0, 0, 0, 1], [0, 0, 0, 0, 0, 1, 0, 1], [0, 0, 0, 1, 1, 0, 0, 0]]]",2.0,5,,,,True,65.42749757040292,221.43092863168567
GCz]}{,5,4,2.0,"['abbBBB', 'AABBB', 'Abbb', 'b']","{'abbBBB': [4, 5, 6, 7], 'AABBB': [0], 'Abbb': [1, 3], 'b': [2]}","[[[0, 0, 0, 0, 0, 0, 0, 0], [0, 0, 0, 0, 0, 0, 0, 0], [0, 0, 0, 0, 0, 0, 0, 0], [0, 0, 0, 0, 0, 0, 0, 0], [0, 1, 0, 0, 0, 0, 0, 0], [0, 0, 0, 1, 0, 0, 0, 0], [1, 0, 0, 0, 0, 0, 0, 0], [1, 0, 0, 0, 0, 0, 0, 0]], [[0, 0, 0, 0, 0, 0, 0, 0], [0, 0, 0, 0, 0, 1, 1, 1], [0, 0, 0, 0, 1, 0, 0, 0], [1, 0, 0, 0, 0, 0, 1, 1], [1, 0, 0, 0, 0, 0, 1, 0], [1, 0, 0, 0, 1, 0, 0, 0], [0, 0, 0, 0, 0, 1, 0, 1], [0, 0, 0, 0, 1, 1, 0, 0]]]",2.0,4,,,,True,7.527383842505515,167.79312884714454
GCz]~k,5,4,2.0,"['abBB', 'aB', 'AbbBBB', 'bbbbB']","{'abBB': [1, 3], 'aB': [2], 'AbbBBB': [5, 6, 7], 'bbbbB': [0, 4]}","[[[0, 0, 0, 0, 0, 0, 0, 0], [0, 0, 0, 0, 0, 1, 0, 0], [0, 0, 0, 0, 0, 0, 0, 1], [0, 0, 0, 0, 0, 0, 1, 0], [0, 0, 0, 0, 0, 0, 0, 0], [0, 0, 0, 0, 0, 0, 0, 0], [0, 0, 0, 0, 0, 0, 0, 0], [0, 0, 0, 0, 0, 0, 0, 0]], [[0, 0, 0, 1, 0, 1, 1, 1], [0, 0, 0, 0, 0, 0, 0, 1], [0, 0, 0, 0, 0, 0, 0, 0], [0, 0, 0, 0, 0, 1, 0, 0], [1, 1, 1, 0, 0, 0, 1, 0], [0, 0, 0, 0, 1, 0, 1, 0], [0, 1, 0, 0, 0, 0, 0, 1], [0, 0, 0, 1, 0, 1, 0, 0]]]",2.0,4,,,,True,8.168067087419331,297.5759568633512
GCz]~w,5,4,2.0,"['abBB', 'aB', 'AbbBBB', 'bbbbB']","{'abBB': [1, 3], 'aB': [2], 'AbbBBB': [4, 5, 7], 'bbbbB': [0, 6]}","[[[0, 0, 0, 0, 0, 0, 0, 0], [0, 0, 0, 0, 0, 0, 0, 1], [0, 0, 0, 0, 1, 0, 0, 0], [0, 0, 0, 0, 0, 1, 0, 0], [0, 0, 0, 0, 0, 0, 0, 0], [0, 0, 0, 0, 0, 0, 0, 0], [0, 0, 0, 0, 0, 0, 0, 0], [0, 0, 0, 0, 0, 0, 0, 0]], [[0, 0, 0, 0, 1, 1, 1, 1], [0, 0, 0, 0, 1, 0, 0, 0], [0, 0, 0, 0, 0, 0, 0, 0], [1, 0, 0, 0, 0, 0, 0, 0], [0, 0, 0, 0, 0, 1, 0, 1], [0, 1, 0, 0, 0, 0, 0, 1], [0, 1, 0, 1, 1, 1, 0, 0], [0, 0, 1, 1, 0, 0, 0, 0]]]",2.0,4,,,,True,5.45771243609488,303.1861845757812
GCz]~{,5,5,2.0,"['aBBB', 'AAbBBBB', 'bbbbBB', 'bbbBB', 'bb']","{'aBBB': [1, 3], 'AAbBBBB': [7], 'bbbbBB': [4, 5, 6], 'bbbBB': [0], 'bb': [2]}","[[[0, 0, 0, 0, 0, 0, 0, 0], [0, 0, 0, 0, 0, 0, 0, 1], [0, 0, 0, 0, 0, 0, 0, 0], [0, 0, 0, 0, 0, 0, 0, 1], [0, 0, 0, 0, 0, 0, 0, 0], [0, 0, 0, 0, 0, 0, 0, 0], [0, 0, 0, 0, 0, 0, 0, 0], [0, 0, 0, 0, 0, 0, 0, 0]], [[0, 0, 0, 1, 0, 1, 0, 1], [0, 0, 0, 0, 0, 0, 0, 0], [0, 0, 0, 0, 1, 0, 0, 1], [0, 0, 0, 0, 0, 0, 0, 0], [1, 1, 0, 0, 0, 0, 1, 1], [0, 1, 0, 1, 1, 0, 0, 1], [1, 1, 0, 1, 0, 1, 0, 0], [0, 0, 0, 0, 0, 0, 1, 0]]]",2.0,5,,,,True,24.55486535653472,610.307882335037
GCz^`{,5,4,2.0,"['aBBB', 'ABBB', 'bbbBB', 'bbB']","{'aBBB': [0], 'ABBB': [3], 'bbbBB': [4, 5, 6, 7], 'bbB': [1, 2]}","[[[0, 0, 0, 1, 0, 0, 0, 0], [0, 0, 0, 0, 0, 0, 0, 0], [0, 0, 0, 0, 0, 0, 0, 0], [0, 0, 0, 0, 0, 0, 0, 0], [0, 0, 0, 0, 0, 0, 0, 0], [0, 0, 0, 0, 0, 0, 0, 0], [0, 0, 0, 0, 0, 0, 0, 0], [0, 0, 0, 0, 0, 0, 0, 0]], [[0, 0, 0, 0, 0, 0, 0, 0], [0, 0, 0, 0, 1, 1, 0, 0], [0, 0, 0, 0, 0, 0, 1, 1], [0, 0, 0, 0, 0, 0, 0, 0], [1, 0, 1, 0, 0, 1, 0, 0], [1, 0, 0, 1, 0, 0, 0, 1], [1, 1, 0, 1, 0, 0, 0, 0], [0, 0, 0, 1, 1, 0, 1, 0]]]",2.0,4,,,,True,6.094443557783961,169.0063050026074
GCz^a{,5,4,2.0,"['abBB', 'aB', 'AbbbB', 'AbBBB']","{'abBB': [0, 1, 3], 'aB': [2], 'AbbbB': [4, 6, 7], 'AbBBB': [5]}","[[[0, 0, 0, 0, 0, 1, 0, 0], [0, 0, 0, 0, 1, 0, 0, 0], [0, 0, 0, 0, 0, 0, 1, 0], [0, 0, 0, 0, 0, 0, 0, 1], [0, 0, 0, 0, 0, 0, 0, 0], [0, 0, 0, 0, 0, 0, 0, 0], [0, 0, 0, 0, 0, 0, 0, 0], [0, 0, 0, 0, 0, 0, 0, 0]], [[0, 0, 0, 0, 0, 0, 1, 0], [0, 0, 0, 0, 0, 1, 0, 0], [0, 0, 0, 0, 0, 0, 0, 0], [1, 0, 0, 0, 0, 0, 0, 0], [1, 0, 1, 0, 0, 1, 0, 0], [0, 0, 0, 1, 0, 0, 0, 0], [0, 1, 0, 1, 0, 0, 0, 1], [0, 1, 0, 0, 1, 1, 0, 0]]]",2.0,4,,,,True,18.001201191917062,71.96297102514654
GCz^b[,5,4,2.0,"['aBBB', 'AAbbB', 'bbbBB', 'bbB']","{'aBBB': [0, 1], 'AAbbB': [5], 'bbbBB': [4, 6, 7], 'bbB': [2, 3]}","[[[0, 0, 0, 0, 0, 1, 0, 0], [0, 0, 0, 0, 0, 1, 0, 0], [0, 0, 0, 0, 0, 0, 0, 0], [0, 0, 0, 0, 0, 0, 0, 0], [0, 0, 0, 0, 0, 0, 0, 0], [0, 0, 0, 0, 0, 0, 0, 0], [0, 0, 0, 0, 0, 0, 0, 0], [0, 0, 0, 0, 0, 0, 0, 0]], [[0, 0, 0, 0, 0, 0, 0, 0], [0, 0, 0, 0, 0, 0, 0, 0], [0, 0, 0, 0, 0, 0, 1, 1], [1, 0, 0, 0, 0, 0, 1, 0], [1, 1, 1, 0, 0, 0, 0, 0], [0, 0, 0, 1, 1, 0, 0, 0], [1, 1, 0, 0, 0, 0, 0, 1], [0, 1, 0, 0, 1, 1, 0, 0]]]",2.0,4,,,,True,7.970347524620593,131.10608565155417
GCz^bk,5,3,2.0,"['abBB', 'AbbbB', 'ABB']","{'abBB': [0, 1, 3, 4], 'AbbbB': [5, 6, 7], 'ABB': [2]}","[[[0, 0, 0, 0, 0, 0, 1, 0], [0, 0, 0, 0, 0, 0, 0, 1], [0, 0, 0, 0, 0, 0, 0, 0], [0, 0, 0, 0, 0, 1, 0, 0], [0, 0, 1, 0, 0, 0, 0, 0], [0, 0, 0, 0, 0, 0, 0, 0], [0, 0, 0, 0, 0, 0, 0, 0], [0, 0, 0, 0, 0, 0, 0, 0]], [[0, 0, 0, 0, 1, 0, 0, 0], [0, 0, 0, 0, 1, 0, 0, 0], [0, 0, 0, 0, 0, 0, 0, 0], [1, 0, 0, 0, 0, 0, 0, 0], [0, 0, 0, 0, 0, 1, 0, 0], [1, 1, 0, 0, 0, 0, 0, 1], [0, 1, 1, 1, 0, 0, 0, 0], [0, 0, 1, 1, 0, 0, 1, 0]]]",2.0,3,,,,True,0.7067531468346715,99.04878645483404
GCz^bs,5,3,2.0,"['aAABB', 'abbB', 'Abb']","{'aAABB': [4, 6, 7], 'abbB': [0, 1, 3, 5], 'Abb': [2]}","[[[0, 0, 0, 0, 0, 0, 1, 0], [0, 0, 0, 0, 1, 0, 0, 0], [0, 0, 0, 0, 0, 0, 0, 0], [0, 0, 0, 0, 0, 0, 0, 1], [0, 0, 0, 0, 0, 0, 0, 1], [0, 0, 0, 0, 1, 0, 0, 0], [0, 0, 1, 0, 0, 0, 0, 0], [0, 0, 0, 0, 0, 0, 1, 0]], [[0, 0, 0, 1, 1, 0, 0, 0], [0, 0, 0, 0, 0, 0, 1, 1], [0, 0, 0, 0, 1, 0, 0, 1], [0, 0, 0, 0, 0, 1, 1, 0], [0, 0, 0, 0, 0, 0, 0, 0], [1, 1, 0, 0, 0, 0, 0, 0], [0, 0, 0, 0, 0, 0, 0, 0], [0, 0, 0, 0, 0, 0, 0, 0]]]",2.0,3,,,,True,4.897637258283794,86.02753845229745
GCrve{,5,5,2.0,"['abBB', 'aBBBBB', 'aB', 'AbbbB', 'Abb']","{'abBB': [1, 3], 'aBBBBB': [7], 'aB': [2], 'AbbbB': [0, 5, 6], 'Abb': [4]}","[[[0, 0, 0, 0, 0, 0, 0, 0], [0, 0, 0, 0, 1, 0, 0, 0], [0, 0, 0, 0, 0, 0, 1, 0], [0, 0, 0, 0, 0, 1, 0, 0], [0, 0, 0, 0, 0, 0, 0, 0], [0, 0, 0, 0, 0, 0, 0, 0], [0, 0, 0, 0, 0, 0, 0, 0], [1, 0, 0, 0, 0, 0, 0, 0]], [[0, 0, 0, 1, 0, 1, 1, 0], [0, 0, 0, 0, 0, 0, 0, 1], [0, 0, 0, 0, 0, 0, 0, 0], [0, 0, 0, 0, 0, 0, 0, 1], [1, 0, 0, 0, 0, 0, 0, 1], [0, 1, 1, 0, 0, 0, 0, 1], [0, 1, 0, 1, 0, 0, 0, 1], [0, 0, 0, 0, 0, 0, 0, 0]]]",2.0,5,,,,True,42.64850281737745,287.930241337046
GCz^b{,5,4,2.0,"['abBB', 'aBBBBB', 'AbbbB', 'Abb']","{'abBB': [0, 1, 3], 'aBBBBB': [7], 'AbbbB': [4, 5, 6], 'Abb': [2]}","[[[0, 0, 0, 0, 1, 0, 0, 0], [0, 0, 0, 0, 0, 0, 1, 0], [0, 0, 0, 0, 0, 0, 0, 0], [0, 0, 0, 0, 0, 1, 0, 0], [0, 0, 0, 0, 0, 0, 0, 0], [0, 0, 0, 0, 0, 0, 0, 0], [0, 0, 0, 0, 0, 0, 0, 0], [0, 0, 1, 0, 0, 0, 0, 0]], [[0, 0, 0, 1, 0, 0, 0, 0], [0, 0, 0, 0, 0, 0, 0, 1], [0, 0, 0, 0, 1, 0, 1, 0], [0, 0, 0, 0, 0, 0, 0, 1], [0, 1, 0, 0, 0, 1, 0, 1], [1, 1, 0, 0, 0, 0, 0, 1], [1, 0, 0, 1, 0, 0, 0, 1], [0, 0, 0, 0, 0, 0, 0, 0]]]",2.0,4,,,,True,6.037111473269761,313.63484205584973
GCz^c{,5,4,3.0,"['abBcC', 'AABC', 'AAc', 'Ab']","{'abBcC': [0, 4, 5, 6, 7], 'AABC': [3], 'AAc': [1], 'Ab': [2]}","[[[0, 0, 0, 1, 0, 0, 0, 0], [0, 0, 0, 0, 0, 0, 0, 0], [0, 0, 0, 0, 0, 0, 0, 0], [0, 0, 0, 0, 0, 0, 0, 0], [0, 1, 0, 0, 0, 0, 0, 0], [0, 1, 0, 0, 0, 0, 0, 0], [0, 0, 1, 0, 0, 0, 0, 0], [0, 0, 0, 1, 0, 0, 0, 0]], [[0, 0, 0, 0, 0, 0, 1, 0], [0, 0, 0, 0, 0, 0, 0, 0], [0, 0, 0, 0, 1, 0, 0, 0], [0, 0, 0, 0, 0, 0, 0, 0], [1, 0, 0, 0, 0, 0, 0, 0], [0, 0, 0, 1, 0, 0, 0, 0], [0, 0, 0, 0, 0, 0, 0, 1], [0, 0, 0, 0, 0, 1, 0, 0]], [[0, 0, 0, 0, 0, 1, 0, 0], [0, 0, 0, 0, 0, 0, 1, 0], [0, 0, 0, 0, 0, 0, 0, 0], [0, 0, 0, 0, 0, 0, 0, 0], [0, 0, 0, 0, 0, 0, 0, 1], [0, 0, 0, 0, 1, 0, 0, 0], [0, 0, 0, 1, 0, 0, 0, 0], [1, 0, 0, 0, 0, 0, 0, 0]]]",2.0,5,"['abBB', 'aB', 'AABBB', 'bbbBB', 'bbB']","{'abBB': [3], 'aB': [2], 'AABBB': [6], 'bbbBB': [0, 4, 5, 7], 'bbB': [1]}","[[[0, 0, 0, 0, 0, 0, 0, 0], [0, 0, 0, 0, 0, 0, 0, 0], [0, 0, 0, 0, 0, 0, 1, 0], [0, 0, 0, 0, 0, 0, 1, 0], [0, 0, 0, 0, 0, 0, 0, 0], [0, 0, 0, 0, 0, 0, 0, 0], [0, 0, 0, 0, 0, 0, 0, 0], [0, 0, 0, 0, 0, 0, 0, 0]], [[0, 0, 0, 1, 0, 1, 1, 0], [0, 0, 0, 0, 1, 0, 1, 0], [0, 0, 0, 0, 0, 0, 0, 0], [0, 0, 0, 0, 0, 1, 0, 0], [1, 0, 1, 0, 0, 0, 0, 1], [0, 1, 0, 0, 1, 0, 0, 1], [0, 0, 0, 0, 0, 0, 0, 0], [1, 0, 0, 1, 0, 0, 1, 0]]]",False,94.03411634918302,163.1131004318595
GCz^d[,5,3,2.0,"['aBB', 'AbbBB', 'bbbbB']","{'aBB': [1, 2, 3], 'AbbBB': [4, 5, 6], 'bbbbB': [0, 7]}","[[[0, 0, 0, 0, 0, 0, 0, 0], [0, 0, 0, 0, 0, 0, 1, 0], [0, 0, 0, 0, 1, 0, 0, 0], [0, 0, 0, 0, 0, 1, 0, 0], [0, 0, 0, 0, 0, 0, 0, 0], [0, 0, 0, 0, 0, 0, 0, 0], [0, 0, 0, 0, 0, 0, 0, 0], [0, 0, 0, 0, 0, 0, 0, 0]], [[0, 0, 0, 1, 1, 0, 1, 1], [0, 0, 0, 0, 0, 0, 0, 0], [0, 0, 0, 0, 0, 0, 0, 0], [0, 0, 0, 0, 0, 0, 0, 0], [0, 1, 0, 0, 0, 1, 0, 0], [1, 1, 0, 0, 0, 0, 0, 0], [0, 0, 1, 1, 0, 0, 0, 0], [0, 0, 1, 0, 1, 1, 1, 0]]]",2.0,3,,,,True,1.6850003404542804,56.58913573808968
GCz^dk,5,4,2.0,"['aBBB', 'AAbbB', 'bbbBB', 'bbB']","{'aBBB': [3, 4], 'AAbbB': [0], 'bbbBB': [5, 6, 7], 'bbB': [1, 2]}","[[[0, 0, 0, 0, 0, 0, 0, 0], [0, 0, 0, 0, 0, 0, 0, 0], [0, 0, 0, 0, 0, 0, 0, 0], [1, 0, 0, 0, 0, 0, 0, 0], [1, 0, 0, 0, 0, 0, 0, 0], [0, 0, 0, 0, 0, 0, 0, 0], [0, 0, 0, 0, 0, 0, 0, 0], [0, 0, 0, 0, 0, 0, 0, 0]], [[0, 0, 0, 0, 0, 0, 1, 1], [0, 0, 0, 0, 1, 1, 0, 0], [0, 0, 0, 0, 1, 0, 1, 0], [0, 0, 0, 0, 0, 0, 0, 0], [0, 0, 0, 0, 0, 0, 0, 0], [1, 0, 0, 1, 1, 0, 0, 0], [0, 1, 0, 1, 0, 0, 0, 1], [0, 0, 1, 1, 0, 1, 0, 0]]]",2.0,4,,,,True,9.47121131978929,158.31820422876626
GCz^ds,5,4,2.0,"['aBBB', 'ABBB', 'bbbBB', 'bbB']","{'aBBB': [3], 'ABBB': [5], 'bbbBB': [0, 4, 6, 7], 'bbB': [1, 2]}","[[[0, 0, 0, 0, 0, 0, 0, 0], [0, 0, 0, 0, 0, 0, 0, 0], [0, 0, 0, 0, 0, 0, 0, 0], [0, 0, 0, 0, 0, 1, 0, 0], [0, 0, 0, 0, 0, 0, 0, 0], [0, 0, 0, 0, 0, 0, 0, 0], [0, 0, 0, 0, 0, 0, 0, 0], [0, 0, 0, 0, 0, 0, 0, 0]], [[0, 0, 0, 1, 1, 1, 0, 0], [0, 0, 0, 0, 0, 1, 1, 0], [0, 0, 0, 0, 1, 0, 0, 1], [0, 0, 0, 0, 0, 0, 0, 0], [0, 1, 0, 0, 0, 1, 0, 1], [0, 0, 0, 0, 0, 0, 0, 0], [1, 0, 1, 1, 0, 0, 0, 0], [1, 0, 0, 1, 0, 0, 1, 0]]]",2.0,4,,,,True,7.82192154135555,141.3071332089603
GCz^d{,5,4,2.0,"['aBBB', 'AbBBBB', 'bbbBB', 'bbB']","{'aBBB': [3], 'AbBBBB': [7], 'bbbBB': [0, 4, 5, 6], 'bbB': [1, 2]}","[[[0, 0, 0, 0, 0, 0, 0, 0], [0, 0, 0, 0, 0, 0, 0, 0], [0, 0, 0, 0, 0, 0, 0, 0], [0, 0, 0, 0, 0, 0, 0, 1], [0, 0, 0, 0, 0, 0, 0, 0], [0, 0, 0, 0, 0, 0, 0, 0], [0, 0, 0, 0, 0, 0, 0, 0], [0, 0, 0, 0, 0, 0, 0, 0]], [[0, 0, 0, 1, 1, 0, 1, 0], [0, 0, 0, 0, 1, 1, 0, 0], [0, 0, 0, 0, 0, 0, 1, 1], [0, 0, 0, 0, 0, 0, 0, 0], [0, 0, 1, 0, 0, 1, 0, 1], [1, 0, 0, 1, 0, 0, 0, 1], [0, 1, 0, 1, 0, 0, 0, 1], [1, 0, 0, 0, 0, 0, 0, 0]]]",2.0,4,,,,True,3.626574908383191,323.2634860947728
GCz^ek,5,4,2.0,"['abBB', 'aB', 'AbbbB', 'AbBBB']","{'abBB': [1, 3, 4], 'aB': [2], 'AbbbB': [5, 6, 7], 'AbBBB': [0]}","[[[0, 0, 0, 0, 0, 0, 0, 0], [0, 0, 0, 0, 0, 1, 0, 0], [0, 0, 0, 0, 0, 0, 1, 0], [0, 0, 0, 0, 0, 0, 0, 1], [1, 0, 0, 0, 0, 0, 0, 0], [0, 0, 0, 0, 0, 0, 0, 0], [0, 0, 0, 0, 0, 0, 0, 0], [0, 0, 0, 0, 0, 0, 0, 0]], [[0, 0, 0, 0, 0, 0, 1, 0], [0, 0, 0, 0, 1, 0, 0, 0], [0, 0, 0, 0, 0, 0, 0, 0], [1, 0, 0, 0, 0, 0, 0, 0], [0, 0, 1, 0, 0, 0, 0, 0], [1, 0, 0, 1, 1, 0, 0, 0], [0, 1, 0, 1, 0, 0, 0, 1], [1, 1, 0, 0, 0, 1, 0, 0]]]",2.0,4,,,,True,18.36124549154192,70.7594703072682
GCz^es,5,4,2.0,"['abBB', 'aB', 'AbbbB', 'AbBBB']","{'abBB': [1, 3, 5], 'aB': [2], 'AbbbB': [0, 4, 7], 'AbBBB': [6]}","[[[0, 0, 0, 0, 0, 0, 0, 0], [0, 0, 0, 0, 1, 0, 0, 0], [0, 0, 0, 0, 0, 0, 1, 0], [0, 0, 0, 0, 0, 0, 0, 1], [0, 0, 0, 0, 0, 0, 0, 0], [1, 0, 0, 0, 0, 0, 0, 0], [0, 0, 0, 0, 0, 0, 0, 0], [0, 0, 0, 0, 0, 0, 0, 0]], [[0, 0, 0, 1, 1, 0, 1, 0], [0, 0, 0, 0, 0, 1, 0, 0], [0, 0, 0, 0, 0, 0, 0, 0], [0, 0, 0, 0, 0, 0, 1, 0], [0, 0, 1, 0, 0, 1, 0, 1], [0, 0, 0, 1, 0, 0, 0, 0], [0, 1, 0, 0, 0, 0, 0, 0], [1, 1, 0, 0, 0, 0, 1, 0]]]",2.0,4,,,,True,24.01082494296133,68.43427129741758
GCz^e{,5,4,2.0,"['abBB', 'aBBBBB', 'aB', 'AbbbB']","{'abBB': [1, 3], 'aBBBBB': [7], 'aB': [2], 'AbbbB': [0, 4, 5, 6]}","[[[0, 0, 0, 0, 0, 0, 0, 0], [0, 0, 0, 0, 1, 0, 0, 0], [0, 0, 0, 0, 0, 0, 1, 0], [0, 0, 0, 0, 0, 1, 0, 0], [0, 0, 0, 0, 0, 0, 0, 0], [0, 0, 0, 0, 0, 0, 0, 0], [0, 0, 0, 0, 0, 0, 0, 0], [1, 0, 0, 0, 0, 0, 0, 0]], [[0, 0, 0, 1, 0, 1, 1, 0], [0, 0, 0, 0, 0, 0, 0, 1], [0, 0, 0, 0, 0, 0, 0, 0], [0, 0, 0, 0, 0, 0, 0, 1], [1, 0, 1, 0, 0, 0, 0, 1], [0, 1, 0, 0, 1, 0, 0, 1], [0, 1, 0, 1, 0, 0, 0, 1], [0, 0, 0, 0, 0, 0, 0, 0]]]",2.0,4,,,,True,4.712700368836522,203.065217143856
GCz^fK,5,4,2.0,"['aBBB', 'ABBB', 'bbbBB', 'bbB']","{'aBBB': [1], 'ABBB': [4], 'bbbBB': [0, 5, 6, 7], 'bbB': [2, 3]}","[[[0, 0, 0, 0, 0, 0, 0, 0], [0, 0, 0, 0, 1, 0, 0, 0], [0, 0, 0, 0, 0, 0, 0, 0], [0, 0, 0, 0, 0, 0, 0, 0], [0, 0, 0, 0, 0, 0, 0, 0], [0, 0, 0, 0, 0, 0, 0, 0], [0, 0, 0, 0, 0, 0, 0, 0], [0, 0, 0, 0, 0, 0, 0, 0]], [[0, 0, 0, 1, 1, 1, 0, 0], [0, 0, 0, 0, 0, 0, 0, 0], [0, 0, 0, 0, 1, 0, 1, 0], [0, 0, 0, 0, 0, 1, 1, 0], [0, 0, 0, 0, 0, 0, 0, 0], [0, 1, 0, 0, 1, 0, 0, 1], [1, 1, 0, 0, 0, 0, 0, 1], [1, 1, 1, 0, 0, 0, 0, 0]]]",2.0,4,,,,True,3.3738586101680994,124.06302756723017
GCrvf[,5,4,2.0,"['aBBB', 'AbBBBB', 'bbbBB', 'bbB']","{'aBBB': [1], 'AbBBBB': [7], 'bbbBB': [0, 5, 6], 'bbB': [2, 3, 4]}","[[[0, 0, 0, 0, 0, 0, 0, 0], [0, 0, 0, 0, 0, 0, 0, 1], [0, 0, 0, 0, 0, 0, 0, 0], [0, 0, 0, 0, 0, 0, 0, 0], [0, 0, 0, 0, 0, 0, 0, 0], [0, 0, 0, 0, 0, 0, 0, 0], [0, 0, 0, 0, 0, 0, 0, 0], [0, 0, 0, 0, 0, 0, 0, 0]], [[0, 0, 0, 1, 1, 0, 0, 1], [0, 0, 0, 0, 0, 0, 0, 0], [0, 0, 0, 0, 0, 0, 1, 1], [0, 0, 0, 0, 0, 1, 1, 0], [0, 1, 0, 0, 0, 0, 0, 1], [1, 1, 1, 0, 0, 0, 0, 0], [1, 1, 0, 0, 0, 0, 0, 1], [0, 0, 0, 0, 0, 1, 0, 0]]]",2.0,4,,,,True,2.6611257353797555,256.4331889357418
GCz^fS,5,4,2.0,"['aBBB', 'ABBB', 'bbbBB', 'bbB']","{'aBBB': [1], 'ABBB': [5], 'bbbBB': [0, 4, 6, 7], 'bbB': [2, 3]}","[[[0, 0, 0, 0, 0, 0, 0, 0], [0, 0, 0, 0, 0, 1, 0, 0], [0, 0, 0, 0, 0, 0, 0, 0], [0, 0, 0, 0, 0, 0, 0, 0], [0, 0, 0, 0, 0, 0, 0, 0], [0, 0, 0, 0, 0, 0, 0, 0], [0, 0, 0, 0, 0, 0, 0, 0], [0, 0, 0, 0, 0, 0, 0, 0]], [[0, 0, 0, 1, 0, 1, 0, 1], [0, 0, 0, 0, 0, 0, 0, 0], [0, 0, 0, 0, 1, 0, 1, 0], [0, 0, 0, 0, 0, 1, 1, 0], [1, 1, 0, 0, 0, 1, 0, 0], [0, 0, 0, 0, 0, 0, 0, 0], [1, 1, 0, 0, 0, 0, 0, 1], [0, 1, 1, 0, 1, 0, 0, 0]]]",2.0,4,,,,True,4.828100041486323,136.95700974203646
GCz^fW,5,4,2.0,"['aBBB', 'ABBB', 'bbbBB', 'bbB']","{'aBBB': [6], 'ABBB': [1], 'bbbBB': [0, 4, 5, 7], 'bbB': [2, 3]}","[[[0, 0, 0, 0, 0, 0, 0, 0], [0, 0, 0, 0, 0, 0, 0, 0], [0, 0, 0, 0, 0, 0, 0, 0], [0, 0, 0, 0, 0, 0, 0, 0], [0, 0, 0, 0, 0, 0, 0, 0], [0, 0, 0, 0, 0, 0, 0, 0], [0, 1, 0, 0, 0, 0, 0, 0], [0, 0, 0, 0, 0, 0, 0, 0]], [[0, 0, 0, 0, 1, 0, 1, 1], [0, 0, 0, 0, 0, 0, 0, 0], [0, 0, 0, 0, 1, 0, 1, 0], [1, 0, 0, 0, 0, 0, 1, 0], [0, 1, 0, 0, 0, 1, 0, 1], [1, 1, 0, 1, 0, 0, 0, 0], [0, 0, 0, 0, 0, 0, 0, 0], [0, 1, 1, 0, 0, 1, 0, 0]]]",2.0,4,,,,True,6.22824483178556,124.82173946220428
GCz^f[,5,4,2.0,"['aBBB', 'AbBBBB', 'bbbBB', 'bbB']","{'aBBB': [1], 'AbBBBB': [7], 'bbbBB': [0, 4, 5, 6], 'bbB': [2, 3]}","[[[0, 0, 0, 0, 0, 0, 0, 0], [0, 0, 0, 0, 0, 0, 0, 1], [0, 0, 0, 0, 0, 0, 0, 0], [0, 0, 0, 0, 0, 0, 0, 0], [0, 0, 0, 0, 0, 0, 0, 0], [0, 0, 0, 0, 0, 0, 0, 0], [0, 0, 0, 0, 0, 0, 0, 0], [0, 0, 0, 0, 0, 0, 0, 0]], [[0, 0, 0, 1, 1, 0, 0, 1], [0, 0, 0, 0, 0, 0, 0, 0], [0, 0, 0, 0, 0, 0, 1, 1], [0, 0, 0, 0, 0, 1, 1, 0], [0, 1, 1, 0, 0, 0, 0, 1], [1, 1, 0, 0, 1, 0, 0, 0], [1, 1, 0, 0, 0, 0, 0, 1], [0, 0, 0, 0, 0, 1, 0, 0]]]",2.0,4,,,,True,2.2584125632420182,305.7322625368833
GCz^fg,5,3,2.0,"['abBB', 'AbbbB', 'ABB']","{'abBB': [1, 3, 4, 6], 'AbbbB': [0, 5, 7], 'ABB': [2]}","[[[0, 0, 0, 0, 0, 0, 0, 0], [0, 0, 0, 0, 0, 1, 0, 0], [0, 0, 0, 0, 0, 0, 0, 0], [0, 0, 0, 0, 0, 0, 0, 1], [1, 0, 0, 0, 0, 0, 0, 0], [0, 0, 0, 0, 0, 0, 0, 0], [0, 0, 1, 0, 0, 0, 0, 0], [0, 0, 0, 0, 0, 0, 0, 0]], [[0, 0, 0, 1, 0, 0, 1, 1], [0, 0, 0, 0, 1, 0, 0, 0], [0, 0, 0, 0, 0, 0, 0, 0], [0, 0, 0, 0, 0, 0, 1, 0], [0, 0, 1, 0, 0, 0, 0, 0], [1, 0, 0, 1, 1, 0, 0, 0], [0, 1, 0, 0, 0, 0, 0, 0], [0, 1, 1, 0, 0, 1, 0, 0]]]",2.0,3,,,,True,1.1667600078508258,89.9351658904925
GCz^fk,5,4,2.0,"['abBB', 'aBBBBB', 'AbbbB', 'Abb']","{'abBB': [1, 3, 4], 'aBBBBB': [7], 'AbbbB': [0, 5, 6], 'Abb': [2]}","[[[0, 0, 0, 0, 0, 0, 0, 0], [0, 0, 0, 0, 0, 0, 1, 0], [0, 0, 0, 0, 0, 0, 0, 0], [1, 0, 0, 0, 0, 0, 0, 0], [0, 0, 0, 0, 0, 1, 0, 0], [0, 0, 0, 0, 0, 0, 0, 0], [0, 0, 0, 0, 0, 0, 0, 0], [0, 0, 1, 0, 0, 0, 0, 0]], [[0, 0, 0, 0, 1, 1, 0, 1], [0, 0, 0, 0, 0, 0, 0, 1], [0, 0, 0, 0, 1, 0, 1, 0], [0, 0, 0, 0, 0, 0, 0, 1], [0, 1, 0, 0, 0, 0, 0, 0], [0, 1, 0, 1, 0, 0, 0, 1], [1, 0, 0, 1, 0, 0, 0, 1], [0, 0, 0, 0, 0, 0, 0, 0]]]",2.0,4,,,,True,5.880672691389918,282.6572206309065
GCz^fo,5,3,2.0,"['abBB', 'AbbbB', 'ABB']","{'abBB': [1, 3, 5, 6], 'AbbbB': [0, 4, 7], 'ABB': [2]}","[[[0, 0, 0, 0, 0, 0, 0, 0], [0, 0, 0, 0, 0, 0, 0, 1], [0, 0, 0, 0, 0, 0, 0, 0], [1, 0, 0, 0, 0, 0, 0, 0], [0, 0, 0, 0, 0, 0, 0, 0], [0, 0, 0, 0, 1, 0, 0, 0], [0, 0, 1, 0, 0, 0, 0, 0], [0, 0, 0, 0, 0, 0, 0, 0]], [[0, 0, 0, 0, 0, 1, 1, 1], [0, 0, 0, 0, 0, 0, 1, 0], [0, 0, 0, 0, 0, 0, 0, 0], [0, 0, 0, 0, 0, 1, 0, 0], [1, 1, 1, 0, 0, 0, 0, 0], [0, 1, 0, 0, 0, 0, 0, 0], [0, 0, 0, 1, 0, 0, 0, 0], [0, 0, 1, 1, 1, 0, 0, 0]]]",2.0,3,,,,True,1.0025239633396268,86.70667872298509
GCz^fs,5,4,2.0,"['abBBB', 'AAAbBB', 'bbbB', 'bbB']","{'abBBB': [0, 4, 6], 'AAAbBB': [7], 'bbbB': [1, 3, 5], 'bbB': [2]}","[[[0, 0, 0, 0, 0, 0, 0, 1], [0, 0, 0, 0, 0, 0, 0, 0], [0, 0, 0, 0, 0, 0, 0, 0], [0, 0, 0, 0, 0, 0, 0, 0], [0, 0, 0, 0, 0, 0, 0, 1], [0, 0, 0, 0, 0, 0, 0, 0], [0, 0, 0, 0, 0, 0, 0, 1], [0, 0, 0, 0, 0, 0, 0, 0]], [[0, 0, 0, 0, 0, 0, 1, 0], [0, 0, 0, 0, 1, 1, 1, 0], [0, 0, 0, 0, 1, 0, 0, 1], [1, 0, 0, 0, 0, 0, 1, 1], [1, 0, 0, 0, 0, 0, 0, 0], [1, 0, 0, 1, 1, 0, 0, 0], [0, 0, 1, 0, 0, 0, 0, 0], [0, 1, 0, 0, 0, 0, 0, 0]]]",2.0,4,,,,True,8.161726580932736,290.17249374557287
GCz^fw,5,4,2.0,"['abBBB', 'AAAbBB', 'bbbB', 'bbB']","{'abBBB': [0, 4, 5], 'AAAbBB': [7], 'bbbB': [1, 3, 6], 'bbB': [2]}","[[[0, 0, 0, 0, 0, 0, 0, 1], [0, 0, 0, 0, 0, 0, 0, 0], [0, 0, 0, 0, 0, 0, 0, 0], [0, 0, 0, 0, 0, 0, 0, 0], [0, 0, 0, 0, 0, 0, 0, 1], [0, 0, 0, 0, 0, 0, 0, 1], [0, 0, 0, 0, 0, 0, 0, 0], [0, 0, 0, 0, 0, 0, 0, 0]], [[0, 0, 0, 0, 0, 1, 0, 0], [0, 0, 0, 0, 1, 1, 0, 1], [0, 0, 0, 0, 1, 0, 1, 0], [1, 0, 0, 0, 0, 1, 0, 1], [1, 0, 0, 0, 0, 0, 0, 0], [0, 0, 0, 0, 1, 0, 0, 0], [1, 1, 0, 1, 0, 0, 0, 0], [0, 0, 1, 0, 0, 0, 0, 0]]]",2.0,4,,,,True,7.728843305259943,330.50355718750507
GCz^f{,5,4,2.0,"['aBBB', 'AAbbbBB', 'bbbBB', 'bbB']","{'aBBB': [1, 3], 'AAbbbBB': [7], 'bbbBB': [0, 4, 5, 6], 'bbB': [2]}","[[[0, 0, 0, 0, 0, 0, 0, 0], [0, 0, 0, 0, 0, 0, 0, 1], [0, 0, 0, 0, 0, 0, 0, 0], [0, 0, 0, 0, 0, 0, 0, 1], [0, 0, 0, 0, 0, 0, 0, 0], [0, 0, 0, 0, 0, 0, 0, 0], [0, 0, 0, 0, 0, 0, 0, 0], [0, 0, 0, 0, 0, 0, 0, 0]], [[0, 0, 0, 1, 0, 1, 0, 1], [0, 0, 0, 0, 0, 0, 0, 0], [0, 0, 0, 0, 1, 0, 1, 0], [0, 0, 0, 0, 0, 0, 0, 0], [1, 1, 0, 0, 0, 0, 0, 1], [0, 1, 0, 1, 1, 0, 0, 0], [1, 1, 0, 1, 0, 0, 0, 0], [0, 0, 1, 0, 0, 1, 1, 0]]]",2.0,4,,,,True,4.124725664034486,458.3656815458089
GCz^j{,5,4,2.0,"['abBB', 'AbbBBB', 'bbbbB', 'bbb']","{'abBB': [0, 1, 3], 'AbbBBB': [5, 6, 7], 'bbbbB': [4], 'bbb': [2]}","[[[0, 0, 0, 0, 0, 1, 0, 0], [0, 0, 0, 0, 0, 0, 1, 0], [0, 0, 0, 0, 0, 0, 0, 0], [0, 0, 0, 0, 0, 0, 0, 1], [0, 0, 0, 0, 0, 0, 0, 0], [0, 0, 0, 0, 0, 0, 0, 0], [0, 0, 0, 0, 0, 0, 0, 0], [0, 0, 0, 0, 0, 0, 0, 0]], [[0, 0, 0, 1, 0, 0, 0, 0], [0, 0, 0, 0, 0, 1, 0, 0], [0, 0, 0, 0, 1, 0, 1, 1], [0, 0, 0, 0, 0, 1, 0, 0], [1, 1, 0, 0, 0, 1, 0, 1], [0, 0, 0, 0, 0, 0, 1, 1], [1, 0, 0, 1, 0, 0, 0, 0], [0, 1, 0, 0, 0, 0, 1, 0]]]",2.0,4,,,,True,5.017371766269207,280.8205071138218
GCrvfk,5,5,2.0,"['abBBB', 'AAAbBB', 'bbbB', 'bbB', 'bb']","{'abBBB': [0, 5, 6], 'AAAbBB': [7], 'bbbB': [1, 3], 'bbB': [2], 'bb': [4]}","[[[0, 0, 0, 0, 0, 0, 0, 1], [0, 0, 0, 0, 0, 0, 0, 0], [0, 0, 0, 0, 0, 0, 0, 0], [0, 0, 0, 0, 0, 0, 0, 0], [0, 0, 0, 0, 0, 0, 0, 0], [0, 0, 0, 0, 0, 0, 0, 1], [0, 0, 0, 0, 0, 0, 0, 1], [0, 0, 0, 0, 0, 0, 0, 0]], [[0, 0, 0, 0, 0, 0, 1, 0], [0, 0, 0, 0, 0, 1, 1, 1], [0, 0, 0, 0, 0, 1, 0, 1], [1, 0, 0, 0, 0, 1, 1, 0], [1, 1, 0, 0, 0, 0, 0, 0], [1, 0, 0, 0, 0, 0, 0, 0], [0, 0, 1, 0, 0, 0, 0, 0], [0, 0, 0, 1, 0, 0, 0, 0]]]",2.0,5,,,,True,59.464299510233104,239.43331906199452
GCz^nk,5,4,2.0,"['abBB', 'AbbBBB', 'bbbbB', 'bbb']","{'abBB': [1, 3, 4], 'AbbBBB': [5, 6, 7], 'bbbbB': [0], 'bbb': [2]}","[[[0, 0, 0, 0, 0, 0, 0, 0], [0, 0, 0, 0, 0, 0, 1, 0], [0, 0, 0, 0, 0, 0, 0, 0], [0, 0, 0, 0, 0, 0, 0, 1], [0, 0, 0, 0, 0, 1, 0, 0], [0, 0, 0, 0, 0, 0, 0, 0], [0, 0, 0, 0, 0, 0, 0, 0], [0, 0, 0, 0, 0, 0, 0, 0]], [[0, 0, 0, 1, 1, 1, 1, 0], [0, 0, 0, 0, 0, 1, 0, 0], [0, 0, 0, 0, 1, 0, 1, 1], [0, 0, 0, 0, 0, 1, 0, 0], [0, 1, 0, 0, 0, 0, 0, 0], [0, 0, 0, 0, 0, 0, 1, 1], [0, 0, 0, 1, 0, 0, 0, 1], [1, 1, 0, 0, 0, 0, 0, 0]]]",2.0,4,,,,True,2.903684603050351,261.5879940735176
GCz^nw,5,4,2.0,"['abb', 'abBBB', 'Abbb', 'AbbBBB']","{'abb': [2], 'abBBB': [0, 4, 6], 'Abbb': [1, 3], 'AbbBBB': [5, 7]}","[[[0, 0, 0, 1, 0, 0, 0, 0], [0, 0, 0, 0, 0, 0, 0, 0], [0, 0, 0, 0, 0, 0, 0, 1], [0, 0, 0, 0, 0, 0, 0, 0], [0, 1, 0, 0, 0, 0, 0, 0], [0, 0, 0, 0, 0, 0, 0, 0], [0, 0, 0, 0, 0, 1, 0, 0], [0, 0, 0, 0, 0, 0, 0, 0]], [[0, 0, 0, 0, 0, 1, 0, 0], [0, 0, 0, 0, 0, 1, 1, 1], [0, 0, 0, 0, 1, 0, 1, 0], [0, 0, 0, 0, 0, 1, 1, 1], [1, 0, 0, 0, 0, 0, 0, 0], [0, 0, 0, 0, 1, 0, 0, 1], [1, 0, 0, 0, 0, 0, 0, 0], [1, 0, 0, 0, 1, 0, 0, 0]]]",2.0,4,,,,True,15.233269481919706,494.3263169266284
GCz^n{,5,5,2.0,"['aBBB', 'AbbbBB', 'bbbbbbb', 'bbBBB', 'bBB']","{'aBBB': [1, 3], 'AbbbBB': [5, 6], 'bbbbbbb': [7], 'bbBBB': [0, 4], 'bBB': [2]}","[[[0, 0, 0, 0, 0, 0, 0, 0], [0, 0, 0, 0, 0, 0, 1, 0], [0, 0, 0, 0, 0, 0, 0, 0], [0, 0, 0, 0, 0, 1, 0, 0], [0, 0, 0, 0, 0, 0, 0, 0], [0, 0, 0, 0, 0, 0, 0, 0], [0, 0, 0, 0, 0, 0, 0, 0], [0, 0, 0, 0, 0, 0, 0, 0]], [[0, 0, 0, 1, 1, 0, 0, 0], [0, 0, 0, 0, 0, 0, 0, 0], [0, 0, 0, 0, 1, 0, 0, 0], [0, 0, 0, 0, 0, 0, 0, 0], [0, 1, 0, 0, 0, 1, 0, 0], [1, 1, 0, 0, 0, 0, 1, 0], [1, 0, 1, 1, 0, 0, 0, 0], [1, 1, 1, 1, 1, 1, 1, 0]]]",2.0,5,,,,True,34.850411085411906,1257.3457041028887
GCz^t{,5,4,2.0,"['abBBB', 'aBB', 'AbbbbB', 'AbBB']","{'abBBB': [0, 5], 'aBB': [1, 2], 'AbbbbB': [4, 6, 7], 'AbBB': [3]}","[[[0, 0, 0, 1, 0, 0, 0, 0], [0, 0, 0, 0, 0, 0, 1, 0], [0, 0, 0, 0, 0, 0, 0, 1], [0, 0, 0, 0, 0, 0, 0, 0], [0, 0, 0, 0, 0, 0, 0, 0], [0, 0, 0, 0, 1, 0, 0, 0], [0, 0, 0, 0, 0, 0, 0, 0], [0, 0, 0, 0, 0, 0, 0, 0]], [[0, 0, 0, 0, 0, 1, 0, 0], [0, 0, 0, 0, 0, 0, 0, 0], [0, 0, 0, 0, 0, 0, 0, 0], [0, 0, 0, 0, 0, 1, 0, 0], [1, 1, 1, 0, 0, 0, 0, 1], [0, 1, 0, 0, 0, 0, 0, 0], [1, 0, 1, 1, 1, 0, 0, 0], [1, 0, 0, 1, 0, 1, 1, 0]]]",2.0,4,,,,True,8.329702350310981,457.1260366048664
GCz^vk,5,4,2.0,"['abb', 'abBBB', 'Abbb', 'AbbBBB']","{'abb': [2], 'abBBB': [0, 4, 5], 'Abbb': [1, 3], 'AbbBBB': [6, 7]}","[[[0, 0, 0, 1, 0, 0, 0, 0], [0, 0, 0, 0, 0, 0, 0, 0], [0, 0, 0, 0, 0, 0, 0, 1], [0, 0, 0, 0, 0, 0, 0, 0], [0, 0, 0, 0, 0, 0, 1, 0], [0, 1, 0, 0, 0, 0, 0, 0], [0, 0, 0, 0, 0, 0, 0, 0], [0, 0, 0, 0, 0, 0, 0, 0]], [[0, 0, 0, 0, 1, 0, 0, 0], [0, 0, 0, 0, 1, 0, 1, 1], [0, 0, 0, 0, 1, 0, 1, 0], [0, 0, 0, 0, 0, 1, 1, 1], [0, 0, 0, 0, 0, 1, 0, 0], [1, 0, 0, 0, 0, 0, 0, 0], [1, 0, 0, 0, 0, 0, 0, 1], [1, 0, 0, 0, 0, 1, 0, 0]]]",2.0,4,,,,True,10.159316232427956,442.7558788759634
GCz^vs,5,4,2.0,"['abBB', 'AbbBBB', 'bbbbB', 'bbb']","{'abBB': [1, 3, 5], 'AbbBBB': [4, 6, 7], 'bbbbB': [0], 'bbb': [2]}","[[[0, 0, 0, 0, 0, 0, 0, 0], [0, 0, 0, 0, 0, 0, 0, 1], [0, 0, 0, 0, 0, 0, 0, 0], [0, 0, 0, 0, 0, 0, 1, 0], [0, 0, 0, 0, 0, 0, 0, 0], [0, 0, 0, 0, 1, 0, 0, 0], [0, 0, 0, 0, 0, 0, 0, 0], [0, 0, 0, 0, 0, 0, 0, 0]], [[0, 0, 0, 0, 1, 1, 1, 1], [0, 0, 0, 0, 0, 1, 0, 0], [0, 0, 0, 0, 1, 0, 1, 1], [1, 0, 0, 0, 0, 0, 0, 0], [0, 1, 0, 0, 0, 0, 0, 1], [0, 0, 0, 1, 0, 0, 0, 0], [0, 1, 0, 0, 1, 0, 0, 0], [0, 0, 0, 1, 0, 0, 1, 0]]]",2.0,4,,,,True,3.993147999048233,263.6246690247208
GCz^vw,5,4,2.0,"['abb', 'abBBB', 'Abbb', 'AbbBBB']","{'abb': [2], 'abBBB': [0, 5, 6], 'Abbb': [1, 3], 'AbbBBB': [4, 7]}","[[[0, 0, 0, 1, 0, 0, 0, 0], [0, 0, 0, 0, 0, 0, 0, 0], [0, 0, 0, 0, 0, 0, 0, 1], [0, 0, 0, 0, 0, 0, 0, 0], [0, 0, 0, 0, 0, 0, 0, 0], [0, 1, 0, 0, 0, 0, 0, 0], [0, 0, 0, 0, 1, 0, 0, 0], [0, 0, 0, 0, 0, 0, 0, 0]], [[0, 0, 0, 0, 0, 0, 0, 1], [0, 0, 0, 0, 1, 0, 1, 1], [0, 0, 0, 0, 1, 0, 1, 0], [0, 0, 0, 0, 0, 1, 1, 1], [1, 0, 0, 0, 0, 1, 0, 0], [1, 0, 0, 0, 0, 0, 0, 0], [1, 0, 0, 0, 0, 0, 0, 0], [0, 0, 0, 0, 1, 1, 0, 0]]]",2.0,4,,,,True,13.280065216124058,493.3446338614449
GCz^v{,5,5,2.0,"['aBBB', 'AbbbBB', 'bbbbbbb', 'bbBBB', 'bBB']","{'aBBB': [1, 3], 'AbbbBB': [4, 6], 'bbbbbbb': [7], 'bbBBB': [0, 5], 'bBB': [2]}","[[[0, 0, 0, 0, 0, 0, 0, 0], [0, 0, 0, 0, 1, 0, 0, 0], [0, 0, 0, 0, 0, 0, 0, 0], [0, 0, 0, 0, 0, 0, 1, 0], [0, 0, 0, 0, 0, 0, 0, 0], [0, 0, 0, 0, 0, 0, 0, 0], [0, 0, 0, 0, 0, 0, 0, 0], [0, 0, 0, 0, 0, 0, 0, 0]], [[0, 0, 0, 1, 0, 1, 0, 0], [0, 0, 0, 0, 0, 0, 0, 0], [0, 0, 0, 0, 1, 0, 0, 0], [0, 0, 0, 0, 0, 0, 0, 0], [1, 0, 0, 0, 0, 1, 1, 0], [0, 1, 0, 1, 0, 0, 0, 0], [1, 1, 1, 0, 0, 0, 0, 0], [1, 1, 1, 1, 1, 1, 1, 0]]]",2.0,5,,,,True,26.865349183790386,1231.4909048918637
GCz^~{,5,5,2.0,"['abBB', 'AbbBBB', 'bbbbbBB', 'bbb', 'BBBBB']","{'abBB': [1, 3], 'AbbBBB': [4, 5], 'bbbbbBB': [6, 7], 'bbb': [2], 'BBBBB': [0]}","[[[0, 0, 0, 0, 0, 0, 0, 0], [0, 0, 0, 0, 1, 0, 0, 0], [0, 0, 0, 0, 0, 0, 0, 0], [0, 0, 0, 0, 0, 1, 0, 0], [0, 0, 0, 0, 0, 0, 0, 0], [0, 0, 0, 0, 0, 0, 0, 0], [0, 0, 0, 0, 0, 0, 0, 0], [0, 0, 0, 0, 0, 0, 0, 0]], [[0, 0, 0, 0, 0, 0, 0, 0], [0, 0, 0, 0, 0, 0, 1, 0], [0, 0, 0, 0, 1, 0, 1, 1], [1, 0, 0, 0, 0, 0, 0, 0], [1, 0, 0, 0, 0, 1, 0, 0], [1, 1, 0, 0, 0, 0, 0, 0], [1, 0, 0, 1, 1, 1, 0, 1], [1, 1, 0, 1, 1, 1, 0, 0]]]",2.0,5,,,,True,52.906016701832414,1474.1673533814028
GCzbrk,5,4,2.0,"['abBB', 'AAABB', 'Abbbb', 'bbB']","{'abBB': [1, 2, 4, 5], 'AAABB': [7], 'Abbbb': [6], 'bbB': [0, 3]}","[[[0, 0, 0, 0, 0, 0, 0, 0], [0, 0, 0, 0, 0, 0, 0, 1], [0, 0, 0, 0, 0, 0, 0, 1], [0, 0, 0, 0, 0, 0, 0, 0], [0, 0, 0, 0, 0, 0, 1, 0], [0, 0, 0, 0, 0, 0, 0, 1], [0, 0, 0, 0, 0, 0, 0, 0], [0, 0, 0, 0, 0, 0, 0, 0]], [[0, 0, 0, 0, 1, 1, 0, 0], [0, 0, 0, 0, 1, 0, 0, 0], [0, 0, 0, 0, 0, 1, 0, 0], [1, 0, 0, 0, 0, 0, 0, 1], [0, 0, 1, 0, 0, 0, 0, 0], [0, 1, 0, 0, 0, 0, 0, 0], [0, 1, 1, 1, 0, 0, 0, 1], [0, 0, 0, 0, 0, 0, 0, 0]]]",2.0,4,,,,True,26.14420864917338,90.07055493816733
GCrvfo,5,4,2.0,"['abBB', 'AbbbB', 'Abb', 'ABB']","{'abBB': [1, 3, 5, 6], 'AbbbB': [0, 7], 'Abb': [2], 'ABB': [4]}","[[[0, 0, 0, 0, 0, 0, 0, 0], [0, 0, 0, 0, 1, 0, 0, 0], [0, 0, 0, 0, 0, 0, 0, 0], [0, 0, 0, 0, 0, 0, 0, 1], [0, 0, 0, 0, 0, 0, 0, 0], [0, 0, 1, 0, 0, 0, 0, 0], [1, 0, 0, 0, 0, 0, 0, 0], [0, 0, 0, 0, 0, 0, 0, 0]], [[0, 0, 0, 1, 1, 1, 0, 0], [0, 0, 0, 0, 0, 0, 1, 0], [0, 0, 0, 0, 0, 0, 1, 1], [0, 0, 0, 0, 0, 1, 0, 0], [0, 0, 0, 0, 0, 0, 0, 0], [0, 1, 0, 0, 0, 0, 0, 0], [0, 0, 0, 1, 0, 0, 0, 0], [1, 1, 0, 0, 1, 0, 0, 0]]]",2.0,4,,,,True,29.128928747959435,78.93629973940551
GCzbrs,5,4,2.0,"['aBBB', 'AAb', 'bbbBB', 'bbB']","{'aBBB': [1, 2], 'AAb': [5], 'bbbBB': [4, 6, 7], 'bbB': [0, 3]}","[[[0, 0, 0, 0, 0, 0, 0, 0], [0, 0, 0, 0, 0, 1, 0, 0], [0, 0, 0, 0, 0, 1, 0, 0], [0, 0, 0, 0, 0, 0, 0, 0], [0, 0, 0, 0, 0, 0, 0, 0], [0, 0, 0, 0, 0, 0, 0, 0], [0, 0, 0, 0, 0, 0, 0, 0], [0, 0, 0, 0, 0, 0, 0, 0]], [[0, 0, 0, 1, 1, 0, 0, 0], [0, 0, 0, 0, 0, 0, 0, 0], [0, 0, 0, 0, 0, 0, 0, 0], [0, 0, 0, 0, 0, 0, 1, 1], [0, 1, 1, 0, 0, 0, 0, 1], [1, 0, 0, 0, 0, 0, 0, 0], [0, 1, 1, 0, 1, 0, 0, 0], [0, 1, 1, 0, 0, 0, 1, 0]]]",2.0,4,,,,True,6.381958117708564,113.50384987983853
GCzbrw,5,4,2.0,"['abBB', 'AbbbB', 'Abb', 'ABB']","{'abBB': [1, 2, 5, 6], 'AbbbB': [4, 7], 'Abb': [0], 'ABB': [3]}","[[[0, 0, 0, 0, 0, 0, 0, 0], [0, 0, 0, 0, 0, 0, 0, 1], [0, 0, 0, 0, 1, 0, 0, 0], [0, 0, 0, 0, 0, 0, 0, 0], [0, 0, 0, 0, 0, 0, 0, 0], [1, 0, 0, 0, 0, 0, 0, 0], [0, 0, 0, 1, 0, 0, 0, 0], [0, 0, 0, 0, 0, 0, 0, 0]], [[0, 0, 0, 1, 1, 0, 0, 0], [0, 0, 0, 0, 0, 0, 1, 0], [0, 0, 0, 0, 0, 1, 0, 0], [0, 0, 0, 0, 0, 0, 0, 0], [0, 1, 0, 0, 0, 0, 1, 1], [0, 1, 0, 0, 0, 0, 0, 0], [0, 0, 1, 0, 0, 0, 0, 0], [0, 0, 1, 1, 0, 1, 0, 0]]]",2.0,4,,,,True,33.796566906385124,77.92996399011463
GCzbr{,5,4,2.0,"['abBB', 'AAAbBB', 'bbbBB', 'bbB']","{'abBB': [1, 2, 5], 'AAAbBB': [7], 'bbbBB': [4, 6], 'bbB': [0, 3]}","[[[0, 0, 0, 0, 0, 0, 0, 0], [0, 0, 0, 0, 0, 0, 0, 1], [0, 0, 0, 0, 0, 0, 0, 1], [0, 0, 0, 0, 0, 0, 0, 0], [0, 0, 0, 0, 0, 0, 0, 0], [0, 0, 0, 0, 0, 0, 0, 1], [0, 0, 0, 0, 0, 0, 0, 0], [0, 0, 0, 0, 0, 0, 0, 0]], [[0, 0, 0, 1, 1, 0, 0, 0], [0, 0, 0, 0, 0, 1, 0, 0], [0, 0, 0, 0, 0, 1, 0, 0], [0, 0, 0, 0, 0, 0, 1, 1], [0, 1, 1, 0, 0, 0, 1, 0], [1, 0, 0, 0, 0, 0, 0, 0], [0, 1, 1, 0, 0, 0, 0, 1], [0, 0, 0, 0, 1, 0, 0, 0]]]",2.0,4,,,,True,7.557264857925475,264.02664517145604
GCzbu{,5,4,2.0,"['abBB', 'AAAbBB', 'bbbBB', 'bbB']","{'abBB': [0, 1, 5], 'AAAbBB': [7], 'bbbBB': [4, 6], 'bbB': [2, 3]}","[[[0, 0, 0, 0, 0, 0, 0, 1], [0, 0, 0, 0, 0, 0, 0, 1], [0, 0, 0, 0, 0, 0, 0, 0], [0, 0, 0, 0, 0, 0, 0, 0], [0, 0, 0, 0, 0, 0, 0, 0], [0, 0, 0, 0, 0, 0, 0, 1], [0, 0, 0, 0, 0, 0, 0, 0], [0, 0, 0, 0, 0, 0, 0, 0]], [[0, 0, 0, 0, 1, 0, 0, 0], [0, 0, 0, 0, 0, 1, 0, 0], [0, 0, 0, 0, 0, 1, 1, 0], [1, 0, 0, 0, 0, 0, 0, 1], [0, 1, 1, 0, 0, 0, 0, 1], [1, 0, 0, 0, 0, 0, 0, 0], [0, 1, 0, 1, 1, 0, 0, 0], [0, 0, 0, 0, 0, 0, 1, 0]]]",2.0,4,,,,True,8.719969957135618,274.4040537988767
GCzbvW,5,4,2.0,"['aBBB', 'AbbB', 'Ab', 'bbbbB']","{'aBBB': [0, 1, 2], 'AbbB': [5, 6], 'Ab': [3], 'bbbbB': [4, 7]}","[[[0, 0, 0, 1, 0, 0, 0, 0], [0, 0, 0, 0, 0, 1, 0, 0], [0, 0, 0, 0, 0, 0, 1, 0], [0, 0, 0, 0, 0, 0, 0, 0], [0, 0, 0, 0, 0, 0, 0, 0], [0, 0, 0, 0, 0, 0, 0, 0], [0, 0, 0, 0, 0, 0, 0, 0], [0, 0, 0, 0, 0, 0, 0, 0]], [[0, 0, 0, 0, 0, 0, 0, 0], [0, 0, 0, 0, 0, 0, 0, 0], [0, 0, 0, 0, 0, 0, 0, 0], [0, 0, 0, 0, 0, 0, 1, 0], [1, 1, 1, 0, 0, 0, 0, 1], [1, 0, 1, 0, 0, 0, 0, 0], [0, 1, 0, 0, 1, 0, 0, 0], [1, 1, 1, 0, 0, 1, 0, 0]]]",2.0,4,,,,True,3.65289188362658,38.55476542469114
GCzbv[,5,4,2.0,"['abBB', 'AAAbBB', 'AB', 'bbbbB']","{'abBB': [0, 1, 2, 5], 'AAAbBB': [7], 'AB': [3], 'bbbbB': [4, 6]}","[[[0, 0, 0, 1, 0, 0, 0, 0], [0, 0, 0, 0, 0, 0, 0, 1], [0, 0, 0, 0, 0, 0, 0, 1], [0, 0, 0, 0, 0, 0, 0, 0], [0, 0, 0, 0, 0, 0, 0, 0], [0, 0, 0, 0, 0, 0, 0, 1], [0, 0, 0, 0, 0, 0, 0, 0], [0, 0, 0, 0, 0, 0, 0, 0]], [[0, 0, 0, 0, 0, 0, 0, 1], [0, 0, 0, 0, 0, 1, 0, 0], [0, 0, 0, 0, 0, 1, 0, 0], [0, 0, 0, 0, 0, 0, 0, 0], [1, 1, 1, 0, 0, 0, 0, 1], [1, 0, 0, 0, 0, 0, 0, 0], [0, 1, 1, 1, 1, 0, 0, 0], [0, 0, 0, 0, 0, 0, 1, 0]]]",2.0,4,,,,True,6.392817793413997,140.9783568996936
GCzbvg,5,4,2.0,"['aBBB', 'AbbB', 'bbbbB', 'bbb']","{'aBBB': [0, 1, 2], 'AbbB': [4, 5, 6], 'bbbbB': [7], 'bbb': [3]}","[[[0, 0, 0, 0, 0, 1, 0, 0], [0, 0, 0, 0, 1, 0, 0, 0], [0, 0, 0, 0, 0, 0, 1, 0], [0, 0, 0, 0, 0, 0, 0, 0], [0, 0, 0, 0, 0, 0, 0, 0], [0, 0, 0, 0, 0, 0, 0, 0], [0, 0, 0, 0, 0, 0, 0, 0], [0, 0, 0, 0, 0, 0, 0, 0]], [[0, 0, 0, 0, 0, 0, 0, 0], [0, 0, 0, 0, 0, 0, 0, 0], [0, 0, 0, 0, 0, 0, 0, 0], [1, 0, 0, 0, 0, 0, 1, 1], [1, 0, 1, 0, 0, 0, 0, 0], [0, 1, 1, 0, 0, 0, 0, 0], [0, 1, 0, 0, 1, 0, 0, 0], [1, 1, 1, 0, 0, 1, 0, 0]]]",2.0,4,,,,True,6.7426085639745,13.28397450596094
GCzbvk,5,5,2.0,"['aBBB', 'AbbbBB', 'AbbB', 'bbbbB', 'bbb']","{'aBBB': [0, 1, 2], 'AbbbBB': [7], 'AbbB': [4, 5], 'bbbbB': [6], 'bbb': [3]}","[[[0, 0, 0, 0, 1, 0, 0, 0], [0, 0, 0, 0, 0, 1, 0, 0], [0, 0, 0, 0, 0, 0, 0, 1], [0, 0, 0, 0, 0, 0, 0, 0], [0, 0, 0, 0, 0, 0, 0, 0], [0, 0, 0, 0, 0, 0, 0, 0], [0, 0, 0, 0, 0, 0, 0, 0], [0, 0, 0, 0, 0, 0, 0, 0]], [[0, 0, 0, 0, 0, 0, 0, 0], [0, 0, 0, 0, 0, 0, 0, 0], [0, 0, 0, 0, 0, 0, 0, 0], [1, 0, 0, 0, 0, 0, 1, 1], [0, 1, 1, 0, 0, 0, 0, 0], [1, 0, 1, 0, 0, 0, 0, 0], [0, 1, 1, 0, 1, 0, 0, 1], [1, 1, 0, 0, 0, 1, 0, 0]]]",2.0,5,,,,True,59.80953280813992,72.40592188294977
GCzbvs,5,4,2.0,"['aBBB', 'AAABBB', 'bbbbB', 'bbb']","{'aBBB': [0, 1, 2], 'AAABBB': [7], 'bbbbB': [4, 6], 'bbb': [3, 5]}","[[[0, 0, 0, 0, 0, 0, 0, 1], [0, 0, 0, 0, 0, 0, 0, 1], [0, 0, 0, 0, 0, 0, 0, 1], [0, 0, 0, 0, 0, 0, 0, 0], [0, 0, 0, 0, 0, 0, 0, 0], [0, 0, 0, 0, 0, 0, 0, 0], [0, 0, 0, 0, 0, 0, 0, 0], [0, 0, 0, 0, 0, 0, 0, 0]], [[0, 0, 0, 0, 0, 0, 0, 0], [0, 0, 0, 0, 0, 0, 0, 0], [0, 0, 0, 0, 0, 0, 0, 0], [1, 0, 0, 0, 0, 0, 1, 1], [1, 1, 1, 0, 0, 0, 0, 1], [1, 1, 1, 0, 0, 0, 0, 0], [0, 1, 1, 0, 1, 0, 0, 1], [0, 0, 0, 0, 0, 0, 0, 0]]]",2.0,4,,,,True,4.1908481968566775,262.4561236025765
GCzbvw,5,4,2.0,"['abBB', 'AAbbB', 'AAB', 'Abbbbb']","{'abBB': [0, 1, 2, 5, 6], 'AAbbB': [4], 'AAB': [3], 'Abbbbb': [7]}","[[[0, 0, 0, 1, 0, 0, 0, 0], [0, 0, 0, 0, 1, 0, 0, 0], [0, 0, 0, 0, 1, 0, 0, 0], [0, 0, 0, 0, 0, 0, 0, 0], [0, 0, 0, 0, 0, 0, 0, 0], [0, 0, 0, 0, 0, 0, 0, 1], [0, 0, 0, 1, 0, 0, 0, 0], [0, 0, 0, 0, 0, 0, 0, 0]], [[0, 0, 0, 0, 0, 1, 0, 0], [0, 0, 0, 0, 0, 0, 1, 0], [0, 0, 0, 0, 0, 1, 0, 0], [0, 0, 0, 0, 0, 0, 0, 0], [1, 0, 0, 0, 0, 0, 1, 0], [0, 1, 0, 0, 0, 0, 0, 0], [0, 0, 1, 0, 0, 0, 0, 0], [1, 1, 1, 1, 1, 0, 0, 0]]]",2.0,4,,,,True,5.656238222494721,78.49451220408082
GCrvfw,5,4,2.0,"['abBB', 'abB', 'AAbBB', 'Abbbbb']","{'abBB': [1, 3, 6], 'abB': [2, 4], 'AAbBB': [0, 5], 'Abbbbb': [7]}","[[[0, 0, 0, 0, 0, 0, 0, 0], [0, 0, 0, 0, 0, 0, 0, 1], [0, 0, 0, 0, 0, 1, 0, 0], [0, 0, 0, 0, 0, 1, 0, 0], [1, 0, 0, 0, 0, 0, 0, 0], [0, 0, 0, 0, 0, 0, 0, 0], [1, 0, 0, 0, 0, 0, 0, 0], [0, 0, 0, 0, 0, 0, 0, 0]], [[0, 0, 0, 1, 0, 0, 0, 0], [0, 0, 0, 0, 0, 1, 0, 0], [0, 0, 0, 0, 0, 0, 1, 0], [0, 0, 0, 0, 0, 0, 1, 0], [0, 1, 0, 0, 0, 0, 0, 0], [1, 0, 0, 0, 0, 0, 0, 0], [0, 1, 0, 0, 0, 0, 0, 0], [1, 0, 1, 1, 1, 1, 0, 0]]]",2.0,4,,,,True,7.120508132502437,242.55877883546052
GCzbv{,5,4,2.0,"['abBB', 'AbbbB', 'AbbBBBB', 'Abb']","{'abBB': [0, 1, 2, 5], 'AbbbB': [4, 6], 'AbbBBBB': [7], 'Abb': [3]}","[[[0, 0, 0, 1, 0, 0, 0, 0], [0, 0, 0, 0, 1, 0, 0, 0], [0, 0, 0, 0, 0, 0, 1, 0], [0, 0, 0, 0, 0, 0, 0, 0], [0, 0, 0, 0, 0, 0, 0, 0], [0, 0, 0, 0, 0, 0, 0, 1], [0, 0, 0, 0, 0, 0, 0, 0], [0, 0, 0, 0, 0, 0, 0, 0]], [[0, 0, 0, 0, 0, 0, 0, 1], [0, 0, 0, 0, 0, 1, 0, 0], [0, 0, 0, 0, 0, 1, 0, 0], [0, 0, 0, 0, 0, 0, 1, 1], [1, 0, 1, 0, 0, 0, 0, 1], [1, 0, 0, 0, 0, 0, 0, 0], [0, 1, 0, 0, 1, 0, 0, 1], [0, 1, 1, 0, 0, 0, 0, 0]]]",2.0,4,,,,True,4.355745851993561,293.47431848943233
GCzbzw,5,4,2.0,"['aBBB', 'AAbbB', 'bbbBB', 'bbB']","{'aBBB': [1, 2], 'AAbbB': [7], 'bbbBB': [4, 5, 6], 'bbB': [0, 3]}","[[[0, 0, 0, 0, 0, 0, 0, 0], [0, 0, 0, 0, 0, 0, 0, 1], [0, 0, 0, 0, 0, 0, 0, 1], [0, 0, 0, 0, 0, 0, 0, 0], [0, 0, 0, 0, 0, 0, 0, 0], [0, 0, 0, 0, 0, 0, 0, 0], [0, 0, 0, 0, 0, 0, 0, 0], [0, 0, 0, 0, 0, 0, 0, 0]], [[0, 0, 0, 0, 1, 1, 0, 0], [0, 0, 0, 0, 0, 0, 0, 0], [0, 0, 0, 0, 0, 0, 0, 0], [1, 0, 0, 0, 0, 0, 1, 0], [0, 1, 1, 0, 0, 0, 1, 0], [0, 1, 1, 0, 0, 0, 0, 1], [0, 1, 1, 0, 0, 1, 0, 0], [0, 0, 0, 1, 1, 0, 0, 0]]]",2.0,4,,,,True,5.112926437519491,123.44308090675622
GCzbz{,5,5,2.0,"['aBBB', 'Abbbbb', 'AbBBBB', 'bbbBB', 'bbB']","{'aBBB': [1, 2], 'Abbbbb': [7], 'AbBBBB': [6], 'bbbBB': [4, 5], 'bbB': [0, 3]}","[[[0, 0, 0, 0, 0, 0, 0, 0], [0, 0, 0, 0, 0, 0, 0, 1], [0, 0, 0, 0, 0, 0, 1, 0], [0, 0, 0, 0, 0, 0, 0, 0], [0, 0, 0, 0, 0, 0, 0, 0], [0, 0, 0, 0, 0, 0, 0, 0], [0, 0, 0, 0, 0, 0, 0, 0], [0, 0, 0, 0, 0, 0, 0, 0]], [[0, 0, 0, 0, 1, 1, 0, 0], [0, 0, 0, 0, 0, 0, 0, 0], [0, 0, 0, 0, 0, 0, 0, 0], [1, 0, 0, 0, 0, 0, 1, 0], [0, 1, 1, 0, 0, 0, 1, 0], [0, 1, 1, 0, 0, 0, 1, 0], [0, 1, 0, 0, 0, 0, 0, 0], [0, 0, 1, 1, 1, 1, 1, 0]]]",2.0,5,,,,True,12392.552174250595,400.4763133302331
GCzb}w,5,4,2.0,"['aBBB', 'AAbbB', 'bbbBB', 'bbB']","{'aBBB': [0, 1], 'AAbbB': [7], 'bbbBB': [4, 5, 6], 'bbB': [2, 3]}","[[[0, 0, 0, 0, 0, 0, 0, 1], [0, 0, 0, 0, 0, 0, 0, 1], [0, 0, 0, 0, 0, 0, 0, 0], [0, 0, 0, 0, 0, 0, 0, 0], [0, 0, 0, 0, 0, 0, 0, 0], [0, 0, 0, 0, 0, 0, 0, 0], [0, 0, 0, 0, 0, 0, 0, 0], [0, 0, 0, 0, 0, 0, 0, 0]], [[0, 0, 0, 0, 0, 0, 0, 0], [0, 0, 0, 0, 0, 0, 0, 0], [0, 0, 0, 0, 1, 1, 0, 0], [1, 0, 0, 0, 0, 0, 1, 0], [1, 1, 0, 0, 0, 0, 0, 1], [1, 1, 0, 0, 0, 0, 1, 0], [0, 1, 1, 0, 1, 0, 0, 0], [0, 0, 0, 1, 0, 1, 0, 0]]]",2.0,4,,,,True,8.546048643998802,159.62246645148844
GCzb~w,5,4,2.0,"['aBBB', 'AAbbbB', 'ABB', 'bbbbB']","{'aBBB': [0, 1, 2], 'AAbbbB': [7], 'ABB': [3], 'bbbbB': [4, 5, 6]}","[[[0, 0, 0, 1, 0, 0, 0, 0], [0, 0, 0, 0, 0, 0, 0, 1], [0, 0, 0, 0, 0, 0, 0, 1], [0, 0, 0, 0, 0, 0, 0, 0], [0, 0, 0, 0, 0, 0, 0, 0], [0, 0, 0, 0, 0, 0, 0, 0], [0, 0, 0, 0, 0, 0, 0, 0], [0, 0, 0, 0, 0, 0, 0, 0]], [[0, 0, 0, 0, 0, 0, 0, 0], [0, 0, 0, 0, 0, 0, 0, 0], [0, 0, 0, 0, 0, 0, 0, 0], [0, 0, 0, 0, 0, 0, 0, 0], [1, 1, 1, 0, 0, 0, 0, 1], [1, 1, 1, 0, 0, 0, 1, 0], [0, 1, 1, 1, 1, 0, 0, 0], [1, 0, 0, 1, 0, 1, 0, 0]]]",2.0,4,,,,True,6.358816361986101,292.23850616347045
GCzb~{,5,5,2.0,"['aBBB', 'AbbBB', 'AbB', 'bbbbbbB', 'bbbbbB']","{'aBBB': [0, 1, 2], 'AbbBB': [4, 5], 'AbB': [3], 'bbbbbbB': [7], 'bbbbbB': [6]}","[[[0, 0, 0, 1, 0, 0, 0, 0], [0, 0, 0, 0, 1, 0, 0, 0], [0, 0, 0, 0, 0, 1, 0, 0], [0, 0, 0, 0, 0, 0, 0, 0], [0, 0, 0, 0, 0, 0, 0, 0], [0, 0, 0, 0, 0, 0, 0, 0], [0, 0, 0, 0, 0, 0, 0, 0], [0, 0, 0, 0, 0, 0, 0, 0]], [[0, 0, 0, 0, 0, 0, 0, 0], [0, 0, 0, 0, 0, 0, 0, 0], [0, 0, 0, 0, 0, 0, 0, 0], [0, 0, 0, 0, 0, 0, 1, 0], [1, 0, 1, 0, 0, 0, 0, 0], [1, 1, 0, 0, 0, 0, 0, 0], [0, 1, 1, 0, 1, 1, 0, 1], [1, 1, 1, 1, 1, 1, 0, 0]]]",2.0,5,,,,True,44.224795589223504,804.0445528272539
GCzez{,5,5,2.0,"['aBBB', 'AbbBBB', 'ABBBBB', 'bbbbB', 'bbb']","{'aBBB': [0, 1], 'AbbBBB': [6], 'ABBBBB': [7], 'bbbbB': [4, 5], 'bbb': [2, 3]}","[[[0, 0, 0, 0, 0, 0, 1, 0], [0, 0, 0, 0, 0, 0, 0, 1], [0, 0, 0, 0, 0, 0, 0, 0], [0, 0, 0, 0, 0, 0, 0, 0], [0, 0, 0, 0, 0, 0, 0, 0], [0, 0, 0, 0, 0, 0, 0, 0], [0, 0, 0, 0, 0, 0, 0, 0], [0, 0, 0, 0, 0, 0, 0, 0]], [[0, 0, 0, 0, 0, 0, 0, 0], [0, 0, 0, 0, 0, 0, 0, 0], [0, 0, 0, 0, 1, 1, 0, 1], [1, 0, 0, 0, 0, 0, 1, 1], [1, 1, 0, 0, 0, 0, 1, 1], [1, 1, 0, 0, 0, 0, 1, 1], [0, 1, 0, 0, 0, 0, 0, 1], [0, 0, 0, 0, 0, 0, 0, 0]]]",2.0,5,,,,True,20880.96675701067,407.5577933071181
GCze|{,5,4,2.0,"['aBB', 'AbbBBB', 'AbBBB', 'bbbbb']","{'aBB': [1, 2, 3], 'AbbBBB': [6, 7], 'AbBBB': [0], 'bbbbb': [4, 5]}","[[[0, 0, 0, 0, 0, 0, 0, 0], [0, 0, 0, 0, 0, 0, 1, 0], [0, 0, 0, 0, 0, 0, 0, 1], [1, 0, 0, 0, 0, 0, 0, 0], [0, 0, 0, 0, 0, 0, 0, 0], [0, 0, 0, 0, 0, 0, 0, 0], [0, 0, 0, 0, 0, 0, 0, 0], [0, 0, 0, 0, 0, 0, 0, 0]], [[0, 0, 0, 0, 0, 0, 1, 0], [0, 0, 0, 0, 0, 0, 0, 0], [0, 0, 0, 0, 0, 0, 0, 0], [0, 0, 0, 0, 0, 0, 0, 0], [1, 1, 1, 0, 0, 0, 1, 1], [1, 1, 1, 0, 0, 0, 1, 1], [0, 0, 0, 1, 0, 0, 0, 1], [1, 0, 0, 1, 0, 0, 0, 0]]]",2.0,4,,,,True,7.1288202200084925,233.61833039764315
GCze}{,5,5,2.0,"['abb', 'abBBB', 'AbbbBB', 'AbbB', 'Ab']","{'abb': [3], 'abBBB': [0, 4, 5], 'AbbbBB': [6, 7], 'AbbB': [1], 'Ab': [2]}","[[[0, 0, 0, 0, 0, 0, 1, 0], [0, 0, 0, 0, 0, 0, 0, 0], [0, 0, 0, 0, 0, 0, 0, 0], [0, 0, 0, 0, 0, 0, 0, 1], [0, 0, 1, 0, 0, 0, 0, 0], [0, 1, 0, 0, 0, 0, 0, 0], [0, 0, 0, 0, 0, 0, 0, 0], [0, 0, 0, 0, 0, 0, 0, 0]], [[0, 0, 0, 0, 1, 0, 0, 0], [0, 0, 0, 0, 1, 0, 0, 1], [0, 0, 0, 0, 0, 1, 0, 0], [1, 0, 0, 0, 0, 0, 1, 0], [0, 0, 0, 0, 0, 0, 0, 1], [1, 0, 0, 0, 0, 0, 0, 0], [0, 1, 0, 0, 1, 1, 0, 0], [1, 0, 0, 0, 0, 1, 1, 0]]]",2.0,5,,,,True,60.67123298533261,312.277466326952
GCze~[,5,5,2.0,"['abb', 'abBBB', 'AbbbBB', 'AbbB', 'Ab']","{'abb': [2], 'abBBB': [0, 4, 5], 'AbbbBB': [6, 7], 'AbbB': [1], 'Ab': [3]}","[[[0, 0, 0, 1, 0, 0, 0, 0], [0, 0, 0, 0, 0, 0, 0, 0], [0, 0, 0, 0, 0, 0, 0, 1], [0, 0, 0, 0, 0, 0, 0, 0], [0, 1, 0, 0, 0, 0, 0, 0], [0, 0, 0, 0, 0, 0, 1, 0], [0, 0, 0, 0, 0, 0, 0, 0], [0, 0, 0, 0, 0, 0, 0, 0]], [[0, 0, 0, 0, 1, 0, 0, 0], [0, 0, 0, 0, 0, 1, 0, 1], [0, 0, 0, 0, 1, 1, 0, 0], [0, 0, 0, 0, 0, 0, 1, 0], [0, 0, 0, 0, 0, 0, 0, 1], [1, 0, 0, 0, 0, 0, 0, 0], [1, 1, 0, 0, 1, 0, 0, 0], [1, 0, 0, 0, 0, 1, 1, 0]]]",2.0,5,,,,True,75.31399200484157,358.48415019828826
GCrvf{,5,4,2.0,"['aBBB', 'AABBBBB', 'bbbbB', 'bbB']","{'aBBB': [1, 3], 'AABBBBB': [7], 'bbbbB': [0, 5, 6], 'bbB': [2, 4]}","[[[0, 0, 0, 0, 0, 0, 0, 0], [0, 0, 0, 0, 0, 0, 0, 1], [0, 0, 0, 0, 0, 0, 0, 0], [0, 0, 0, 0, 0, 0, 0, 1], [0, 0, 0, 0, 0, 0, 0, 0], [0, 0, 0, 0, 0, 0, 0, 0], [0, 0, 0, 0, 0, 0, 0, 0], [0, 0, 0, 0, 0, 0, 0, 0]], [[0, 0, 0, 1, 1, 1, 0, 1], [0, 0, 0, 0, 0, 0, 0, 0], [0, 0, 0, 0, 0, 0, 1, 1], [0, 0, 0, 0, 0, 0, 0, 0], [0, 1, 0, 0, 0, 0, 0, 1], [0, 1, 1, 1, 0, 0, 0, 1], [1, 1, 0, 1, 0, 0, 0, 1], [0, 0, 0, 0, 0, 0, 0, 0]]]",2.0,4,,,,True,4.01737764198333,405.6840414227918
GCze~s,5,5,2.0,"['abBB', 'AbbBBB', 'bbbbB', 'bbb', 'BBBBB']","{'abBB': [1, 5], 'AbbBBB': [6, 7], 'bbbbB': [4], 'bbb': [2, 3], 'BBBBB': [0]}","[[[0, 0, 0, 0, 0, 0, 0, 0], [0, 0, 0, 0, 0, 0, 0, 1], [0, 0, 0, 0, 0, 0, 0, 0], [0, 0, 0, 0, 0, 0, 0, 0], [0, 0, 0, 0, 0, 0, 0, 0], [0, 0, 0, 0, 0, 0, 1, 0], [0, 0, 0, 0, 0, 0, 0, 0], [0, 0, 0, 0, 0, 0, 0, 0]], [[0, 0, 0, 0, 0, 0, 0, 0], [0, 0, 0, 0, 0, 1, 0, 0], [0, 0, 0, 0, 1, 1, 0, 1], [1, 0, 0, 0, 0, 0, 1, 1], [1, 1, 0, 0, 0, 0, 1, 1], [1, 0, 0, 0, 0, 0, 0, 0], [1, 1, 0, 0, 0, 0, 0, 0], [1, 0, 0, 0, 0, 0, 1, 0]]]",2.0,5,,,,True,24975.726020361297,352.8023185050115
GCze~w,5,4,2.0,"['aBBB', 'AbBBBB', 'bbbBB', 'bbB']","{'aBBB': [1], 'AbBBBB': [7], 'bbbBB': [0, 4, 5, 6], 'bbB': [2, 3]}","[[[0, 0, 0, 0, 0, 0, 0, 0], [0, 0, 0, 0, 0, 0, 0, 1], [0, 0, 0, 0, 0, 0, 0, 0], [0, 0, 0, 0, 0, 0, 0, 0], [0, 0, 0, 0, 0, 0, 0, 0], [0, 0, 0, 0, 0, 0, 0, 0], [0, 0, 0, 0, 0, 0, 0, 0], [0, 0, 0, 0, 0, 0, 0, 0]], [[0, 0, 0, 0, 1, 0, 1, 1], [0, 0, 0, 0, 0, 0, 0, 0], [0, 0, 0, 0, 1, 1, 0, 0], [1, 0, 0, 0, 0, 0, 0, 1], [0, 1, 0, 0, 0, 0, 1, 1], [1, 1, 0, 0, 0, 0, 0, 1], [0, 1, 0, 1, 0, 1, 0, 0], [0, 0, 1, 0, 0, 0, 0, 0]]]",2.0,4,,,,True,2.1786271622404456,268.24940781109035
GCze~{,5,5,2.0,"['aBBB', 'AbBBBB', 'bbbbBBB', 'bbbBB', 'bbB']","{'aBBB': [1], 'AbBBBB': [6], 'bbbbBBB': [7], 'bbbBB': [0, 4, 5], 'bbB': [2, 3]}","[[[0, 0, 0, 0, 0, 0, 0, 0], [0, 0, 0, 0, 0, 0, 1, 0], [0, 0, 0, 0, 0, 0, 0, 0], [0, 0, 0, 0, 0, 0, 0, 0], [0, 0, 0, 0, 0, 0, 0, 0], [0, 0, 0, 0, 0, 0, 0, 0], [0, 0, 0, 0, 0, 0, 0, 0], [0, 0, 0, 0, 0, 0, 0, 0]], [[0, 0, 0, 0, 1, 0, 1, 1], [0, 0, 0, 0, 0, 0, 0, 0], [0, 0, 0, 0, 1, 1, 0, 0], [1, 0, 0, 0, 0, 0, 1, 0], [0, 1, 0, 0, 0, 0, 1, 1], [1, 1, 0, 0, 0, 0, 0, 1], [0, 0, 0, 0, 0, 1, 0, 0], [0, 1, 1, 1, 0, 0, 1, 0]]]",2.0,5,,,,True,31.434338049031798,844.543586124666
GCzfQ{,5,4,2.0,"['abBB', 'aB', 'AbbbB', 'ABB']","{'abBB': [0, 1, 5], 'aB': [3], 'AbbbB': [4, 6, 7], 'ABB': [2]}","[[[0, 0, 0, 0, 0, 0, 1, 0], [0, 0, 0, 0, 1, 0, 0, 0], [0, 0, 0, 0, 0, 0, 0, 0], [0, 0, 0, 0, 0, 0, 0, 1], [0, 0, 0, 0, 0, 0, 0, 0], [0, 0, 1, 0, 0, 0, 0, 0], [0, 0, 0, 0, 0, 0, 0, 0], [0, 0, 0, 0, 0, 0, 0, 0]], [[0, 0, 0, 1, 0, 0, 0, 0], [0, 0, 0, 0, 0, 1, 0, 0], [0, 0, 0, 0, 0, 0, 0, 0], [0, 0, 0, 0, 0, 0, 0, 0], [1, 0, 1, 0, 0, 0, 1, 0], [1, 0, 0, 0, 0, 0, 0, 0], [0, 1, 1, 0, 0, 0, 0, 1], [0, 1, 0, 0, 1, 1, 0, 0]]]",2.0,4,,,,True,2.2140533309429884,99.19474048819391
GCzfR[,5,4,2.0,"['aBBB', 'AAAB', 'bbbbB', 'b']","{'aBBB': [0, 1, 2], 'AAAB': [5], 'bbbbB': [4, 6, 7], 'b': [3]}","[[[0, 0, 0, 0, 0, 1, 0, 0], [0, 0, 0, 0, 0, 1, 0, 0], [0, 0, 0, 0, 0, 1, 0, 0], [0, 0, 0, 0, 0, 0, 0, 0], [0, 0, 0, 0, 0, 0, 0, 0], [0, 0, 0, 0, 0, 0, 0, 0], [0, 0, 0, 0, 0, 0, 0, 0], [0, 0, 0, 0, 0, 0, 0, 0]], [[0, 0, 0, 0, 0, 0, 0, 0], [0, 0, 0, 0, 0, 0, 0, 0], [0, 0, 0, 0, 0, 0, 0, 0], [1, 0, 0, 0, 0, 0, 0, 0], [1, 1, 1, 0, 0, 0, 0, 1], [0, 0, 0, 0, 0, 0, 0, 0], [1, 1, 1, 0, 1, 0, 0, 0], [0, 1, 1, 0, 0, 1, 1, 0]]]",2.0,4,,,,True,4.856288755312562,39.73130529280752
GCzfRs,5,4,2.0,"['aBBB', 'AAb', 'AB', 'bbbbB']","{'aBBB': [0, 1, 2], 'AAb': [5], 'AB': [3], 'bbbbB': [4, 6, 7]}","[[[0, 0, 0, 1, 0, 0, 0, 0], [0, 0, 0, 0, 0, 1, 0, 0], [0, 0, 0, 0, 0, 1, 0, 0], [0, 0, 0, 0, 0, 0, 0, 0], [0, 0, 0, 0, 0, 0, 0, 0], [0, 0, 0, 0, 0, 0, 0, 0], [0, 0, 0, 0, 0, 0, 0, 0], [0, 0, 0, 0, 0, 0, 0, 0]], [[0, 0, 0, 0, 0, 0, 0, 0], [0, 0, 0, 0, 0, 0, 0, 0], [0, 0, 0, 0, 0, 0, 0, 0], [0, 0, 0, 0, 0, 0, 0, 0], [1, 1, 1, 0, 0, 0, 0, 1], [1, 0, 0, 0, 0, 0, 0, 0], [1, 1, 1, 0, 1, 0, 0, 0], [0, 1, 1, 1, 0, 0, 1, 0]]]",2.0,4,,,,True,1.5128505546599629,92.06706322077662
GCzfRw,5,4,2.0,"['aBBB', 'AbbB', 'Ab', 'bbbbB']","{'aBBB': [0, 1, 2], 'AbbB': [5, 6], 'Ab': [3], 'bbbbB': [4, 7]}","[[[0, 0, 0, 1, 0, 0, 0, 0], [0, 0, 0, 0, 0, 1, 0, 0], [0, 0, 0, 0, 0, 0, 1, 0], [0, 0, 0, 0, 0, 0, 0, 0], [0, 0, 0, 0, 0, 0, 0, 0], [0, 0, 0, 0, 0, 0, 0, 0], [0, 0, 0, 0, 0, 0, 0, 0], [0, 0, 0, 0, 0, 0, 0, 0]], [[0, 0, 0, 0, 0, 0, 0, 0], [0, 0, 0, 0, 0, 0, 0, 0], [0, 0, 0, 0, 0, 0, 0, 0], [0, 0, 0, 0, 0, 0, 0, 1], [1, 1, 1, 0, 0, 0, 1, 0], [1, 0, 1, 0, 0, 0, 0, 0], [1, 1, 0, 0, 0, 0, 0, 0], [0, 1, 1, 0, 1, 1, 0, 0]]]",2.0,4,,,,True,4.685742563568056,30.185734412632883
GCzfR{,5,4,2.0,"['abBB', 'AAAbBB', 'AB', 'bbbbB']","{'abBB': [0, 1, 2, 5], 'AAAbBB': [7], 'AB': [3], 'bbbbB': [4, 6]}","[[[0, 0, 0, 1, 0, 0, 0, 0], [0, 0, 0, 0, 0, 0, 0, 1], [0, 0, 0, 0, 0, 0, 0, 1], [0, 0, 0, 0, 0, 0, 0, 0], [0, 0, 0, 0, 0, 0, 0, 0], [0, 0, 0, 0, 0, 0, 0, 1], [0, 0, 0, 0, 0, 0, 0, 0], [0, 0, 0, 0, 0, 0, 0, 0]], [[0, 0, 0, 0, 0, 1, 0, 0], [0, 0, 0, 0, 1, 0, 0, 0], [0, 0, 0, 0, 0, 1, 0, 0], [0, 0, 0, 0, 0, 0, 0, 0], [1, 0, 1, 0, 0, 0, 1, 1], [0, 1, 0, 0, 0, 0, 0, 0], [1, 1, 1, 0, 0, 0, 0, 1], [0, 0, 0, 1, 0, 0, 0, 0]]]",2.0,4,,,,True,4.571274854242802,110.38664476945996
GCzfU{,5,5,2.0,"['abBB', 'aB', 'AAAbBB', 'bbbBB', 'bbB']","{'abBB': [1, 5], 'aB': [3], 'AAAbBB': [7], 'bbbBB': [0, 4, 6], 'bbB': [2]}","[[[0, 0, 0, 0, 0, 0, 0, 0], [0, 0, 0, 0, 0, 0, 0, 1], [0, 0, 0, 0, 0, 0, 0, 0], [0, 0, 0, 0, 0, 0, 0, 1], [0, 0, 0, 0, 0, 0, 0, 0], [0, 0, 0, 0, 0, 0, 0, 1], [0, 0, 0, 0, 0, 0, 0, 0], [0, 0, 0, 0, 0, 0, 0, 0]], [[0, 0, 0, 1, 1, 1, 0, 0], [0, 0, 0, 0, 0, 1, 0, 0], [0, 0, 0, 0, 1, 0, 1, 0], [0, 0, 0, 0, 0, 0, 0, 0], [0, 1, 0, 0, 0, 0, 1, 1], [0, 0, 1, 0, 0, 0, 0, 0], [1, 1, 0, 0, 0, 0, 0, 1], [1, 0, 0, 0, 0, 0, 0, 0]]]",2.0,5,,,,True,32.795092911459506,256.1956244111061
GCzfVS,5,4,2.0,"['aBBB', 'AAb', 'bbbBB', 'b']","{'aBBB': [1, 2], 'AAb': [5], 'bbbBB': [0, 4, 6, 7], 'b': [3]}","[[[0, 0, 0, 0, 0, 0, 0, 0], [0, 0, 0, 0, 0, 1, 0, 0], [0, 0, 0, 0, 0, 1, 0, 0], [0, 0, 0, 0, 0, 0, 0, 0], [0, 0, 0, 0, 0, 0, 0, 0], [0, 0, 0, 0, 0, 0, 0, 0], [0, 0, 0, 0, 0, 0, 0, 0], [0, 0, 0, 0, 0, 0, 0, 0]], [[0, 0, 0, 0, 1, 0, 1, 1], [0, 0, 0, 0, 0, 0, 0, 0], [0, 0, 0, 0, 0, 0, 0, 0], [1, 0, 0, 0, 0, 0, 0, 0], [0, 1, 1, 0, 0, 0, 1, 0], [1, 0, 0, 0, 0, 0, 0, 0], [0, 1, 1, 0, 0, 0, 0, 1], [0, 1, 1, 0, 1, 0, 0, 0]]]",2.0,4,,,,True,1.7475200491026044,104.01727610826492
GCruvs,3,4,3.0,"['aabBc', 'AbbB', 'BBBCCC', 'Bc']","{'aabBc': [0, 6], 'AbbB': [1, 3, 4, 5], 'BBBCCC': [7], 'Bc': [2]}","[[[0, 0, 0, -0.0, 1.0, 1.0, -0.0, -0.0], [0, 0, 0, 0, -0.0, -0.0, -0.0, -0.0], [0, 0, 0, 0, 0, -0.0, 0, -0.0], [-0.0, 0, 0, 0, 0, -0.0, -0.0, -0.0], [-0.0, -0.0, 0, 0, 0, 0, -0.0, -0.0], [-0.0, -0.0, -0.0, -0.0, 0, 0, 0, 0], [-0.0, 1.0, 0, 1.0, -0.0, 0, 0, -0.0], [-0.0, -0.0, -0.0, -0.0, -0.0, 0, -0.0, 0]], [[0, 0, 0, -0.0, -0.0, -0.0, 1.0, -0.0], [0, 0, 0, 0, -0.0, 1.0, -0.0, 1.0], [0, 0, 0, 0, 0, -0.0, 0, -0.0], [1.0, 0, 0, 0, 0, -0.0, -0.0, 1.0], [-0.0, 1.0, 0, 0, 0, 0, -0.0, 1.0], [-0.0, -0.0, 1.0, 1.0, 0, 0, 0, 0], [-0.0, -0.0, 0, -0.0, 1.0, 0, 0, -0.0], [-0.0, -0.0, -0.0, -0.0, -0.0, 0, -0.0, 0]], [[0, 0, 0, -0.0, -0.0, -0.0, -0.0, 1.0], [0, 0, 0, 0, -0.0, -0.0, -0.0, -0.0], [0, 0, 0, 0, 0, -0.0, 0, 1.0], [-0.0, 0, 0, 0, 0, -0.0, -0.0, -0.0], [-0.0, -0.0, 0, 0, 0, 0, -0.0, -0.0], [-0.0, -0.0, -0.0, -0.0, 0, 0, 0, 0], [-0.0, -0.0, 0, -0.0, -0.0, 0, 0, 1.0], [-0.0, -0.0, -0.0, -0.0, -0.0, 0, -0.0, 0]]]",2.0,6,"['aaaab', 'aAbbbb', 'AbBB', 'AB', 'bbbb', 'BBBBB']","{'aaaab': [6], 'aAbbbb': [7], 'AbBB': [1, 3, 4], 'AB': [2], 'bbbb': [5], 'BBBBB': [0]}","[[[0, 0, 0, -0.0, -0.0, -0.0, -0.0, -0.0], [0, 0, 0, 0, -0.0, -0.0, -0.0, -0.0], [0, 0, 0, 0, 0, -0.0, 0, -0.0], [-0.0, 0, 0, 0, 0, -0.0, -0.0, -0.0], [-0.0, -0.0, 0, 0, 0, 0, -0.0, -0.0], [-0.0, -0.0, -0.0, -0.0, 0, 0, 0, 0], [-0.0, 1.0, 0, 1.0, 1.0, 0, 0, 1.0], [-0.0, -0.0, 1.0, -0.0, -0.0, 0, -0.0, 0]], [[0, 0, 0, -0.0, -0.0, -0.0, -0.0, -0.0], [0, 0, 0, 0, 1.0, -0.0, -0.0, -0.0], [0, 0, 0, 0, 0, -0.0, 0, -0.0], [1.0, 0, 0, 0, 0, -0.0, -0.0, -0.0], [1.0, -0.0, 0, 0, 0, 0, -0.0, -0.0], [1.0, 1.0, 1.0, 1.0, 0, 0, 0, 0], [1.0, -0.0, 0, -0.0, -0.0, 0, 0, -0.0], [1.0, 1.0, -0.0, 1.0, 1.0, 0, -0.0, 0]]]",False,3.100470333360136,777.593544812873
GCrvj{,5,3,2.0,"['abBB', 'AbbBBB', 'bbb']","{'abBB': [0, 1, 3], 'AbbBBB': [5, 6, 7], 'bbb': [2, 4]}","[[[0, 0, 0, 0, 0, 0, 1, 0], [0, 0, 0, 0, 0, 0, 0, 1], [0, 0, 0, 0, 0, 0, 0, 0], [0, 0, 0, 0, 0, 1, 0, 0], [0, 0, 0, 0, 0, 0, 0, 0], [0, 0, 0, 0, 0, 0, 0, 0], [0, 0, 0, 0, 0, 0, 0, 0], [0, 0, 0, 0, 0, 0, 0, 0]], [[0, 0, 0, 1, 0, 0, 0, 0], [0, 0, 0, 0, 0, 1, 0, 0], [0, 0, 0, 0, 0, 1, 1, 1], [0, 0, 0, 0, 0, 0, 1, 0], [1, 1, 0, 0, 0, 0, 0, 1], [1, 0, 0, 0, 0, 0, 0, 1], [0, 1, 0, 0, 0, 1, 0, 0], [0, 0, 0, 1, 0, 0, 1, 0]]]",2.0,3,,,,True,0.7614117320626974,101.00685027148576
GCzfVW,5,4,2.0,"['abbb', 'abBBB', 'AAbB', 'A']","{'abbb': [1, 2], 'abBBB': [0, 4, 7], 'AAbB': [5, 6], 'A': [3]}","[[[0, 0, 0, 1, 0, 0, 0, 0], [0, 0, 0, 0, 0, 1, 0, 0], [0, 0, 0, 0, 0, 0, 1, 0], [0, 0, 0, 0, 0, 0, 0, 0], [0, 0, 0, 0, 0, 0, 1, 0], [0, 0, 0, 0, 0, 0, 0, 0], [0, 0, 0, 0, 0, 0, 0, 0], [0, 0, 0, 0, 0, 1, 0, 0]], [[0, 0, 0, 0, 1, 0, 0, 0], [0, 0, 0, 0, 1, 0, 1, 1], [0, 0, 0, 0, 1, 1, 0, 1], [0, 0, 0, 0, 0, 0, 0, 0], [0, 0, 0, 0, 0, 0, 0, 1], [1, 0, 0, 0, 0, 0, 0, 0], [1, 0, 0, 0, 0, 0, 0, 0], [1, 0, 0, 0, 0, 0, 0, 0]]]",2.0,4,,,,True,27.6284411707893,45.11430544033647
GCzfV[,5,4,2.0,"['abBB', 'AAAbBB', 'bbbBB', 'b']","{'abBB': [1, 2, 5], 'AAAbBB': [7], 'bbbBB': [0, 4, 6], 'b': [3]}","[[[0, 0, 0, 0, 0, 0, 0, 0], [0, 0, 0, 0, 0, 0, 0, 1], [0, 0, 0, 0, 0, 0, 0, 1], [0, 0, 0, 0, 0, 0, 0, 0], [0, 0, 0, 0, 0, 0, 0, 0], [0, 0, 0, 0, 0, 0, 0, 1], [0, 0, 0, 0, 0, 0, 0, 0], [0, 0, 0, 0, 0, 0, 0, 0]], [[0, 0, 0, 0, 0, 1, 1, 1], [0, 0, 0, 0, 0, 1, 0, 0], [0, 0, 0, 0, 1, 0, 0, 0], [1, 0, 0, 0, 0, 0, 0, 0], [1, 1, 0, 0, 0, 0, 1, 0], [0, 0, 1, 0, 0, 0, 0, 0], [0, 1, 1, 0, 0, 0, 0, 1], [0, 0, 0, 0, 1, 0, 0, 0]]]",2.0,4,,,,True,4.462869456037879,173.6085621844977
GCzfVg,5,4,2.0,"['abBB', 'AAbBB', 'bbbb', 'bb']","{'abBB': [2, 4, 5, 6], 'AAbBB': [0, 7], 'bbbb': [1], 'bb': [3]}","[[[0, 0, 0, 0, 0, 0, 0, 0], [0, 0, 0, 0, 0, 0, 0, 0], [0, 0, 0, 0, 0, 0, 0, 1], [0, 0, 0, 0, 0, 0, 0, 0], [1, 0, 0, 0, 0, 0, 0, 0], [0, 0, 0, 0, 0, 0, 0, 1], [1, 0, 0, 0, 0, 0, 0, 0], [0, 0, 0, 0, 0, 0, 0, 0]], [[0, 0, 0, 0, 0, 1, 0, 0], [0, 0, 0, 0, 1, 1, 1, 1], [0, 0, 0, 0, 0, 0, 1, 0], [1, 0, 0, 0, 0, 0, 0, 1], [0, 0, 1, 0, 0, 0, 0, 0], [0, 0, 1, 0, 0, 0, 0, 0], [0, 0, 0, 0, 1, 0, 0, 0], [1, 0, 0, 0, 0, 0, 0, 0]]]",2.0,4,,,,True,11.59483395703137,25.577023669146
GCzfVs,5,5,2.0,"['abBB', 'aB', 'AAAbBB', 'bbbBB', 'bbB']","{'abBB': [1, 2], 'aB': [3], 'AAAbBB': [7], 'bbbBB': [0, 4, 6], 'bbB': [5]}","[[[0, 0, 0, 0, 0, 0, 0, 0], [0, 0, 0, 0, 0, 0, 0, 1], [0, 0, 0, 0, 0, 0, 0, 1], [0, 0, 0, 0, 0, 0, 0, 1], [0, 0, 0, 0, 0, 0, 0, 0], [0, 0, 0, 0, 0, 0, 0, 0], [0, 0, 0, 0, 0, 0, 0, 0], [0, 0, 0, 0, 0, 0, 0, 0]], [[0, 0, 0, 1, 0, 1, 1, 0], [0, 0, 0, 0, 1, 0, 0, 0], [0, 0, 0, 0, 1, 0, 0, 0], [0, 0, 0, 0, 0, 0, 0, 0], [1, 0, 0, 0, 0, 0, 1, 1], [0, 1, 1, 0, 0, 0, 0, 0], [0, 1, 1, 0, 0, 0, 0, 1], [1, 0, 0, 0, 0, 0, 0, 0]]]",2.0,5,,,,True,43.42065647244453,238.71116829756647
GCzfVw,5,4,2.0,"['abBB', 'AAbBB', 'bbbbbB', 'bb']","{'abBB': [1, 2, 5, 6], 'AAbBB': [0, 4], 'bbbbbB': [7], 'bb': [3]}","[[[0, 0, 0, 0, 0, 0, 0, 0], [0, 0, 0, 0, 1, 0, 0, 0], [0, 0, 0, 0, 1, 0, 0, 0], [0, 0, 0, 0, 0, 0, 0, 0], [0, 0, 0, 0, 0, 0, 0, 0], [1, 0, 0, 0, 0, 0, 0, 0], [1, 0, 0, 0, 0, 0, 0, 0], [0, 0, 0, 0, 0, 0, 0, 0]], [[0, 0, 0, 0, 1, 0, 0, 0], [0, 0, 0, 0, 0, 0, 1, 0], [0, 0, 0, 0, 0, 1, 0, 0], [1, 0, 0, 0, 0, 0, 0, 1], [0, 0, 0, 0, 0, 0, 1, 0], [0, 1, 0, 0, 0, 0, 0, 0], [0, 0, 1, 0, 0, 0, 0, 0], [1, 1, 1, 0, 1, 1, 0, 0]]]",2.0,4,,,,True,4.223478802479804,115.75456444174053
GCzfV{,5,4,2.0,"['abBB', 'aB', 'AbbbB', 'AbbBBBB']","{'abBB': [1, 2, 5], 'aB': [3], 'AbbbB': [0, 4, 6], 'AbbBBBB': [7]}","[[[0, 0, 0, 0, 0, 0, 0, 0], [0, 0, 0, 0, 1, 0, 0, 0], [0, 0, 0, 0, 0, 0, 1, 0], [1, 0, 0, 0, 0, 0, 0, 0], [0, 0, 0, 0, 0, 0, 0, 0], [0, 0, 0, 0, 0, 0, 0, 1], [0, 0, 0, 0, 0, 0, 0, 0], [0, 0, 0, 0, 0, 0, 0, 0]], [[0, 0, 0, 0, 1, 1, 0, 1], [0, 0, 0, 0, 0, 0, 0, 1], [0, 0, 0, 0, 0, 1, 0, 0], [0, 0, 0, 0, 0, 0, 0, 0], [0, 0, 1, 0, 0, 0, 1, 1], [0, 1, 0, 0, 0, 0, 0, 0], [1, 1, 0, 0, 0, 0, 0, 1], [0, 0, 1, 1, 0, 0, 0, 0]]]",2.0,4,,,,True,3.385792017914355,218.0194224305451
GCzfZw,5,3,2.0,"['ab', 'aBBB', 'AbbbB']","{'ab': [3], 'aBBB': [0, 1, 2], 'AbbbB': [4, 5, 6, 7]}","[[[0, 0, 0, 0, 0, 1, 0, 0], [0, 0, 0, 0, 0, 0, 1, 0], [0, 0, 0, 0, 1, 0, 0, 0], [0, 0, 0, 0, 0, 0, 0, 1], [0, 0, 0, 0, 0, 0, 0, 0], [0, 0, 0, 0, 0, 0, 0, 0], [0, 0, 0, 0, 0, 0, 0, 0], [0, 0, 0, 0, 0, 0, 0, 0]], [[0, 0, 0, 0, 0, 0, 0, 0], [0, 0, 0, 0, 0, 0, 0, 0], [0, 0, 0, 0, 0, 0, 0, 0], [1, 0, 0, 0, 0, 0, 0, 0], [1, 1, 0, 0, 0, 0, 0, 1], [0, 1, 1, 0, 0, 0, 1, 0], [1, 0, 1, 0, 1, 0, 0, 0], [0, 1, 1, 0, 0, 1, 0, 0]]]",2.0,3,,,,True,0.8436683788895607,56.71530298888683
GCzfZ{,5,4,2.0,"['aBBB', 'AbbBBB', 'Ab', 'bbbbb']","{'aBBB': [0, 1, 2], 'AbbBBB': [6, 7], 'Ab': [3], 'bbbbb': [4, 5]}","[[[0, 0, 0, 1, 0, 0, 0, 0], [0, 0, 0, 0, 0, 0, 1, 0], [0, 0, 0, 0, 0, 0, 0, 1], [0, 0, 0, 0, 0, 0, 0, 0], [0, 0, 0, 0, 0, 0, 0, 0], [0, 0, 0, 0, 0, 0, 0, 0], [0, 0, 0, 0, 0, 0, 0, 0], [0, 0, 0, 0, 0, 0, 0, 0]], [[0, 0, 0, 0, 0, 0, 0, 0], [0, 0, 0, 0, 0, 0, 0, 0], [0, 0, 0, 0, 0, 0, 0, 0], [0, 0, 0, 0, 0, 0, 0, 1], [1, 1, 1, 0, 0, 0, 1, 1], [1, 1, 1, 0, 0, 0, 1, 1], [1, 0, 1, 0, 0, 0, 0, 0], [0, 1, 0, 0, 0, 0, 1, 0]]]",2.0,4,,,,True,2.1872972138226032,192.36891601327807
GCzf^[,5,4,2.0,"['abbb', 'abBBB', 'AAbbBB', 'A']","{'abbb': [1, 2], 'abBBB': [0, 4, 5], 'AAbbBB': [6, 7], 'A': [3]}","[[[0, 0, 0, 1, 0, 0, 0, 0], [0, 0, 0, 0, 0, 0, 0, 1], [0, 0, 0, 0, 0, 0, 1, 0], [0, 0, 0, 0, 0, 0, 0, 0], [0, 0, 0, 0, 0, 0, 1, 0], [0, 0, 0, 0, 0, 0, 0, 1], [0, 0, 0, 0, 0, 0, 0, 0], [0, 0, 0, 0, 0, 0, 0, 0]], [[0, 0, 0, 0, 0, 0, 0, 1], [0, 0, 0, 0, 1, 1, 1, 0], [0, 0, 0, 0, 1, 1, 0, 1], [0, 0, 0, 0, 0, 0, 0, 0], [1, 0, 0, 0, 0, 0, 0, 0], [1, 0, 0, 0, 0, 0, 0, 0], [1, 0, 0, 0, 0, 1, 0, 0], [0, 0, 0, 0, 1, 0, 1, 0]]]",2.0,4,,,,True,7.270888107828796,193.6383844949305
GCzf^w,5,4,2.0,"['abBB', 'aB', 'AAAbBB', 'bbbBB']","{'abBB': [1, 2], 'aB': [3], 'AAAbBB': [7], 'bbbBB': [0, 4, 5, 6]}","[[[0, 0, 0, 0, 0, 0, 0, 0], [0, 0, 0, 0, 0, 0, 0, 1], [0, 0, 0, 0, 0, 0, 0, 1], [0, 0, 0, 0, 0, 0, 0, 1], [0, 0, 0, 0, 0, 0, 0, 0], [0, 0, 0, 0, 0, 0, 0, 0], [0, 0, 0, 0, 0, 0, 0, 0], [0, 0, 0, 0, 0, 0, 0, 0]], [[0, 0, 0, 1, 1, 0, 0, 1], [0, 0, 0, 0, 0, 0, 1, 0], [0, 0, 0, 0, 0, 0, 1, 0], [0, 0, 0, 0, 0, 0, 0, 0], [0, 1, 1, 0, 0, 0, 0, 1], [1, 1, 1, 0, 0, 0, 0, 0], [1, 0, 0, 0, 1, 1, 0, 0], [0, 0, 0, 0, 0, 1, 0, 0]]]",2.0,4,,,,True,4.515337474644184,146.09467389527708
GCrvm{,5,5,2.0,"['abBB', 'aB', 'AbbBBB', 'bbbbB', 'bbb']","{'abBB': [1, 3], 'aB': [2], 'AbbBBB': [5, 6, 7], 'bbbbB': [0], 'bbb': [4]}","[[[0, 0, 0, 0, 0, 0, 0, 0], [0, 0, 0, 0, 0, 0, 0, 1], [0, 0, 0, 0, 0, 1, 0, 0], [0, 0, 0, 0, 0, 0, 1, 0], [0, 0, 0, 0, 0, 0, 0, 0], [0, 0, 0, 0, 0, 0, 0, 0], [0, 0, 0, 0, 0, 0, 0, 0], [0, 0, 0, 0, 0, 0, 0, 0]], [[0, 0, 0, 1, 0, 1, 1, 1], [0, 0, 0, 0, 0, 0, 1, 0], [0, 0, 0, 0, 0, 0, 0, 0], [0, 0, 0, 0, 0, 1, 0, 0], [1, 1, 0, 0, 0, 0, 0, 1], [0, 1, 0, 0, 0, 0, 0, 1], [0, 0, 1, 0, 0, 1, 0, 0], [0, 0, 0, 1, 0, 0, 1, 0]]]",2.0,5,,,,True,23.854694538749754,221.13176771160212
GCzf^{,5,5,2.0,"['abBB', 'aB', 'AbBBB', 'bbbbbbB', 'bbbbbB']","{'abBB': [1, 2], 'aB': [3], 'AbBBB': [0, 4, 5], 'bbbbbbB': [7], 'bbbbbB': [6]}","[[[0, 0, 0, 0, 0, 0, 0, 0], [0, 0, 0, 0, 0, 1, 0, 0], [0, 0, 0, 0, 1, 0, 0, 0], [1, 0, 0, 0, 0, 0, 0, 0], [0, 0, 0, 0, 0, 0, 0, 0], [0, 0, 0, 0, 0, 0, 0, 0], [0, 0, 0, 0, 0, 0, 0, 0], [0, 0, 0, 0, 0, 0, 0, 0]], [[0, 0, 0, 0, 0, 1, 0, 0], [0, 0, 0, 0, 1, 0, 0, 0], [0, 0, 0, 0, 0, 0, 1, 0], [0, 0, 0, 0, 0, 0, 0, 0], [1, 0, 0, 0, 0, 0, 0, 0], [0, 0, 1, 0, 0, 0, 0, 0], [1, 1, 0, 0, 1, 1, 0, 1], [1, 1, 1, 1, 1, 1, 0, 0]]]",2.0,5,,,,True,71.23037218954414,483.65550932474434
GCzfbw,5,4,2.0,"['aBBB', 'AbbB', 'bbbbB', 'bbb']","{'aBBB': [0, 1, 2], 'AbbB': [4, 5, 6], 'bbbbB': [7], 'bbb': [3]}","[[[0, 0, 0, 0, 0, 0, 1, 0], [0, 0, 0, 0, 0, 1, 0, 0], [0, 0, 0, 0, 1, 0, 0, 0], [0, 0, 0, 0, 0, 0, 0, 0], [0, 0, 0, 0, 0, 0, 0, 0], [0, 0, 0, 0, 0, 0, 0, 0], [0, 0, 0, 0, 0, 0, 0, 0], [0, 0, 0, 0, 0, 0, 0, 0]], [[0, 0, 0, 0, 0, 0, 0, 0], [0, 0, 0, 0, 0, 0, 0, 0], [0, 0, 0, 0, 0, 0, 0, 0], [1, 0, 0, 0, 0, 0, 1, 1], [1, 1, 0, 0, 0, 0, 0, 0], [1, 0, 1, 0, 0, 0, 0, 0], [0, 1, 1, 0, 0, 0, 0, 0], [0, 1, 1, 0, 1, 1, 0, 0]]]",2.0,4,,,,True,8.200694312341511,12.408001239411533
GCzfes,5,4,2.0,"['aBBB', 'ABBB', 'bbbBB', 'bbB']","{'aBBB': [1], 'ABBB': [4], 'bbbBB': [0, 6, 7], 'bbB': [2, 3, 5]}","[[[0, 0, 0, 0, 0, 0, 0, 0], [0, 0, 0, 0, 1, 0, 0, 0], [0, 0, 0, 0, 0, 0, 0, 0], [0, 0, 0, 0, 0, 0, 0, 0], [0, 0, 0, 0, 0, 0, 0, 0], [0, 0, 0, 0, 0, 0, 0, 0], [0, 0, 0, 0, 0, 0, 0, 0], [0, 0, 0, 0, 0, 0, 0, 0]], [[0, 0, 0, 1, 1, 1, 0, 0], [0, 0, 0, 0, 0, 0, 0, 0], [0, 0, 0, 0, 1, 0, 1, 0], [0, 0, 0, 0, 0, 0, 1, 1], [0, 0, 0, 0, 0, 0, 0, 0], [0, 1, 1, 0, 0, 0, 0, 0], [1, 1, 0, 0, 0, 0, 0, 1], [1, 1, 0, 0, 1, 0, 0, 0]]]",2.0,4,,,,True,4.466458916664124,112.4462648369372
GCzfew,5,4,2.0,"['aBBB', 'AAAb', 'bbbBB', 'bbb']","{'aBBB': [4, 5, 6], 'AAAb': [1], 'bbbBB': [0, 7], 'bbb': [2, 3]}","[[[0, 0, 0, 0, 0, 0, 0, 0], [0, 0, 0, 0, 0, 0, 0, 0], [0, 0, 0, 0, 0, 0, 0, 0], [0, 0, 0, 0, 0, 0, 0, 0], [0, 1, 0, 0, 0, 0, 0, 0], [0, 1, 0, 0, 0, 0, 0, 0], [0, 1, 0, 0, 0, 0, 0, 0], [0, 0, 0, 0, 0, 0, 0, 0]], [[0, 0, 0, 0, 1, 1, 1, 0], [0, 0, 0, 0, 0, 0, 0, 1], [0, 0, 0, 0, 1, 1, 1, 0], [1, 0, 0, 0, 0, 0, 1, 1], [0, 0, 0, 0, 0, 0, 0, 0], [0, 0, 0, 0, 0, 0, 0, 0], [0, 0, 0, 0, 0, 0, 0, 0], [1, 0, 0, 0, 1, 1, 0, 0]]]",2.0,4,,,,True,27.693062221631408,81.61475421488285
GCzffS,5,4,2.0,"['abBB', 'aB', 'AbbbB', 'ABB']","{'abBB': [1, 2, 4], 'aB': [3], 'AbbbB': [0, 6, 7], 'ABB': [5]}","[[[0, 0, 0, 0, 0, 0, 0, 0], [0, 0, 0, 0, 0, 1, 0, 0], [0, 0, 0, 0, 0, 0, 0, 1], [0, 0, 0, 0, 0, 0, 1, 0], [1, 0, 0, 0, 0, 0, 0, 0], [0, 0, 0, 0, 0, 0, 0, 0], [0, 0, 0, 0, 0, 0, 0, 0], [0, 0, 0, 0, 0, 0, 0, 0]], [[0, 0, 0, 1, 0, 1, 0, 1], [0, 0, 0, 0, 1, 0, 0, 0], [0, 0, 0, 0, 0, 1, 0, 0], [0, 0, 0, 0, 0, 0, 0, 0], [0, 0, 1, 0, 0, 0, 0, 0], [0, 0, 0, 0, 0, 0, 0, 0], [1, 1, 1, 0, 0, 0, 0, 0], [0, 1, 0, 0, 1, 0, 1, 0]]]",2.0,4,,,,True,2.1918391678482294,111.30529460124671
GCzffW,5,4,2.0,"['aBBB', 'AbbB', 'Ab', 'bbbbB']","{'aBBB': [4, 5, 6], 'AbbB': [1, 2], 'Ab': [3], 'bbbbB': [0, 7]}","[[[0, 0, 0, 0, 0, 0, 0, 0], [0, 0, 0, 0, 0, 0, 0, 0], [0, 0, 0, 0, 0, 0, 0, 0], [0, 0, 0, 0, 0, 0, 0, 0], [0, 1, 0, 0, 0, 0, 0, 0], [0, 0, 1, 0, 0, 0, 0, 0], [0, 0, 0, 1, 0, 0, 0, 0], [0, 0, 0, 0, 0, 0, 0, 0]], [[0, 0, 0, 0, 1, 1, 1, 1], [0, 0, 0, 0, 0, 1, 1, 0], [0, 0, 0, 0, 1, 0, 1, 0], [1, 0, 0, 0, 0, 0, 0, 0], [0, 0, 0, 0, 0, 0, 0, 0], [0, 0, 0, 0, 0, 0, 0, 0], [0, 0, 0, 0, 0, 0, 0, 0], [0, 1, 1, 0, 1, 1, 0, 0]]]",2.0,4,,,,True,3.322787132114172,32.358307839371264
GCzff[,5,4,2.0,"['abBB', 'AAbBB', 'bbbbbB', 'bb']","{'abBB': [1, 2, 4, 5], 'AAbBB': [0, 6], 'bbbbbB': [7], 'bb': [3]}","[[[0, 0, 0, 0, 0, 0, 0, 0], [0, 0, 0, 0, 0, 0, 1, 0], [0, 0, 0, 0, 0, 0, 1, 0], [0, 0, 0, 0, 0, 0, 0, 0], [1, 0, 0, 0, 0, 0, 0, 0], [1, 0, 0, 0, 0, 0, 0, 0], [0, 0, 0, 0, 0, 0, 0, 0], [0, 0, 0, 0, 0, 0, 0, 0]], [[0, 0, 0, 0, 0, 0, 1, 0], [0, 0, 0, 0, 0, 1, 0, 0], [0, 0, 0, 0, 1, 0, 0, 0], [1, 0, 0, 0, 0, 0, 1, 0], [0, 1, 0, 0, 0, 0, 0, 0], [0, 0, 1, 0, 0, 0, 0, 0], [0, 0, 0, 0, 0, 0, 0, 1], [1, 1, 1, 0, 1, 1, 0, 0]]]",2.0,4,,,,True,4.789296764880419,107.23610088136049
GCzffc,5,4,2.0,"['aBBB', 'AAb', 'bbbBB', 'bbB']","{'aBBB': [1, 2], 'AAb': [5], 'bbbBB': [0, 6, 7], 'bbB': [3, 4]}","[[[0, 0, 0, 0, 0, 0, 0, 0], [0, 0, 0, 0, 0, 1, 0, 0], [0, 0, 0, 0, 0, 1, 0, 0], [0, 0, 0, 0, 0, 0, 0, 0], [0, 0, 0, 0, 0, 0, 0, 0], [0, 0, 0, 0, 0, 0, 0, 0], [0, 0, 0, 0, 0, 0, 0, 0], [0, 0, 0, 0, 0, 0, 0, 0]], [[0, 0, 0, 1, 1, 0, 0, 1], [0, 0, 0, 0, 0, 0, 0, 0], [0, 0, 0, 0, 0, 0, 0, 0], [0, 0, 0, 0, 0, 0, 1, 1], [0, 1, 1, 0, 0, 0, 0, 0], [1, 0, 0, 0, 0, 0, 0, 0], [1, 1, 1, 0, 0, 0, 0, 0], [0, 1, 1, 0, 0, 0, 1, 0]]]",2.0,4,,,,True,7.520311787724495,99.17660211585462
GCzffs,5,4,2.0,"['abBB', 'AAAbBB', 'bbbBB', 'bbB']","{'abBB': [1, 2, 4], 'AAAbBB': [7], 'bbbBB': [0, 6], 'bbB': [3, 5]}","[[[0, 0, 0, 0, 0, 0, 0, 0], [0, 0, 0, 0, 0, 0, 0, 1], [0, 0, 0, 0, 0, 0, 0, 1], [0, 0, 0, 0, 0, 0, 0, 0], [0, 0, 0, 0, 0, 0, 0, 1], [0, 0, 0, 0, 0, 0, 0, 0], [0, 0, 0, 0, 0, 0, 0, 0], [0, 0, 0, 0, 0, 0, 0, 0]], [[0, 0, 0, 0, 1, 0, 1, 1], [0, 0, 0, 0, 0, 1, 0, 0], [0, 0, 0, 0, 1, 0, 0, 0], [1, 0, 0, 0, 0, 0, 1, 0], [0, 1, 0, 0, 0, 0, 0, 0], [1, 0, 1, 0, 0, 0, 0, 0], [0, 1, 1, 0, 0, 0, 0, 1], [0, 0, 0, 1, 0, 0, 0, 0]]]",2.0,4,,,,True,5.410466715693474,242.21712890826169
GCzffw,5,5,2.0,"['aBBB', 'AbbbBB', 'AbbB', 'bbbbB', 'bbb']","{'aBBB': [4, 5, 6], 'AbbbBB': [7], 'AbbB': [1, 2], 'bbbbB': [0], 'bbb': [3]}","[[[0, 0, 0, 0, 0, 0, 0, 0], [0, 0, 0, 0, 0, 0, 0, 0], [0, 0, 0, 0, 0, 0, 0, 0], [0, 0, 0, 0, 0, 0, 0, 0], [0, 0, 0, 0, 0, 0, 0, 1], [0, 0, 1, 0, 0, 0, 0, 0], [0, 1, 0, 0, 0, 0, 0, 0], [0, 0, 0, 0, 0, 0, 0, 0]], [[0, 0, 0, 0, 1, 1, 1, 1], [0, 0, 0, 0, 1, 1, 0, 0], [0, 0, 0, 0, 1, 0, 1, 0], [1, 0, 0, 0, 0, 0, 1, 1], [0, 0, 0, 0, 0, 0, 0, 0], [0, 0, 0, 0, 0, 0, 0, 0], [0, 0, 0, 0, 0, 0, 0, 0], [0, 1, 1, 0, 0, 1, 0, 0]]]",2.0,5,,,,True,63.69739828445017,57.58355787023902
GCrvnk,5,5,2.0,"['abBB', 'aBB', 'aB', 'AbbbbB', 'ABBBB']","{'abBB': [1, 3], 'aBB': [2], 'aB': [4], 'AbbbbB': [5, 6, 7], 'ABBBB': [0]}","[[[0, 0, 0, 0, 0, 0, 0, 0], [0, 0, 0, 0, 0, 0, 1, 0], [0, 0, 0, 0, 0, 1, 0, 0], [0, 0, 0, 0, 0, 0, 0, 1], [1, 0, 0, 0, 0, 0, 0, 0], [0, 0, 0, 0, 0, 0, 0, 0], [0, 0, 0, 0, 0, 0, 0, 0], [0, 0, 0, 0, 0, 0, 0, 0]], [[0, 0, 0, 0, 0, 0, 0, 0], [0, 0, 0, 0, 1, 0, 0, 0], [0, 0, 0, 0, 0, 0, 0, 0], [1, 0, 0, 0, 0, 0, 0, 0], [0, 0, 0, 0, 0, 0, 0, 0], [1, 1, 0, 1, 0, 0, 0, 1], [1, 0, 1, 1, 0, 1, 0, 0], [1, 1, 1, 0, 0, 0, 1, 0]]]",2.0,5,,,,True,30.64058340154588,212.49059118609875
GCzff{,5,4,2.0,"['abBB', 'AAbBB', 'bbbbbbb', 'bBB']","{'abBB': [1, 2, 4, 5], 'AAbBB': [0, 6], 'bbbbbbb': [7], 'bBB': [3]}","[[[0, 0, 0, 0, 0, 0, 0, 0], [0, 0, 0, 0, 0, 0, 1, 0], [0, 0, 0, 0, 0, 0, 1, 0], [0, 0, 0, 0, 0, 0, 0, 0], [1, 0, 0, 0, 0, 0, 0, 0], [1, 0, 0, 0, 0, 0, 0, 0], [0, 0, 0, 0, 0, 0, 0, 0], [0, 0, 0, 0, 0, 0, 0, 0]], [[0, 0, 0, 1, 0, 0, 0, 0], [0, 0, 0, 0, 0, 1, 0, 0], [0, 0, 0, 0, 1, 0, 0, 0], [0, 0, 0, 0, 0, 0, 1, 0], [0, 1, 0, 0, 0, 0, 0, 0], [0, 0, 1, 0, 0, 0, 0, 0], [1, 0, 0, 0, 0, 0, 0, 0], [1, 1, 1, 1, 1, 1, 1, 0]]]",2.0,4,,,,True,5.764837860129774,238.88967190962285
GCzfr{,5,4,2.0,"['abBB', 'AABBB', 'AbbbbB', 'bbB']","{'abBB': [0, 1, 2, 5], 'AABBB': [4], 'AbbbbB': [6, 7], 'bbB': [3]}","[[[0, 0, 0, 0, 1, 0, 0, 0], [0, 0, 0, 0, 1, 0, 0, 0], [0, 0, 0, 0, 0, 0, 1, 0], [0, 0, 0, 0, 0, 0, 0, 0], [0, 0, 0, 0, 0, 0, 0, 0], [0, 0, 0, 0, 0, 0, 0, 1], [0, 0, 0, 0, 0, 0, 0, 0], [0, 0, 0, 0, 0, 0, 0, 0]], [[0, 0, 0, 0, 0, 1, 0, 0], [0, 0, 0, 0, 0, 1, 0, 0], [0, 0, 0, 0, 1, 0, 0, 0], [1, 0, 0, 0, 0, 0, 1, 0], [0, 0, 0, 0, 0, 0, 0, 0], [0, 0, 1, 0, 0, 0, 0, 0], [1, 1, 0, 0, 1, 0, 0, 1], [0, 1, 1, 1, 1, 0, 0, 0]]]",2.0,4,,,,True,6.969549236819148,150.85666338633746
GCzfv[,5,4,2.0,"['abbBBB', 'abbB', 'aB', 'AAAbB']","{'abbBBB': [6, 7], 'abbB': [1, 2, 5], 'aB': [3], 'AAAbB': [0, 4]}","[[[0, 0, 0, 0, 0, 0, 0, 0], [0, 0, 0, 0, 1, 0, 0, 0], [0, 0, 0, 0, 1, 0, 0, 0], [1, 0, 0, 0, 0, 0, 0, 0], [0, 0, 0, 0, 0, 0, 0, 0], [1, 0, 0, 0, 0, 0, 0, 0], [1, 0, 0, 0, 0, 0, 0, 0], [0, 0, 0, 0, 1, 0, 0, 0]], [[0, 0, 0, 0, 0, 0, 0, 1], [0, 0, 0, 0, 0, 1, 1, 0], [0, 0, 0, 0, 0, 0, 1, 1], [0, 0, 0, 0, 0, 0, 0, 0], [1, 0, 0, 0, 0, 0, 0, 0], [0, 0, 1, 0, 0, 0, 0, 1], [0, 0, 0, 1, 1, 0, 0, 0], [0, 1, 0, 0, 0, 0, 1, 0]]]",2.0,4,,,,True,10.782951119355856,190.8584141973406
GCzfvk,5,4,2.0,"['abBB', 'AABBB', 'AbbbbB', 'bbB']","{'abBB': [1, 2, 4, 5], 'AABBB': [0], 'AbbbbB': [6, 7], 'bbB': [3]}","[[[0, 0, 0, 0, 0, 0, 0, 0], [0, 0, 0, 0, 0, 0, 0, 1], [0, 0, 0, 0, 0, 0, 1, 0], [0, 0, 0, 0, 0, 0, 0, 0], [1, 0, 0, 0, 0, 0, 0, 0], [1, 0, 0, 0, 0, 0, 0, 0], [0, 0, 0, 0, 0, 0, 0, 0], [0, 0, 0, 0, 0, 0, 0, 0]], [[0, 0, 0, 0, 0, 0, 0, 0], [0, 0, 0, 0, 0, 1, 0, 0], [0, 0, 0, 0, 1, 0, 0, 0], [1, 0, 0, 0, 0, 0, 0, 1], [0, 1, 0, 0, 0, 0, 0, 0], [0, 0, 1, 0, 0, 0, 0, 0], [1, 1, 0, 1, 1, 0, 0, 0], [1, 0, 1, 0, 0, 1, 1, 0]]]",2.0,4,,,,True,3.9142252383753657,150.49084928818047
GCzfvs,5,5,2.0,"['aBBB', 'AbbbBB', 'bbbbB', 'bbb', 'BBBBB']","{'aBBB': [1, 2], 'AbbbBB': [6, 7], 'bbbbB': [4], 'bbb': [3, 5], 'BBBBB': [0]}","[[[0, 0, 0, 0, 0, 0, 0, 0], [0, 0, 0, 0, 0, 0, 1, 0], [0, 0, 0, 0, 0, 0, 0, 1], [0, 0, 0, 0, 0, 0, 0, 0], [0, 0, 0, 0, 0, 0, 0, 0], [0, 0, 0, 0, 0, 0, 0, 0], [0, 0, 0, 0, 0, 0, 0, 0], [0, 0, 0, 0, 0, 0, 0, 0]], [[0, 0, 0, 0, 0, 0, 0, 0], [0, 0, 0, 0, 0, 0, 0, 0], [0, 0, 0, 0, 0, 0, 0, 0], [1, 0, 0, 0, 0, 0, 1, 1], [1, 1, 1, 0, 0, 0, 0, 1], [1, 1, 1, 0, 0, 0, 0, 0], [1, 0, 1, 0, 1, 0, 0, 0], [1, 1, 0, 0, 0, 0, 1, 0]]]",2.0,5,,,,True,13992.961145784706,309.389674144797
GCzfvw,5,4,2.0,"['abBB', 'AAAbBB', 'bbbBB', 'bbB']","{'abBB': [1, 2, 5], 'AAAbBB': [7], 'bbbBB': [0, 4, 6], 'bbB': [3]}","[[[0, 0, 0, 0, 0, 0, 0, 0], [0, 0, 0, 0, 0, 0, 0, 1], [0, 0, 0, 0, 0, 0, 0, 1], [0, 0, 0, 0, 0, 0, 0, 0], [0, 0, 0, 0, 0, 0, 0, 0], [0, 0, 0, 0, 0, 0, 0, 1], [0, 0, 0, 0, 0, 0, 0, 0], [0, 0, 0, 0, 0, 0, 0, 0]], [[0, 0, 0, 1, 1, 0, 1, 0], [0, 0, 0, 0, 0, 1, 0, 0], [0, 0, 0, 0, 0, 1, 0, 0], [0, 0, 0, 0, 0, 0, 1, 1], [0, 1, 1, 0, 0, 0, 0, 1], [1, 0, 0, 0, 0, 0, 0, 0], [0, 1, 1, 0, 1, 0, 0, 0], [1, 0, 0, 0, 0, 0, 0, 0]]]",2.0,4,,,,True,4.3759684804826975,229.1467403518036
GCzfv{,5,5,2.0,"['abBB', 'AABBBBB', 'AbbBBB', 'bbbbB', 'bbb']","{'abBB': [1, 2, 5], 'AABBBBB': [7], 'AbbBBB': [6], 'bbbbB': [0, 4], 'bbb': [3]}","[[[0, 0, 0, 0, 0, 0, 0, 0], [0, 0, 0, 0, 0, 0, 0, 1], [0, 0, 0, 0, 0, 0, 1, 0], [0, 0, 0, 0, 0, 0, 0, 0], [0, 0, 0, 0, 0, 0, 0, 0], [0, 0, 0, 0, 0, 0, 0, 1], [0, 0, 0, 0, 0, 0, 0, 0], [0, 0, 0, 0, 0, 0, 0, 0]], [[0, 0, 0, 0, 1, 1, 1, 1], [0, 0, 0, 0, 0, 1, 0, 0], [0, 0, 0, 0, 0, 0, 0, 1], [1, 0, 0, 0, 0, 0, 1, 1], [0, 1, 1, 0, 0, 0, 1, 1], [0, 0, 1, 0, 0, 0, 0, 0], [0, 1, 0, 0, 0, 0, 0, 1], [0, 0, 0, 0, 0, 0, 0, 0]]]",2.0,5,,,,True,51.89197099581361,645.0486688194796
GCzf~w,5,4,2.0,"['aBBBBB', 'AAB', 'bbbb', 'bbbBB']","{'aBBBBB': [6, 7], 'AAB': [3], 'bbbb': [1, 2], 'bbbBB': [0, 4, 5]}","[[[0, 0, 0, 0, 0, 0, 0, 0], [0, 0, 0, 0, 0, 0, 0, 0], [0, 0, 0, 0, 0, 0, 0, 0], [0, 0, 0, 0, 0, 0, 0, 0], [0, 0, 0, 0, 0, 0, 0, 0], [0, 0, 0, 0, 0, 0, 0, 0], [0, 0, 0, 1, 0, 0, 0, 0], [0, 0, 0, 1, 0, 0, 0, 0]], [[0, 0, 0, 1, 0, 0, 1, 1], [0, 0, 0, 0, 1, 1, 1, 1], [0, 0, 0, 0, 1, 1, 1, 1], [0, 0, 0, 0, 0, 0, 0, 0], [1, 0, 0, 0, 0, 0, 1, 1], [1, 0, 0, 0, 0, 0, 1, 1], [0, 0, 0, 0, 0, 0, 0, 0], [0, 0, 0, 0, 0, 0, 0, 0]]]",2.0,4,,,,True,4.4342486672103405,358.53039802983403
GCzf~{,5,4,2.0,"['abBB', 'aBB', 'AbBBB', 'bbbbbbB']","{'abBB': [1, 2], 'aBB': [3], 'AbBBB': [0, 4, 5], 'bbbbbbB': [6, 7]}","[[[0, 0, 0, 0, 0, 0, 0, 0], [0, 0, 0, 0, 0, 1, 0, 0], [0, 0, 0, 0, 1, 0, 0, 0], [1, 0, 0, 0, 0, 0, 0, 0], [0, 0, 0, 0, 0, 0, 0, 0], [0, 0, 0, 0, 0, 0, 0, 0], [0, 0, 0, 0, 0, 0, 0, 0], [0, 0, 0, 0, 0, 0, 0, 0]], [[0, 0, 0, 0, 0, 1, 0, 0], [0, 0, 0, 0, 1, 0, 0, 0], [0, 0, 0, 0, 0, 1, 0, 0], [0, 0, 0, 0, 0, 0, 0, 0], [1, 0, 0, 0, 0, 0, 0, 0], [0, 0, 0, 0, 0, 0, 1, 0], [1, 1, 1, 1, 1, 0, 0, 1], [1, 1, 1, 1, 1, 1, 0, 0]]]",2.0,4,,,,True,9.717227783054112,668.2487663095817
GCzjz{,5,4,2.0,"['abBBBB', 'AAAbBB', 'bbbb', 'bbB']","{'abBBBB': [4, 5, 6], 'AAAbBB': [7], 'bbbb': [1, 2], 'bbB': [0, 3]}","[[[0, 0, 0, 0, 0, 0, 0, 0], [0, 0, 0, 0, 0, 0, 0, 0], [0, 0, 0, 0, 0, 0, 0, 0], [0, 0, 0, 0, 0, 0, 0, 0], [0, 0, 0, 0, 0, 0, 0, 1], [0, 0, 0, 0, 0, 0, 0, 1], [0, 0, 0, 0, 0, 0, 0, 1], [0, 0, 0, 0, 0, 0, 0, 0]], [[0, 0, 0, 0, 1, 1, 0, 0], [0, 0, 0, 0, 1, 1, 1, 1], [0, 0, 0, 0, 1, 1, 1, 1], [1, 0, 0, 0, 0, 0, 1, 0], [0, 0, 0, 0, 0, 1, 0, 0], [0, 0, 0, 0, 0, 0, 1, 0], [0, 0, 0, 0, 1, 0, 0, 0], [0, 0, 0, 1, 0, 0, 0, 0]]]",2.0,4,,,,True,18.795194333419204,99.8564114132896
GCrvnw,5,5,2.0,"['aBBB', 'Abbbbb', 'AbBBBB', 'bbbBB', 'bbB']","{'aBBB': [1, 3], 'Abbbbb': [7], 'AbBBBB': [5], 'bbbBB': [0, 6], 'bbB': [2, 4]}","[[[0, 0, 0, 0, 0, 0, 0, 0], [0, 0, 0, 0, 0, 1, 0, 0], [0, 0, 0, 0, 0, 0, 0, 0], [0, 0, 0, 0, 0, 0, 0, 1], [0, 0, 0, 0, 0, 0, 0, 0], [0, 0, 0, 0, 0, 0, 0, 0], [0, 0, 0, 0, 0, 0, 0, 0], [0, 0, 0, 0, 0, 0, 0, 0]], [[0, 0, 0, 1, 0, 1, 1, 0], [0, 0, 0, 0, 0, 0, 0, 0], [0, 0, 0, 0, 0, 1, 1, 0], [0, 0, 0, 0, 0, 0, 0, 0], [1, 1, 0, 0, 0, 0, 0, 0], [0, 0, 0, 1, 0, 0, 0, 0], [0, 1, 0, 1, 0, 1, 0, 0], [1, 1, 1, 0, 1, 1, 0, 0]]]",2.0,5,,,,True,28225.40598116815,489.8934393171221
GCzj}{,5,4,2.0,"['abBBBB', 'AbbbBB', 'AbbB', 'bbb']","{'abBBBB': [5, 6, 7], 'AbbbBB': [4], 'AbbB': [0, 1], 'bbb': [2, 3]}","[[[0, 0, 0, 0, 0, 0, 0, 0], [0, 0, 0, 0, 0, 0, 0, 0], [0, 0, 0, 0, 0, 0, 0, 0], [0, 0, 0, 0, 0, 0, 0, 0], [0, 0, 0, 0, 0, 0, 0, 0], [1, 0, 0, 0, 0, 0, 0, 0], [0, 1, 0, 0, 0, 0, 0, 0], [0, 0, 0, 0, 1, 0, 0, 0]], [[0, 0, 0, 0, 1, 0, 0, 1], [0, 0, 0, 0, 0, 1, 0, 1], [0, 0, 0, 0, 1, 1, 1, 0], [1, 0, 0, 0, 0, 0, 1, 1], [0, 1, 0, 0, 0, 1, 1, 0], [0, 0, 0, 0, 0, 0, 1, 0], [0, 0, 0, 0, 0, 0, 0, 1], [0, 0, 0, 0, 0, 1, 0, 0]]]",2.0,4,,,,True,15.968319394625723,111.98859091568738
GCzj~{,5,4,2.0,"['aBBB', 'AbbbBB', 'bbbbbBB', 'bbb']","{'aBBB': [0, 1, 2], 'AbbbBB': [4, 5, 6], 'bbbbbBB': [7], 'bbb': [3]}","[[[0, 0, 0, 0, 0, 1, 0, 0], [0, 0, 0, 0, 0, 0, 1, 0], [0, 0, 0, 0, 1, 0, 0, 0], [0, 0, 0, 0, 0, 0, 0, 0], [0, 0, 0, 0, 0, 0, 0, 0], [0, 0, 0, 0, 0, 0, 0, 0], [0, 0, 0, 0, 0, 0, 0, 0], [0, 0, 0, 0, 0, 0, 0, 0]], [[0, 0, 0, 0, 0, 0, 0, 0], [0, 0, 0, 0, 0, 0, 0, 0], [0, 0, 0, 0, 0, 0, 0, 0], [1, 0, 0, 0, 0, 0, 1, 1], [1, 1, 0, 0, 0, 1, 0, 0], [0, 1, 1, 0, 0, 0, 1, 0], [0, 0, 1, 0, 1, 0, 0, 1], [1, 1, 1, 0, 1, 1, 0, 0]]]",2.0,4,,,,True,3.19588993024081,314.6257692184299
GCzm|{,5,3,2.0,"['abB', 'aBBBB', 'AbbbBB']","{'abB': [1, 2, 3], 'aBBBB': [0], 'AbbbBB': [4, 5, 6, 7]}","[[[0, 0, 0, 0, 1, 0, 0, 0], [0, 0, 0, 0, 0, 1, 0, 0], [0, 0, 0, 0, 0, 0, 0, 1], [0, 0, 0, 0, 0, 0, 1, 0], [0, 0, 0, 0, 0, 0, 0, 0], [0, 0, 0, 0, 0, 0, 0, 0], [0, 0, 0, 0, 0, 0, 0, 0], [0, 0, 0, 0, 0, 0, 0, 0]], [[0, 0, 0, 0, 0, 0, 0, 0], [0, 0, 0, 0, 0, 0, 1, 0], [0, 0, 0, 0, 1, 0, 0, 0], [1, 0, 0, 0, 0, 0, 0, 0], [0, 1, 0, 0, 0, 1, 0, 1], [1, 0, 1, 0, 0, 0, 0, 1], [1, 0, 0, 0, 1, 1, 0, 0], [1, 0, 0, 1, 0, 0, 1, 0]]]",2.0,3,,,,True,0.5904816733673215,126.8081700336188
GCzm}{,5,5,2.0,"['abbBBB', 'AABB', 'AA', 'bbbbB', 'bbb']","{'abbBBB': [4, 5, 6, 7], 'AABB': [1], 'AA': [2], 'bbbbB': [0], 'bbb': [3]}","[[[0, 0, 0, 0, 0, 0, 0, 0], [0, 0, 0, 0, 0, 0, 0, 0], [0, 0, 0, 0, 0, 0, 0, 0], [0, 0, 0, 0, 0, 0, 0, 0], [0, 0, 1, 0, 0, 0, 0, 0], [0, 0, 1, 0, 0, 0, 0, 0], [0, 1, 0, 0, 0, 0, 0, 0], [0, 1, 0, 0, 0, 0, 0, 0]], [[0, 0, 0, 0, 1, 1, 1, 1], [0, 0, 0, 0, 0, 0, 0, 0], [0, 0, 0, 0, 0, 0, 0, 0], [1, 0, 0, 0, 0, 0, 1, 1], [0, 1, 0, 0, 0, 1, 0, 0], [0, 1, 0, 0, 0, 0, 0, 1], [0, 0, 0, 0, 1, 1, 0, 0], [0, 0, 0, 0, 1, 0, 1, 0]]]",2.0,5,,,,True,47.98245144076645,178.24442110396922
GCzm~s,5,4,2.0,"['abBBBB', 'AAAb', 'bbbBB', 'bbb']","{'abBBBB': [4, 6, 7], 'AAAb': [1], 'bbbBB': [0, 5], 'bbb': [2, 3]}","[[[0, 0, 0, 0, 0, 0, 0, 0], [0, 0, 0, 0, 0, 0, 0, 0], [0, 0, 0, 0, 0, 0, 0, 0], [0, 0, 0, 0, 0, 0, 0, 0], [0, 1, 0, 0, 0, 0, 0, 0], [0, 0, 0, 0, 0, 0, 0, 0], [0, 1, 0, 0, 0, 0, 0, 0], [0, 1, 0, 0, 0, 0, 0, 0]], [[0, 0, 0, 0, 1, 0, 1, 1], [0, 0, 0, 0, 0, 1, 0, 0], [0, 0, 0, 0, 1, 1, 0, 1], [1, 0, 0, 0, 0, 0, 1, 1], [0, 0, 0, 0, 0, 0, 0, 1], [1, 0, 0, 0, 1, 0, 1, 0], [0, 0, 0, 0, 1, 0, 0, 0], [0, 0, 0, 0, 0, 0, 1, 0]]]",2.0,4,,,,True,9.751777944155036,378.7803969550878
GCzm~w,5,4,2.0,"['abBBBB', 'AAAb', 'bbbBB', 'bbb']","{'abBBBB': [4, 5, 7], 'AAAb': [1], 'bbbBB': [0, 6], 'bbb': [2, 3]}","[[[0, 0, 0, 0, 0, 0, 0, 0], [0, 0, 0, 0, 0, 0, 0, 0], [0, 0, 0, 0, 0, 0, 0, 0], [0, 0, 0, 0, 0, 0, 0, 0], [0, 1, 0, 0, 0, 0, 0, 0], [0, 1, 0, 0, 0, 0, 0, 0], [0, 0, 0, 0, 0, 0, 0, 0], [0, 1, 0, 0, 0, 0, 0, 0]], [[0, 0, 0, 0, 1, 1, 0, 1], [0, 0, 0, 0, 0, 0, 1, 0], [0, 0, 0, 0, 1, 1, 0, 1], [1, 0, 0, 0, 0, 0, 1, 1], [0, 0, 0, 0, 0, 0, 0, 1], [0, 0, 0, 0, 1, 0, 0, 0], [1, 0, 0, 0, 1, 1, 0, 0], [0, 0, 0, 0, 0, 1, 0, 0]]]",2.0,4,,,,True,6.375009314157069,350.7561606960371
GCzm~{,5,5,2.0,"['aBB', 'AABBBBB', 'bbbbBB', 'bbbBB', 'bbbB']","{'aBB': [2, 3], 'AABBBBB': [7], 'bbbbBB': [4, 5, 6], 'bbbBB': [0], 'bbbB': [1]}","[[[0, 0, 0, 0, 0, 0, 0, 0], [0, 0, 0, 0, 0, 0, 0, 0], [0, 0, 0, 0, 0, 0, 0, 1], [0, 0, 0, 0, 0, 0, 0, 1], [0, 0, 0, 0, 0, 0, 0, 0], [0, 0, 0, 0, 0, 0, 0, 0], [0, 0, 0, 0, 0, 0, 0, 0], [0, 0, 0, 0, 0, 0, 0, 0]], [[0, 0, 0, 1, 0, 1, 0, 1], [0, 0, 0, 0, 1, 0, 1, 1], [0, 0, 0, 0, 0, 0, 0, 0], [0, 0, 0, 0, 0, 0, 0, 0], [1, 0, 1, 0, 0, 1, 0, 1], [0, 1, 1, 0, 0, 0, 1, 1], [1, 0, 0, 1, 1, 0, 0, 1], [0, 0, 0, 0, 0, 0, 0, 0]]]",2.0,5,,,,True,23.320119035430253,720.4174149530008
GCznZ{,5,4,2.0,"['aBBB', 'AAAbbB', 'bbbbBB', 'bb']","{'aBBB': [0, 1, 2], 'AAAbbB': [6], 'bbbbBB': [4, 5, 7], 'bb': [3]}","[[[0, 0, 0, 0, 0, 0, 1, 0], [0, 0, 0, 0, 0, 0, 1, 0], [0, 0, 0, 0, 0, 0, 1, 0], [0, 0, 0, 0, 0, 0, 0, 0], [0, 0, 0, 0, 0, 0, 0, 0], [0, 0, 0, 0, 0, 0, 0, 0], [0, 0, 0, 0, 0, 0, 0, 0], [0, 0, 0, 0, 0, 0, 0, 0]], [[0, 0, 0, 0, 0, 0, 0, 0], [0, 0, 0, 0, 0, 0, 0, 0], [0, 0, 0, 0, 0, 0, 0, 0], [1, 0, 0, 0, 0, 0, 0, 1], [1, 1, 1, 0, 0, 0, 0, 1], [1, 1, 1, 0, 1, 0, 0, 0], [0, 0, 0, 0, 1, 1, 0, 0], [0, 1, 1, 0, 0, 1, 1, 0]]]",2.0,4,,,,True,16.285918635316193,52.50651450548321
GCzn]{,5,5,2.0,"['abbBBB', 'AAb', 'AbBB', 'AB', 'bbbbb']","{'abbBBB': [4, 5, 6, 7], 'AAb': [2], 'AbBB': [1], 'AB': [3], 'bbbbb': [0]}","[[[0, 0, 0, 0, 0, 0, 0, 0], [0, 0, 0, 0, 0, 0, 0, 0], [0, 0, 0, 0, 0, 0, 0, 0], [0, 0, 0, 0, 0, 0, 0, 0], [0, 0, 1, 0, 0, 0, 0, 0], [0, 0, 1, 0, 0, 0, 0, 0], [0, 1, 0, 0, 0, 0, 0, 0], [0, 0, 0, 1, 0, 0, 0, 0]], [[0, 0, 0, 1, 1, 1, 1, 1], [0, 0, 0, 0, 0, 1, 0, 0], [0, 0, 0, 0, 0, 0, 1, 0], [0, 0, 0, 0, 0, 0, 0, 0], [0, 1, 0, 0, 0, 1, 0, 0], [0, 0, 0, 0, 0, 0, 1, 1], [0, 0, 0, 0, 1, 0, 0, 1], [0, 1, 0, 0, 1, 0, 0, 0]]]",2.0,5,,,,True,39.37068367563188,142.1299322322011
GCzn^[,5,4,2.0,"['abbBBB', 'AABBB', 'Abbb', 'b']","{'abbBBB': [4, 5, 6, 7], 'AABBB': [0], 'Abbb': [1, 2], 'b': [3]}","[[[0, 0, 0, 0, 0, 0, 0, 0], [0, 0, 0, 0, 0, 0, 0, 0], [0, 0, 0, 0, 0, 0, 0, 0], [0, 0, 0, 0, 0, 0, 0, 0], [0, 0, 1, 0, 0, 0, 0, 0], [0, 1, 0, 0, 0, 0, 0, 0], [1, 0, 0, 0, 0, 0, 0, 0], [1, 0, 0, 0, 0, 0, 0, 0]], [[0, 0, 0, 0, 0, 0, 0, 0], [0, 0, 0, 0, 1, 0, 1, 1], [0, 0, 0, 0, 0, 1, 1, 1], [1, 0, 0, 0, 0, 0, 0, 0], [1, 0, 0, 0, 0, 1, 0, 0], [1, 0, 0, 0, 0, 0, 1, 0], [0, 0, 0, 0, 1, 0, 0, 1], [0, 0, 0, 0, 1, 1, 0, 0]]]",2.0,4,,,,True,3.071891186758876,97.6139338510111
GCrvn{,5,5,2.0,"['aBB', 'AABBBBB', 'bbbbBB', 'bbbBB', 'bbbB']","{'aBB': [2, 4], 'AABBBBB': [7], 'bbbbBB': [5, 6], 'bbbBB': [0], 'bbbB': [1, 3]}","[[[0, 0, 0, 0, 0, 0, 0, 0], [0, 0, 0, 0, 0, 0, 0, 0], [0, 0, 0, 0, 0, 0, 0, 1], [0, 0, 0, 0, 0, 0, 0, 0], [0, 0, 0, 0, 0, 0, 0, 1], [0, 0, 0, 0, 0, 0, 0, 0], [0, 0, 0, 0, 0, 0, 0, 0], [0, 0, 0, 0, 0, 0, 0, 0]], [[0, 0, 0, 1, 1, 0, 0, 1], [0, 0, 0, 0, 1, 1, 0, 1], [0, 0, 0, 0, 0, 0, 0, 0], [0, 0, 0, 0, 0, 1, 1, 1], [0, 0, 0, 0, 0, 0, 0, 0], [1, 0, 1, 0, 0, 0, 1, 1], [1, 1, 1, 0, 0, 0, 0, 1], [0, 0, 0, 0, 0, 0, 0, 0]]]",2.0,5,,,,True,29.378329540602863,899.5493921833113
GCzn^w,5,4,2.0,"['abBB', 'aB', 'AbbBBB', 'bbbbB']","{'abBB': [1, 2], 'aB': [3], 'AbbBBB': [4, 5, 7], 'bbbbB': [0, 6]}","[[[0, 0, 0, 0, 0, 0, 0, 0], [0, 0, 0, 0, 0, 1, 0, 0], [0, 0, 0, 0, 1, 0, 0, 0], [0, 0, 0, 0, 0, 0, 0, 1], [0, 0, 0, 0, 0, 0, 0, 0], [0, 0, 0, 0, 0, 0, 0, 0], [0, 0, 0, 0, 0, 0, 0, 0], [0, 0, 0, 0, 0, 0, 0, 0]], [[0, 0, 0, 1, 1, 0, 1, 1], [0, 0, 0, 0, 0, 0, 0, 1], [0, 0, 0, 0, 0, 1, 0, 0], [0, 0, 0, 0, 0, 0, 0, 0], [0, 1, 0, 0, 0, 1, 0, 0], [1, 0, 0, 0, 0, 0, 0, 1], [0, 1, 1, 0, 1, 1, 0, 0], [0, 0, 1, 0, 1, 0, 0, 0]]]",2.0,4,,,,True,2.857257455587387,193.93255885783583
GCzn^{,5,5,2.0,"['aBBB', 'AAbBBBB', 'bbbbBB', 'bbbBB', 'bb']","{'aBBB': [1, 2], 'AAbBBBB': [7], 'bbbbBB': [4, 5, 6], 'bbbBB': [0], 'bb': [3]}","[[[0, 0, 0, 0, 0, 0, 0, 0], [0, 0, 0, 0, 0, 0, 0, 1], [0, 0, 0, 0, 0, 0, 0, 1], [0, 0, 0, 0, 0, 0, 0, 0], [0, 0, 0, 0, 0, 0, 0, 0], [0, 0, 0, 0, 0, 0, 0, 0], [0, 0, 0, 0, 0, 0, 0, 0], [0, 0, 0, 0, 0, 0, 0, 0]], [[0, 0, 0, 0, 1, 1, 1, 0], [0, 0, 0, 0, 0, 0, 0, 0], [0, 0, 0, 0, 0, 0, 0, 0], [1, 0, 0, 0, 0, 0, 0, 1], [0, 1, 1, 0, 0, 0, 1, 1], [0, 1, 1, 0, 1, 0, 0, 1], [0, 1, 1, 0, 0, 1, 0, 1], [1, 0, 0, 0, 0, 0, 0, 0]]]",2.0,5,,,,True,22.38097914122045,350.8138558482751
GCzna{,5,4,2.0,"['aBBB', 'AAbbB', 'bbbBB', 'bbB']","{'aBBB': [0, 1], 'AAbbB': [6], 'bbbBB': [4, 5, 7], 'bbB': [2, 3]}","[[[0, 0, 0, 0, 0, 0, 1, 0], [0, 0, 0, 0, 0, 0, 1, 0], [0, 0, 0, 0, 0, 0, 0, 0], [0, 0, 0, 0, 0, 0, 0, 0], [0, 0, 0, 0, 0, 0, 0, 0], [0, 0, 0, 0, 0, 0, 0, 0], [0, 0, 0, 0, 0, 0, 0, 0], [0, 0, 0, 0, 0, 0, 0, 0]], [[0, 0, 0, 0, 0, 0, 0, 0], [0, 0, 0, 0, 0, 0, 0, 0], [0, 0, 0, 0, 1, 1, 0, 0], [1, 0, 0, 0, 0, 0, 1, 0], [1, 1, 0, 0, 0, 0, 0, 1], [1, 1, 0, 0, 1, 0, 0, 0], [0, 0, 1, 0, 0, 0, 0, 1], [0, 1, 0, 1, 0, 1, 0, 0]]]",2.0,4,,,,True,4.470412869006395,105.0380445504561
GCznb[,5,3,2.0,"['ab', 'aBBB', 'AbbbB']","{'ab': [3], 'aBBB': [0, 1, 2], 'AbbbB': [4, 5, 6, 7]}","[[[0, 0, 0, 0, 1, 0, 0, 0], [0, 0, 0, 0, 0, 1, 0, 0], [0, 0, 0, 0, 0, 0, 0, 1], [0, 0, 0, 0, 0, 0, 1, 0], [0, 0, 0, 0, 0, 0, 0, 0], [0, 0, 0, 0, 0, 0, 0, 0], [0, 0, 0, 0, 0, 0, 0, 0], [0, 0, 0, 0, 0, 0, 0, 0]], [[0, 0, 0, 0, 0, 0, 0, 0], [0, 0, 0, 0, 0, 0, 0, 0], [0, 0, 0, 0, 0, 0, 0, 0], [1, 0, 0, 0, 0, 0, 0, 0], [0, 1, 1, 0, 0, 0, 0, 1], [1, 0, 1, 0, 1, 0, 0, 0], [1, 1, 1, 0, 0, 0, 0, 0], [0, 1, 0, 0, 0, 1, 1, 0]]]",2.0,3,,,,True,0.3713607490062713,47.80788209848106
GCznbs,5,3,2.0,"['abBB', 'AbbbB', 'ABB']","{'abBB': [0, 1, 2, 5], 'AbbbB': [4, 6, 7], 'ABB': [3]}","[[[0, 0, 0, 1, 0, 0, 0, 0], [0, 0, 0, 0, 0, 0, 0, 1], [0, 0, 0, 0, 0, 0, 1, 0], [0, 0, 0, 0, 0, 0, 0, 0], [0, 0, 0, 0, 0, 0, 0, 0], [0, 0, 0, 0, 1, 0, 0, 0], [0, 0, 0, 0, 0, 0, 0, 0], [0, 0, 0, 0, 0, 0, 0, 0]], [[0, 0, 0, 0, 0, 1, 0, 0], [0, 0, 0, 0, 1, 0, 0, 0], [0, 0, 0, 0, 0, 1, 0, 0], [0, 0, 0, 0, 0, 0, 0, 0], [1, 0, 1, 0, 0, 0, 0, 1], [0, 1, 0, 0, 0, 0, 0, 0], [1, 1, 0, 1, 0, 0, 0, 0], [0, 0, 1, 1, 0, 0, 1, 0]]]",2.0,3,,,,True,0.6346945259720087,64.84028305951506
GCznbw,5,3,2.0,"['abBB', 'AbbbB', 'ABB']","{'abBB': [0, 1, 2, 6], 'AbbbB': [4, 5, 7], 'ABB': [3]}","[[[0, 0, 0, 0, 1, 0, 0, 0], [0, 0, 0, 0, 0, 0, 0, 1], [0, 0, 0, 0, 0, 1, 0, 0], [0, 0, 0, 0, 0, 0, 0, 0], [0, 0, 0, 0, 0, 0, 0, 0], [0, 0, 0, 0, 0, 0, 0, 0], [0, 0, 0, 1, 0, 0, 0, 0], [0, 0, 0, 0, 0, 0, 0, 0]], [[0, 0, 0, 1, 0, 0, 0, 0], [0, 0, 0, 0, 0, 0, 1, 0], [0, 0, 0, 0, 0, 0, 1, 0], [0, 0, 0, 0, 0, 0, 0, 0], [0, 1, 1, 0, 0, 1, 0, 0], [1, 1, 0, 0, 0, 0, 0, 1], [1, 0, 0, 0, 0, 0, 0, 0], [0, 0, 1, 1, 1, 0, 0, 0]]]",2.0,3,,,,True,0.7921356642618775,65.82614981103688
GCznb{,5,4,2.0,"['aBBB', 'AAbbbB', 'ABB', 'bbbbB']","{'aBBB': [0, 1, 2], 'AAbbbB': [7], 'ABB': [3], 'bbbbB': [4, 5, 6]}","[[[0, 0, 0, 1, 0, 0, 0, 0], [0, 0, 0, 0, 0, 0, 0, 1], [0, 0, 0, 0, 0, 0, 0, 1], [0, 0, 0, 0, 0, 0, 0, 0], [0, 0, 0, 0, 0, 0, 0, 0], [0, 0, 0, 0, 0, 0, 0, 0], [0, 0, 0, 0, 0, 0, 0, 0], [0, 0, 0, 0, 0, 0, 0, 0]], [[0, 0, 0, 0, 0, 0, 0, 0], [0, 0, 0, 0, 0, 0, 0, 0], [0, 0, 0, 0, 0, 0, 0, 0], [0, 0, 0, 0, 0, 0, 0, 0], [1, 1, 1, 0, 0, 1, 0, 0], [1, 1, 1, 0, 0, 0, 0, 1], [1, 1, 1, 1, 0, 0, 0, 0], [0, 0, 0, 1, 1, 0, 1, 0]]]",2.0,4,,,,True,2.863337897695601,189.2600259007886
GCznc{,5,3,2.0,"['aBB', 'AbbBB', 'bbbbB']","{'aBB': [1, 2, 3], 'AbbBB': [0, 4, 5], 'bbbbB': [6, 7]}","[[[0, 0, 0, 0, 0, 0, 0, 0], [0, 0, 0, 0, 1, 0, 0, 0], [0, 0, 0, 0, 0, 1, 0, 0], [1, 0, 0, 0, 0, 0, 0, 0], [0, 0, 0, 0, 0, 0, 0, 0], [0, 0, 0, 0, 0, 0, 0, 0], [0, 0, 0, 0, 0, 0, 0, 0], [0, 0, 0, 0, 0, 0, 0, 0]], [[0, 0, 0, 0, 0, 1, 0, 1], [0, 0, 0, 0, 0, 0, 0, 0], [0, 0, 0, 0, 0, 0, 0, 0], [0, 0, 0, 0, 0, 0, 0, 0], [1, 0, 1, 0, 0, 0, 0, 0], [0, 1, 0, 0, 1, 0, 0, 0], [1, 1, 1, 1, 0, 0, 0, 0], [0, 0, 0, 1, 1, 1, 1, 0]]]",2.0,3,,,,True,0.696360619738698,38.77804043143988
GCzne[,5,4,3.0,"['abBcC', 'AABC', 'AAc', 'Ab']","{'abBcC': [0, 4, 5, 6, 7], 'AABC': [1], 'AAc': [2], 'Ab': [3]}","[[[0, 0, 0, 1, 0, 0, 0, 0], [0, 0, 0, 0, 0, 0, 0, 0], [0, 0, 0, 0, 0, 0, 0, 0], [0, 0, 0, 0, 0, 0, 0, 0], [0, 1, 0, 0, 0, 0, 0, 0], [0, 0, 1, 0, 0, 0, 0, 0], [0, 0, 1, 0, 0, 0, 0, 0], [0, 1, 0, 0, 0, 0, 0, 0]], [[0, 0, 0, 0, 0, 1, 0, 0], [0, 0, 0, 0, 0, 0, 0, 0], [0, 0, 0, 0, 0, 0, 0, 0], [0, 0, 0, 0, 0, 0, 1, 0], [1, 0, 0, 0, 0, 0, 0, 0], [0, 0, 0, 0, 0, 0, 0, 1], [0, 1, 0, 0, 0, 0, 0, 0], [0, 0, 0, 0, 1, 0, 0, 0]], [[0, 0, 0, 0, 0, 0, 0, 1], [0, 0, 0, 0, 0, 0, 0, 0], [0, 0, 0, 0, 1, 0, 0, 0], [0, 0, 0, 0, 0, 0, 0, 0], [0, 0, 0, 0, 0, 1, 0, 0], [0, 1, 0, 0, 0, 0, 0, 0], [1, 0, 0, 0, 0, 0, 0, 0], [0, 0, 0, 0, 0, 0, 1, 0]]]",2.0,5,"['abBB', 'aB', 'AABBB', 'bbbBB', 'bbB']","{'abBB': [1], 'aB': [3], 'AABBB': [6], 'bbbBB': [0, 4, 5, 7], 'bbB': [2]}","[[[0, 0, 0, 0, 0, 0, 0, 0], [0, 0, 0, 0, 0, 0, 1, 0], [0, 0, 0, 0, 0, 0, 0, 0], [0, 0, 0, 0, 0, 0, 1, 0], [0, 0, 0, 0, 0, 0, 0, 0], [0, 0, 0, 0, 0, 0, 0, 0], [0, 0, 0, 0, 0, 0, 0, 0], [0, 0, 0, 0, 0, 0, 0, 0]], [[0, 0, 0, 1, 0, 0, 1, 1], [0, 0, 0, 0, 1, 0, 0, 0], [0, 0, 0, 0, 1, 0, 1, 0], [0, 0, 0, 0, 0, 0, 0, 0], [1, 0, 0, 0, 0, 1, 0, 1], [1, 1, 1, 0, 0, 0, 0, 0], [0, 0, 0, 0, 0, 0, 0, 0], [0, 1, 0, 0, 0, 1, 1, 0]]]",False,65.13372607715428,118.95647173468024
GCznes,5,4,2.0,"['aBBB', 'ABBB', 'bbbBB', 'bbB']","{'aBBB': [1], 'ABBB': [5], 'bbbBB': [0, 4, 6, 7], 'bbB': [2, 3]}","[[[0, 0, 0, 0, 0, 0, 0, 0], [0, 0, 0, 0, 0, 1, 0, 0], [0, 0, 0, 0, 0, 0, 0, 0], [0, 0, 0, 0, 0, 0, 0, 0], [0, 0, 0, 0, 0, 0, 0, 0], [0, 0, 0, 0, 0, 0, 0, 0], [0, 0, 0, 0, 0, 0, 0, 0], [0, 0, 0, 0, 0, 0, 0, 0]], [[0, 0, 0, 0, 1, 1, 0, 1], [0, 0, 0, 0, 0, 0, 0, 0], [0, 0, 0, 0, 0, 1, 1, 0], [1, 0, 0, 0, 0, 0, 1, 0], [0, 1, 1, 0, 0, 1, 0, 0], [0, 0, 0, 0, 0, 0, 0, 0], [1, 1, 0, 0, 0, 0, 0, 1], [0, 1, 0, 1, 1, 0, 0, 0]]]",2.0,4,,,,True,3.9746550377458334,103.74367593880744
GCrvrw,5,3,2.0,"['aaB', 'abbB', 'AAbBB']","{'aaB': [2], 'abbB': [0, 1, 3, 4], 'AAbBB': [5, 6, 7]}","[[[0, 0, 0, 0, 0, 1, 0, 0], [0, 0, 0, 0, 0, 0, 1, 0], [0, 0, 0, 0, 0, 0, 1, 1], [0, 0, 0, 0, 0, 1, 0, 0], [0, 0, 0, 0, 0, 0, 0, 1], [0, 0, 0, 0, 0, 0, 0, 0], [0, 0, 0, 0, 0, 0, 0, 0], [0, 0, 0, 0, 0, 0, 0, 0]], [[0, 0, 0, 0, 1, 0, 1, 0], [0, 0, 0, 0, 0, 1, 0, 1], [0, 0, 0, 0, 0, 0, 0, 0], [1, 0, 0, 0, 0, 0, 0, 1], [0, 1, 0, 0, 0, 0, 1, 0], [0, 0, 1, 0, 0, 0, 0, 0], [0, 0, 0, 1, 0, 0, 0, 0], [0, 0, 0, 0, 0, 1, 0, 0]]]",2.0,3,,,,True,6.967713558115065,93.46789602190256
GCzne{,5,4,2.0,"['aBBB', 'AbBBBB', 'bbbBB', 'bbB']","{'aBBB': [1], 'AbBBBB': [7], 'bbbBB': [0, 4, 5, 6], 'bbB': [2, 3]}","[[[0, 0, 0, 0, 0, 0, 0, 0], [0, 0, 0, 0, 0, 0, 0, 1], [0, 0, 0, 0, 0, 0, 0, 0], [0, 0, 0, 0, 0, 0, 0, 0], [0, 0, 0, 0, 0, 0, 0, 0], [0, 0, 0, 0, 0, 0, 0, 0], [0, 0, 0, 0, 0, 0, 0, 0], [0, 0, 0, 0, 0, 0, 0, 0]], [[0, 0, 0, 0, 1, 1, 1, 0], [0, 0, 0, 0, 0, 0, 0, 0], [0, 0, 0, 0, 1, 0, 1, 0], [1, 0, 0, 0, 0, 0, 0, 1], [0, 1, 0, 0, 0, 1, 0, 1], [0, 1, 1, 0, 0, 0, 0, 1], [0, 1, 0, 1, 0, 0, 0, 1], [1, 0, 0, 0, 0, 0, 0, 0]]]",2.0,4,,,,True,2.5290268659591675,242.88656044658276
GCznfS,5,4,2.0,"['abBB', 'aB', 'AbbbB', 'AbBBB']","{'abBB': [1, 2, 5], 'aB': [3], 'AbbbB': [0, 4, 6], 'AbBBB': [7]}","[[[0, 0, 0, 0, 0, 0, 0, 0], [0, 0, 0, 0, 0, 0, 0, 1], [0, 0, 0, 0, 1, 0, 0, 0], [0, 0, 0, 0, 0, 0, 1, 0], [0, 0, 0, 0, 0, 0, 0, 0], [1, 0, 0, 0, 0, 0, 0, 0], [0, 0, 0, 0, 0, 0, 0, 0], [0, 0, 0, 0, 0, 0, 0, 0]], [[0, 0, 0, 1, 0, 0, 1, 1], [0, 0, 0, 0, 0, 1, 0, 0], [0, 0, 0, 0, 0, 1, 0, 0], [0, 0, 0, 0, 0, 0, 0, 0], [1, 1, 0, 0, 0, 0, 0, 1], [0, 0, 0, 0, 1, 0, 0, 0], [0, 1, 1, 0, 0, 0, 0, 1], [0, 0, 1, 0, 0, 0, 0, 0]]]",2.0,4,,,,True,12.342004735954106,52.36073612421751
GCznfW,5,4,2.0,"['abBB', 'aB', 'AAAB', 'bbbBB']","{'abBB': [1, 2], 'aB': [3], 'AAAB': [6], 'bbbBB': [0, 4, 5, 7]}","[[[0, 0, 0, 0, 0, 0, 0, 0], [0, 0, 0, 0, 0, 0, 1, 0], [0, 0, 0, 0, 0, 0, 1, 0], [0, 0, 0, 0, 0, 0, 1, 0], [0, 0, 0, 0, 0, 0, 0, 0], [0, 0, 0, 0, 0, 0, 0, 0], [0, 0, 0, 0, 0, 0, 0, 0], [0, 0, 0, 0, 0, 0, 0, 0]], [[0, 0, 0, 1, 1, 0, 1, 0], [0, 0, 0, 0, 0, 1, 0, 0], [0, 0, 0, 0, 0, 0, 0, 1], [0, 0, 0, 0, 0, 0, 0, 0], [0, 1, 1, 0, 0, 1, 0, 0], [1, 0, 1, 0, 0, 0, 0, 1], [0, 0, 0, 0, 0, 0, 0, 0], [1, 1, 0, 0, 1, 0, 0, 0]]]",2.0,4,,,,True,14.545454891398547,49.7238159859553
GCznf[,5,4,2.0,"['abBB', 'aBBBBB', 'aB', 'AbbbB']","{'abBB': [1, 2], 'aBBBBB': [7], 'aB': [3], 'AbbbB': [0, 4, 5, 6]}","[[[0, 0, 0, 0, 0, 0, 0, 0], [0, 0, 0, 0, 1, 0, 0, 0], [0, 0, 0, 0, 0, 0, 1, 0], [1, 0, 0, 0, 0, 0, 0, 0], [0, 0, 0, 0, 0, 0, 0, 0], [0, 0, 0, 0, 0, 0, 0, 0], [0, 0, 0, 0, 0, 0, 0, 0], [0, 0, 0, 0, 0, 1, 0, 0]], [[0, 0, 0, 0, 1, 0, 1, 1], [0, 0, 0, 0, 0, 0, 0, 1], [0, 0, 0, 0, 0, 0, 0, 1], [0, 0, 0, 0, 0, 0, 0, 0], [0, 0, 1, 0, 0, 1, 0, 1], [1, 1, 1, 0, 0, 0, 0, 0], [0, 1, 0, 1, 0, 0, 0, 1], [0, 0, 0, 0, 0, 0, 0, 0]]]",2.0,4,,,,True,4.447879194281995,150.49222249072045
GCznfc,5,4,2.0,"['abBB', 'AAAB', 'bbbBB', 'bbB']","{'abBB': [1, 2, 5], 'AAAB': [4], 'bbbBB': [0, 6, 7], 'bbB': [3]}","[[[0, 0, 0, 0, 0, 0, 0, 0], [0, 0, 0, 0, 1, 0, 0, 0], [0, 0, 0, 0, 1, 0, 0, 0], [0, 0, 0, 0, 0, 0, 0, 0], [0, 0, 0, 0, 0, 0, 0, 0], [0, 0, 0, 0, 1, 0, 0, 0], [0, 0, 0, 0, 0, 0, 0, 0], [0, 0, 0, 0, 0, 0, 0, 0]], [[0, 0, 0, 0, 1, 1, 0, 1], [0, 0, 0, 0, 0, 0, 1, 0], [0, 0, 0, 0, 0, 1, 0, 0], [1, 0, 0, 0, 0, 0, 1, 0], [0, 0, 0, 0, 0, 0, 0, 0], [0, 1, 0, 0, 0, 0, 0, 0], [1, 0, 1, 0, 0, 0, 0, 1], [0, 1, 1, 1, 0, 0, 0, 0]]]",2.0,4,,,,True,7.718009917996824,61.1141813127324
GCznfs,5,4,2.0,"['abBBB', 'AAAbBB', 'bbbB', 'bbB']","{'abBBB': [0, 4, 6], 'AAAbBB': [7], 'bbbB': [1, 2, 5], 'bbB': [3]}","[[[0, 0, 0, 0, 0, 0, 0, 1], [0, 0, 0, 0, 0, 0, 0, 0], [0, 0, 0, 0, 0, 0, 0, 0], [0, 0, 0, 0, 0, 0, 0, 0], [0, 0, 0, 0, 0, 0, 0, 1], [0, 0, 0, 0, 0, 0, 0, 0], [0, 0, 0, 0, 0, 0, 0, 1], [0, 0, 0, 0, 0, 0, 0, 0]], [[0, 0, 0, 0, 0, 0, 1, 0], [0, 0, 0, 0, 1, 0, 1, 1], [0, 0, 0, 0, 1, 1, 1, 0], [1, 0, 0, 0, 0, 0, 0, 1], [1, 0, 0, 0, 0, 0, 0, 0], [1, 1, 0, 0, 1, 0, 0, 0], [0, 0, 0, 1, 0, 0, 0, 0], [0, 0, 1, 0, 0, 0, 0, 0]]]",2.0,4,,,,True,7.932446549646556,217.79338835272935
GCznfw,5,4,2.0,"['abBBB', 'AAAbBB', 'bbbB', 'bbB']","{'abBBB': [0, 4, 5], 'AAAbBB': [7], 'bbbB': [1, 2, 6], 'bbB': [3]}","[[[0, 0, 0, 0, 0, 0, 0, 1], [0, 0, 0, 0, 0, 0, 0, 0], [0, 0, 0, 0, 0, 0, 0, 0], [0, 0, 0, 0, 0, 0, 0, 0], [0, 0, 0, 0, 0, 0, 0, 1], [0, 0, 0, 0, 0, 0, 0, 1], [0, 0, 0, 0, 0, 0, 0, 0], [0, 0, 0, 0, 0, 0, 0, 0]], [[0, 0, 0, 0, 1, 0, 0, 0], [0, 0, 0, 0, 1, 1, 0, 1], [0, 0, 0, 0, 1, 1, 1, 0], [1, 0, 0, 0, 0, 0, 0, 1], [0, 0, 0, 0, 0, 1, 0, 0], [1, 0, 0, 0, 0, 0, 0, 0], [1, 1, 0, 1, 0, 0, 0, 0], [0, 0, 1, 0, 0, 0, 0, 0]]]",2.0,4,,,,True,8.787333592772484,215.45988000463691
GCznf{,5,4,2.0,"['aBBB', 'AAbbbBB', 'bbbBB', 'bbB']","{'aBBB': [1, 2], 'AAbbbBB': [7], 'bbbBB': [0, 4, 5, 6], 'bbB': [3]}","[[[0, 0, 0, 0, 0, 0, 0, 0], [0, 0, 0, 0, 0, 0, 0, 1], [0, 0, 0, 0, 0, 0, 0, 1], [0, 0, 0, 0, 0, 0, 0, 0], [0, 0, 0, 0, 0, 0, 0, 0], [0, 0, 0, 0, 0, 0, 0, 0], [0, 0, 0, 0, 0, 0, 0, 0], [0, 0, 0, 0, 0, 0, 0, 0]], [[0, 0, 0, 0, 1, 1, 1, 0], [0, 0, 0, 0, 0, 0, 0, 0], [0, 0, 0, 0, 0, 0, 0, 0], [1, 0, 0, 0, 0, 0, 1, 0], [0, 1, 1, 0, 0, 0, 0, 1], [0, 1, 1, 0, 1, 0, 0, 0], [0, 1, 1, 0, 0, 0, 0, 1], [1, 0, 0, 1, 0, 1, 0, 0]]]",2.0,4,,,,True,3.641395556740463,376.2651670081541
GCznr{,5,4,2.0,"['aBBB', 'AbbbBB', 'bbbbB', 'bbb']","{'aBBB': [0, 1, 2], 'AbbbBB': [4, 6, 7], 'bbbbB': [5], 'bbb': [3]}","[[[0, 0, 0, 0, 0, 0, 1, 0], [0, 0, 0, 0, 0, 0, 0, 1], [0, 0, 0, 0, 1, 0, 0, 0], [0, 0, 0, 0, 0, 0, 0, 0], [0, 0, 0, 0, 0, 0, 0, 0], [0, 0, 0, 0, 0, 0, 0, 0], [0, 0, 0, 0, 0, 0, 0, 0], [0, 0, 0, 0, 0, 0, 0, 0]], [[0, 0, 0, 0, 0, 0, 0, 0], [0, 0, 0, 0, 0, 0, 0, 0], [0, 0, 0, 0, 0, 0, 0, 0], [1, 0, 0, 0, 0, 0, 1, 1], [1, 1, 0, 0, 0, 1, 0, 0], [1, 1, 1, 0, 0, 0, 0, 1], [0, 1, 1, 0, 1, 0, 0, 0], [0, 0, 1, 0, 1, 0, 1, 0]]]",2.0,4,,,,True,2.177626284770668,211.81734109204265
GCznvk,5,4,2.0,"['abb', 'abBBB', 'Abbb', 'AbbBBB']","{'abb': [3], 'abBBB': [0, 4, 5], 'Abbb': [1, 2], 'AbbBBB': [6, 7]}","[[[0, 0, 0, 0, 0, 0, 0, 1], [0, 0, 0, 0, 0, 0, 0, 0], [0, 0, 0, 0, 0, 0, 0, 0], [0, 0, 0, 0, 0, 0, 1, 0], [0, 0, 1, 0, 0, 0, 0, 0], [0, 1, 0, 0, 0, 0, 0, 0], [0, 0, 0, 0, 0, 0, 0, 0], [0, 0, 0, 0, 0, 0, 0, 0]], [[0, 0, 0, 0, 1, 0, 0, 0], [0, 0, 0, 0, 1, 0, 1, 1], [0, 0, 0, 0, 0, 1, 1, 1], [1, 0, 0, 0, 0, 0, 0, 1], [0, 0, 0, 0, 0, 1, 0, 0], [1, 0, 0, 0, 0, 0, 0, 0], [1, 0, 0, 0, 1, 0, 0, 0], [0, 0, 0, 0, 0, 1, 1, 0]]]",2.0,4,,,,True,9.595734148286285,328.9417378017679
GCrvr{,5,4,2.0,"['abBB', 'AABBB', 'AbbbbB', 'bbB']","{'abBB': [0, 1, 3, 4], 'AABBB': [5], 'AbbbbB': [6, 7], 'bbB': [2]}","[[[0, 0, 0, 0, 0, 1, 0, 0], [0, 0, 0, 0, 0, 1, 0, 0], [0, 0, 0, 0, 0, 0, 0, 0], [0, 0, 0, 0, 0, 0, 1, 0], [0, 0, 0, 0, 0, 0, 0, 1], [0, 0, 0, 0, 0, 0, 0, 0], [0, 0, 0, 0, 0, 0, 0, 0], [0, 0, 0, 0, 0, 0, 0, 0]], [[0, 0, 0, 1, 0, 0, 0, 0], [0, 0, 0, 0, 1, 0, 0, 0], [0, 0, 0, 0, 0, 1, 0, 1], [0, 0, 0, 0, 0, 1, 0, 0], [1, 0, 0, 0, 0, 0, 0, 0], [0, 0, 0, 0, 0, 0, 0, 0], [1, 1, 1, 0, 1, 0, 0, 0], [0, 1, 0, 1, 0, 1, 1, 0]]]",2.0,4,,,,True,5.051124503836036,212.0637491233647
GCznvs,5,4,2.0,"['abBB', 'AbbBBB', 'bbbbB', 'bbb']","{'abBB': [1, 2, 5], 'AbbBBB': [4, 6, 7], 'bbbbB': [0], 'bbb': [3]}","[[[0, 0, 0, 0, 0, 0, 0, 0], [0, 0, 0, 0, 0, 0, 1, 0], [0, 0, 0, 0, 0, 0, 0, 1], [0, 0, 0, 0, 0, 0, 0, 0], [0, 0, 0, 0, 0, 0, 0, 0], [0, 0, 0, 0, 1, 0, 0, 0], [0, 0, 0, 0, 0, 0, 0, 0], [0, 0, 0, 0, 0, 0, 0, 0]], [[0, 0, 0, 0, 1, 1, 1, 1], [0, 0, 0, 0, 1, 0, 0, 0], [0, 0, 0, 0, 0, 1, 0, 0], [1, 0, 0, 0, 0, 0, 1, 1], [0, 0, 1, 0, 0, 0, 0, 1], [0, 1, 0, 0, 0, 0, 0, 0], [0, 0, 1, 0, 1, 0, 0, 0], [0, 1, 0, 0, 0, 0, 1, 0]]]",2.0,4,,,,True,3.81562832929194,205.4253770839423
GCznvw,5,4,2.0,"['abb', 'abBBB', 'Abbb', 'AbbBBB']","{'abb': [3], 'abBBB': [0, 5, 6], 'Abbb': [1, 2], 'AbbBBB': [4, 7]}","[[[0, 0, 0, 0, 1, 0, 0, 0], [0, 0, 0, 0, 0, 0, 0, 0], [0, 0, 0, 0, 0, 0, 0, 0], [0, 0, 0, 0, 0, 0, 0, 1], [0, 0, 0, 0, 0, 0, 0, 0], [0, 0, 1, 0, 0, 0, 0, 0], [0, 1, 0, 0, 0, 0, 0, 0], [0, 0, 0, 0, 0, 0, 0, 0]], [[0, 0, 0, 0, 0, 1, 0, 0], [0, 0, 0, 0, 1, 1, 0, 1], [0, 0, 0, 0, 1, 0, 1, 1], [1, 0, 0, 0, 0, 0, 1, 0], [0, 0, 0, 0, 0, 0, 1, 1], [0, 0, 0, 0, 1, 0, 0, 0], [1, 0, 0, 0, 0, 0, 0, 0], [1, 0, 0, 0, 0, 1, 0, 0]]]",2.0,4,,,,True,11.43331527337432,346.9778165500611
GCznv{,5,5,2.0,"['aBBB', 'AbbbBB', 'bbbbbbb', 'bbBBB', 'bBB']","{'aBBB': [1, 2], 'AbbbBB': [4, 6], 'bbbbbbb': [7], 'bbBBB': [0, 5], 'bBB': [3]}","[[[0, 0, 0, 0, 0, 0, 0, 0], [0, 0, 0, 0, 0, 0, 1, 0], [0, 0, 0, 0, 1, 0, 0, 0], [0, 0, 0, 0, 0, 0, 0, 0], [0, 0, 0, 0, 0, 0, 0, 0], [0, 0, 0, 0, 0, 0, 0, 0], [0, 0, 0, 0, 0, 0, 0, 0], [0, 0, 0, 0, 0, 0, 0, 0]], [[0, 0, 0, 1, 0, 1, 0, 0], [0, 0, 0, 0, 0, 0, 0, 0], [0, 0, 0, 0, 0, 0, 0, 0], [0, 0, 0, 0, 0, 0, 1, 0], [1, 1, 0, 0, 0, 1, 0, 0], [0, 1, 1, 0, 0, 0, 0, 0], [1, 0, 1, 0, 1, 0, 0, 0], [1, 1, 1, 1, 1, 1, 1, 0]]]",2.0,5,,,,True,20.85444302484393,949.0993492603302
GCzn~{,5,5,2.0,"['aBBB', 'AbbbBB', 'bbbbbBB', 'bbb', 'BBBBB']","{'aBBB': [1, 2], 'AbbbBB': [4, 5], 'bbbbbBB': [6, 7], 'bbb': [3], 'BBBBB': [0]}","[[[0, 0, 0, 0, 0, 0, 0, 0], [0, 0, 0, 0, 1, 0, 0, 0], [0, 0, 0, 0, 0, 1, 0, 0], [0, 0, 0, 0, 0, 0, 0, 0], [0, 0, 0, 0, 0, 0, 0, 0], [0, 0, 0, 0, 0, 0, 0, 0], [0, 0, 0, 0, 0, 0, 0, 0], [0, 0, 0, 0, 0, 0, 0, 0]], [[0, 0, 0, 0, 0, 0, 0, 0], [0, 0, 0, 0, 0, 0, 0, 0], [0, 0, 0, 0, 0, 0, 0, 0], [1, 0, 0, 0, 0, 0, 1, 1], [1, 0, 1, 0, 0, 0, 1, 0], [1, 1, 0, 0, 1, 0, 0, 0], [1, 1, 1, 0, 0, 1, 0, 1], [1, 1, 1, 0, 1, 1, 0, 0]]]",2.0,5,,,,True,22.319442932493985,1028.5605902988464
GCzrz{,5,4,2.0,"['aBBB', 'AbbbBB', 'bbbbB', 'bbb']","{'aBBB': [1, 2, 3], 'AbbbBB': [5, 6, 7], 'bbbbB': [4], 'bbb': [0]}","[[[0, 0, 0, 0, 0, 0, 0, 0], [0, 0, 0, 0, 0, 0, 1, 0], [0, 0, 0, 0, 0, 1, 0, 0], [0, 0, 0, 0, 0, 0, 0, 1], [0, 0, 0, 0, 0, 0, 0, 0], [0, 0, 0, 0, 0, 0, 0, 0], [0, 0, 0, 0, 0, 0, 0, 0], [0, 0, 0, 0, 0, 0, 0, 0]], [[0, 0, 0, 1, 1, 1, 0, 0], [0, 0, 0, 0, 0, 0, 0, 0], [0, 0, 0, 0, 0, 0, 0, 0], [0, 0, 0, 0, 0, 0, 0, 0], [0, 1, 1, 0, 0, 0, 1, 1], [0, 1, 0, 1, 0, 0, 0, 1], [0, 0, 1, 1, 0, 1, 0, 0], [0, 1, 1, 0, 0, 0, 1, 0]]]",2.0,4,,,,True,2.2131609255447984,178.46739281807095
GCzr~s,5,4,2.0,"['aBBB', 'AbbBBB', 'AbbB', 'bbbbb']","{'aBBB': [0, 1, 2], 'AbbBBB': [6, 7], 'AbbB': [3], 'bbbbb': [4, 5]}","[[[0, 0, 0, 1, 0, 0, 0, 0], [0, 0, 0, 0, 0, 0, 1, 0], [0, 0, 0, 0, 0, 0, 0, 1], [0, 0, 0, 0, 0, 0, 0, 0], [0, 0, 0, 0, 0, 0, 0, 0], [0, 0, 0, 0, 0, 0, 0, 0], [0, 0, 0, 0, 0, 0, 0, 0], [0, 0, 0, 0, 0, 0, 0, 0]], [[0, 0, 0, 0, 0, 0, 0, 0], [0, 0, 0, 0, 0, 0, 0, 0], [0, 0, 0, 0, 0, 0, 0, 0], [0, 0, 0, 0, 0, 0, 1, 1], [1, 1, 1, 0, 0, 0, 1, 1], [1, 1, 1, 1, 0, 0, 1, 0], [0, 0, 1, 0, 0, 0, 0, 1], [1, 1, 0, 0, 0, 0, 0, 0]]]",2.0,4,,,,True,5.049139839597046,126.3520268406719
GCzr~w,5,4,2.0,"['aBBB', 'AbbbBB', 'AbbB', 'bbbbB']","{'aBBB': [0, 1, 2], 'AbbbBB': [5, 7], 'AbbB': [3], 'bbbbB': [4, 6]}","[[[0, 0, 0, 1, 0, 0, 0, 0], [0, 0, 0, 0, 0, 0, 0, 1], [0, 0, 0, 0, 0, 1, 0, 0], [0, 0, 0, 0, 0, 0, 0, 0], [0, 0, 0, 0, 0, 0, 0, 0], [0, 0, 0, 0, 0, 0, 0, 0], [0, 0, 0, 0, 0, 0, 0, 0], [0, 0, 0, 0, 0, 0, 0, 0]], [[0, 0, 0, 0, 0, 0, 0, 0], [0, 0, 0, 0, 0, 0, 0, 0], [0, 0, 0, 0, 0, 0, 0, 0], [0, 0, 0, 0, 0, 0, 1, 1], [1, 1, 1, 0, 0, 0, 0, 1], [1, 1, 0, 1, 0, 0, 0, 0], [0, 1, 1, 0, 1, 1, 0, 0], [1, 0, 1, 0, 0, 1, 0, 0]]]",2.0,4,,,,True,6.415209953673184,136.27242123521864
GCzr~{,5,4,2.0,"['abBB', 'AbbbbB', 'AbbbB', 'AbBBBBB']","{'abBB': [0, 1, 2, 3], 'AbbbbB': [5, 6], 'AbbbB': [4], 'AbBBBBB': [7]}","[[[0, 0, 0, 0, 1, 0, 0, 0], [0, 0, 0, 0, 0, 1, 0, 0], [0, 0, 0, 0, 0, 0, 1, 0], [0, 0, 0, 0, 0, 0, 0, 1], [0, 0, 0, 0, 0, 0, 0, 0], [0, 0, 0, 0, 0, 0, 0, 0], [0, 0, 0, 0, 0, 0, 0, 0], [0, 0, 0, 0, 0, 0, 0, 0]], [[0, 0, 0, 0, 0, 0, 0, 1], [0, 0, 0, 0, 0, 0, 0, 1], [0, 0, 0, 0, 0, 0, 0, 1], [1, 0, 0, 0, 0, 0, 0, 0], [0, 1, 1, 0, 0, 0, 0, 1], [1, 0, 1, 1, 0, 0, 1, 0], [0, 1, 0, 1, 1, 0, 0, 1], [0, 0, 0, 0, 0, 1, 0, 0]]]",2.0,4,,,,True,6.067239084281027,313.6784129170701
GCzva{,5,3,2.0,"['abBB', 'AbbbB', 'ABB']","{'abBB': [0, 1, 3, 4], 'AbbbB': [5, 6, 7], 'ABB': [2]}","[[[0, 0, 0, 0, 0, 0, 1, 0], [0, 0, 0, 0, 0, 0, 0, 1], [0, 0, 0, 0, 0, 0, 0, 0], [0, 0, 0, 0, 0, 1, 0, 0], [0, 0, 1, 0, 0, 0, 0, 0], [0, 0, 0, 0, 0, 0, 0, 0], [0, 0, 0, 0, 0, 0, 0, 0], [0, 0, 0, 0, 0, 0, 0, 0]], [[0, 0, 0, 0, 1, 0, 0, 0], [0, 0, 0, 0, 0, 0, 1, 0], [0, 0, 0, 0, 0, 0, 0, 0], [1, 0, 0, 0, 0, 0, 0, 0], [0, 1, 0, 0, 0, 0, 0, 0], [1, 1, 1, 0, 0, 0, 0, 0], [0, 0, 1, 1, 0, 0, 0, 1], [0, 0, 0, 1, 1, 1, 0, 0]]]",2.0,3,,,,True,0.5413541421294212,77.5069688577205
GCzvb[,5,3,2.0,"['abBB', 'AbbbB', 'ABB']","{'abBB': [0, 1, 2, 4], 'AbbbB': [5, 6, 7], 'ABB': [3]}","[[[0, 0, 0, 1, 0, 0, 0, 0], [0, 0, 0, 0, 0, 0, 1, 0], [0, 0, 0, 0, 0, 1, 0, 0], [0, 0, 0, 0, 0, 0, 0, 0], [0, 0, 0, 0, 0, 0, 0, 1], [0, 0, 0, 0, 0, 0, 0, 0], [0, 0, 0, 0, 0, 0, 0, 0], [0, 0, 0, 0, 0, 0, 0, 0]], [[0, 0, 0, 0, 0, 1, 0, 0], [0, 0, 0, 0, 1, 0, 0, 0], [0, 0, 0, 0, 1, 0, 0, 0], [0, 0, 0, 0, 0, 0, 0, 0], [1, 0, 0, 0, 0, 0, 0, 0], [0, 1, 0, 1, 0, 0, 0, 1], [1, 0, 1, 1, 0, 0, 0, 0], [0, 1, 1, 0, 0, 0, 1, 0]]]",2.0,3,,,,True,1.7112774094566705,81.45458524115384
GCrvvs,5,4,2.0,"['abBB', 'AABBB', 'AbbbbB', 'bbB']","{'abBB': [1, 3, 4, 5], 'AABBB': [0], 'AbbbbB': [6, 7], 'bbB': [2]}","[[[0, 0, 0, 0, 0, 0, 0, 0], [0, 0, 0, 0, 0, 0, 0, 1], [0, 0, 0, 0, 0, 0, 0, 0], [1, 0, 0, 0, 0, 0, 0, 0], [0, 0, 0, 0, 0, 0, 1, 0], [1, 0, 0, 0, 0, 0, 0, 0], [0, 0, 0, 0, 0, 0, 0, 0], [0, 0, 0, 0, 0, 0, 0, 0]], [[0, 0, 0, 0, 0, 0, 0, 0], [0, 0, 0, 0, 1, 0, 0, 0], [0, 0, 0, 0, 0, 1, 1, 0], [0, 0, 0, 0, 0, 1, 0, 0], [1, 0, 0, 0, 0, 0, 0, 0], [0, 1, 0, 0, 0, 0, 0, 0], [1, 1, 0, 1, 0, 0, 0, 1], [1, 0, 1, 1, 1, 0, 0, 0]]]",2.0,4,,,,True,4.855678548105061,195.71104539651424
GCzvbk,5,3,2.0,"['abBB', 'AbbbB', 'ABB']","{'abBB': [0, 1, 2, 3], 'AbbbB': [5, 6, 7], 'ABB': [4]}","[[[0, 0, 0, 0, 0, 1, 0, 0], [0, 0, 0, 0, 1, 0, 0, 0], [0, 0, 0, 0, 0, 0, 0, 1], [0, 0, 0, 0, 0, 0, 1, 0], [0, 0, 0, 0, 0, 0, 0, 0], [0, 0, 0, 0, 0, 0, 0, 0], [0, 0, 0, 0, 0, 0, 0, 0], [0, 0, 0, 0, 0, 0, 0, 0]], [[0, 0, 0, 0, 1, 0, 0, 0], [0, 0, 0, 0, 0, 0, 0, 1], [0, 0, 0, 0, 1, 0, 0, 0], [1, 0, 0, 0, 0, 0, 0, 0], [0, 0, 0, 0, 0, 0, 0, 0], [0, 1, 1, 1, 0, 0, 0, 0], [1, 1, 1, 0, 0, 0, 0, 0], [0, 0, 0, 1, 0, 1, 1, 0]]]",2.0,3,,,,True,1.2265563225373626,67.77109459973872
GCzvbo,5,3,2.0,"['aBBB', 'AAAb', 'bbbB']","{'aBBB': [0, 1, 2], 'AAAb': [4], 'bbbB': [3, 5, 6, 7]}","[[[0, 0, 0, 0, 1, 0, 0, 0], [0, 0, 0, 0, 1, 0, 0, 0], [0, 0, 0, 0, 1, 0, 0, 0], [0, 0, 0, 0, 0, 0, 0, 0], [0, 0, 0, 0, 0, 0, 0, 0], [0, 0, 0, 0, 0, 0, 0, 0], [0, 0, 0, 0, 0, 0, 0, 0], [0, 0, 0, 0, 0, 0, 0, 0]], [[0, 0, 0, 0, 0, 0, 0, 0], [0, 0, 0, 0, 0, 0, 0, 0], [0, 0, 0, 0, 0, 0, 0, 0], [1, 0, 0, 0, 0, 1, 1, 0], [0, 0, 0, 0, 0, 0, 0, 1], [1, 1, 1, 0, 0, 0, 0, 0], [1, 1, 1, 0, 0, 0, 0, 0], [0, 1, 1, 1, 0, 0, 0, 0]]]",2.0,3,,,,True,2.4902585176751018,0.4061355972662568
GCzvb{,5,3,2.0,"['aBBBB', 'AAbBBB', 'bbbB']","{'aBBBB': [5, 6], 'AAbBBB': [7], 'bbbB': [0, 1, 2, 3, 4]}","[[[0, 0, 0, 0, 0, 0, 0, 0], [0, 0, 0, 0, 0, 0, 0, 0], [0, 0, 0, 0, 0, 0, 0, 0], [0, 0, 0, 0, 0, 0, 0, 0], [0, 0, 0, 0, 0, 0, 0, 0], [0, 0, 0, 0, 0, 0, 0, 1], [0, 0, 0, 0, 0, 0, 0, 1], [0, 0, 0, 0, 0, 0, 0, 0]], [[0, 0, 0, 1, 0, 1, 1, 0], [0, 0, 0, 0, 0, 1, 1, 1], [0, 0, 0, 0, 1, 1, 1, 0], [0, 0, 0, 0, 0, 1, 1, 1], [1, 1, 0, 0, 0, 0, 0, 1], [0, 0, 0, 0, 0, 0, 0, 0], [0, 0, 0, 0, 0, 0, 0, 0], [0, 0, 1, 0, 0, 0, 0, 0]]]",2.0,3,,,,True,0.548966471105814,62.67797128017992
GCzvc{,5,4,2.0,"['aBBB', 'AAbbB', 'bbbBB', 'bbB']","{'aBBB': [3, 4], 'AAbbB': [0], 'bbbBB': [5, 6, 7], 'bbB': [1, 2]}","[[[0, 0, 0, 0, 0, 0, 0, 0], [0, 0, 0, 0, 0, 0, 0, 0], [0, 0, 0, 0, 0, 0, 0, 0], [1, 0, 0, 0, 0, 0, 0, 0], [1, 0, 0, 0, 0, 0, 0, 0], [0, 0, 0, 0, 0, 0, 0, 0], [0, 0, 0, 0, 0, 0, 0, 0], [0, 0, 0, 0, 0, 0, 0, 0]], [[0, 0, 0, 0, 0, 1, 1, 0], [0, 0, 0, 0, 1, 0, 1, 0], [0, 0, 0, 0, 1, 1, 0, 0], [0, 0, 0, 0, 0, 0, 0, 0], [0, 0, 0, 0, 0, 0, 0, 0], [0, 1, 0, 1, 0, 0, 0, 1], [0, 0, 1, 1, 0, 0, 0, 1], [1, 0, 0, 1, 1, 0, 0, 0]]]",2.0,4,,,,True,5.501630895771086,107.53355791606008
GCzve[,5,4,2.0,"['aBBB', 'ABBB', 'bbbBB', 'bbB']","{'aBBB': [1], 'ABBB': [4], 'bbbBB': [0, 5, 6, 7], 'bbB': [2, 3]}","[[[0, 0, 0, 0, 0, 0, 0, 0], [0, 0, 0, 0, 1, 0, 0, 0], [0, 0, 0, 0, 0, 0, 0, 0], [0, 0, 0, 0, 0, 0, 0, 0], [0, 0, 0, 0, 0, 0, 0, 0], [0, 0, 0, 0, 0, 0, 0, 0], [0, 0, 0, 0, 0, 0, 0, 0], [0, 0, 0, 0, 0, 0, 0, 0]], [[0, 0, 0, 0, 1, 1, 0, 1], [0, 0, 0, 0, 0, 0, 0, 0], [0, 0, 0, 0, 1, 0, 1, 0], [1, 0, 0, 0, 0, 0, 1, 0], [0, 0, 0, 0, 0, 0, 0, 0], [0, 1, 1, 1, 0, 0, 0, 0], [1, 1, 0, 0, 0, 0, 0, 1], [0, 1, 0, 0, 1, 1, 0, 0]]]",2.0,4,,,,True,3.744658268988133,119.49832216091454
GCzvek,5,4,2.0,"['aBBB', 'AAbbB', 'bbbBB', 'bbB']","{'aBBB': [1, 3], 'AAbbB': [5], 'bbbBB': [0, 6, 7], 'bbB': [2, 4]}","[[[0, 0, 0, 0, 0, 0, 0, 0], [0, 0, 0, 0, 0, 1, 0, 0], [0, 0, 0, 0, 0, 0, 0, 0], [0, 0, 0, 0, 0, 1, 0, 0], [0, 0, 0, 0, 0, 0, 0, 0], [0, 0, 0, 0, 0, 0, 0, 0], [0, 0, 0, 0, 0, 0, 0, 0], [0, 0, 0, 0, 0, 0, 0, 0]], [[0, 0, 0, 1, 0, 0, 1, 1], [0, 0, 0, 0, 0, 0, 0, 0], [0, 0, 0, 0, 1, 1, 0, 0], [0, 0, 0, 0, 0, 0, 0, 0], [1, 1, 0, 0, 0, 0, 0, 0], [1, 0, 0, 0, 0, 0, 0, 1], [0, 1, 1, 1, 0, 0, 0, 0], [0, 1, 0, 1, 0, 0, 1, 0]]]",2.0,4,,,,True,5.562451585195959,105.39377323072404
GCzve{,5,4,2.0,"['abBB', 'AAAbBB', 'bbbBB', 'bbB']","{'abBB': [1, 3, 4], 'AAAbBB': [7], 'bbbBB': [0, 5, 6], 'bbB': [2]}","[[[0, 0, 0, 0, 0, 0, 0, 0], [0, 0, 0, 0, 0, 0, 0, 1], [0, 0, 0, 0, 0, 0, 0, 0], [0, 0, 0, 0, 0, 0, 0, 1], [0, 0, 0, 0, 0, 0, 0, 1], [0, 0, 0, 0, 0, 0, 0, 0], [0, 0, 0, 0, 0, 0, 0, 0], [0, 0, 0, 0, 0, 0, 0, 0]], [[0, 0, 0, 1, 1, 0, 0, 1], [0, 0, 0, 0, 1, 0, 0, 0], [0, 0, 0, 0, 0, 1, 1, 0], [0, 0, 0, 0, 0, 0, 1, 0], [0, 0, 1, 0, 0, 0, 0, 0], [1, 1, 0, 1, 0, 0, 0, 0], [1, 1, 0, 0, 0, 0, 0, 1], [0, 0, 0, 0, 0, 1, 0, 0]]]",2.0,4,,,,True,5.661637858487666,266.9168424578384
GCzvfK,5,4,2.0,"['aBBB', 'AAb', 'bbbBB', 'bbB']","{'aBBB': [1, 2], 'AAb': [4], 'bbbBB': [0, 5, 6, 7], 'bbB': [3]}","[[[0, 0, 0, 0, 0, 0, 0, 0], [0, 0, 0, 0, 1, 0, 0, 0], [0, 0, 0, 0, 1, 0, 0, 0], [0, 0, 0, 0, 0, 0, 0, 0], [0, 0, 0, 0, 0, 0, 0, 0], [0, 0, 0, 0, 0, 0, 0, 0], [0, 0, 0, 0, 0, 0, 0, 0], [0, 0, 0, 0, 0, 0, 0, 0]], [[0, 0, 0, 0, 0, 1, 1, 1], [0, 0, 0, 0, 0, 0, 0, 0], [0, 0, 0, 0, 0, 0, 0, 0], [1, 0, 0, 0, 0, 0, 1, 0], [1, 0, 0, 0, 0, 0, 0, 0], [0, 1, 1, 1, 0, 0, 0, 0], [0, 1, 1, 0, 0, 0, 0, 1], [0, 1, 1, 0, 0, 1, 0, 0]]]",2.0,4,,,,True,6.976106087677181,126.4899609349668
GCzvfW,5,3,2.0,"['abBB', 'AbbbB', 'ABB']","{'abBB': [1, 2, 4, 6], 'AbbbB': [0, 5, 7], 'ABB': [3]}","[[[0, 0, 0, 0, 0, 0, 0, 0], [0, 0, 0, 0, 0, 0, 0, 1], [0, 0, 0, 0, 0, 1, 0, 0], [0, 0, 0, 0, 0, 0, 0, 0], [1, 0, 0, 0, 0, 0, 0, 0], [0, 0, 0, 0, 0, 0, 0, 0], [0, 0, 0, 1, 0, 0, 0, 0], [0, 0, 0, 0, 0, 0, 0, 0]], [[0, 0, 0, 1, 0, 0, 1, 1], [0, 0, 0, 0, 1, 0, 0, 0], [0, 0, 0, 0, 0, 0, 1, 0], [0, 0, 0, 0, 0, 0, 0, 0], [0, 0, 1, 0, 0, 0, 0, 0], [1, 1, 0, 1, 0, 0, 0, 0], [0, 1, 0, 0, 0, 0, 0, 0], [0, 0, 1, 0, 1, 1, 0, 0]]]",2.0,3,,,,True,0.8626342713832855,83.89987536892295
GCzvf[,5,4,2.0,"['abBB', 'AAAbBB', 'bbbBB', 'bbB']","{'abBB': [1, 2, 4], 'AAAbBB': [7], 'bbbBB': [0, 5, 6], 'bbB': [3]}","[[[0, 0, 0, 0, 0, 0, 0, 0], [0, 0, 0, 0, 0, 0, 0, 1], [0, 0, 0, 0, 0, 0, 0, 1], [0, 0, 0, 0, 0, 0, 0, 0], [0, 0, 0, 0, 0, 0, 0, 1], [0, 0, 0, 0, 0, 0, 0, 0], [0, 0, 0, 0, 0, 0, 0, 0], [0, 0, 0, 0, 0, 0, 0, 0]], [[0, 0, 0, 0, 1, 0, 1, 1], [0, 0, 0, 0, 1, 0, 0, 0], [0, 0, 0, 0, 0, 1, 0, 0], [1, 0, 0, 0, 0, 1, 0, 0], [0, 0, 1, 0, 0, 0, 0, 0], [1, 1, 0, 0, 0, 0, 0, 1], [0, 1, 1, 1, 0, 0, 0, 0], [0, 0, 0, 0, 0, 0, 1, 0]]]",2.0,4,,,,True,3.2184797758236527,227.35410138685256
GCrvvw,5,4,2.0,"['abBB', 'AAAbBB', 'bbbBB', 'bbB']","{'abBB': [1, 3, 4], 'AAAbBB': [7], 'bbbBB': [0, 5, 6], 'bbB': [2]}","[[[0, 0, 0, 0, 0, 0, 0, 0], [0, 0, 0, 0, 0, 0, 0, 1], [0, 0, 0, 0, 0, 0, 0, 0], [0, 0, 0, 0, 0, 0, 0, 1], [0, 0, 0, 0, 0, 0, 0, 1], [0, 0, 0, 0, 0, 0, 0, 0], [0, 0, 0, 0, 0, 0, 0, 0], [0, 0, 0, 0, 0, 0, 0, 0]], [[0, 0, 0, 1, 0, 1, 1, 0], [0, 0, 0, 0, 1, 0, 0, 0], [0, 0, 0, 0, 0, 1, 0, 1], [0, 0, 0, 0, 0, 0, 1, 0], [1, 0, 0, 0, 0, 0, 0, 0], [0, 1, 0, 1, 0, 0, 0, 1], [0, 1, 1, 0, 1, 0, 0, 0], [1, 0, 0, 0, 0, 0, 0, 0]]]",2.0,4,,,,True,8.73888561502099,324.76383837498724
GCzvfg,5,3,2.0,"['abBB', 'AbbbB', 'ABB']","{'abBB': [1, 2, 3, 6], 'AbbbB': [0, 5, 7], 'ABB': [4]}","[[[0, 0, 0, 0, 0, 0, 0, 0], [0, 0, 0, 0, 0, 1, 0, 0], [0, 0, 0, 0, 1, 0, 0, 0], [0, 0, 0, 0, 0, 0, 0, 1], [0, 0, 0, 0, 0, 0, 0, 0], [0, 0, 0, 0, 0, 0, 0, 0], [1, 0, 0, 0, 0, 0, 0, 0], [0, 0, 0, 0, 0, 0, 0, 0]], [[0, 0, 0, 1, 1, 0, 0, 1], [0, 0, 0, 0, 1, 0, 0, 0], [0, 0, 0, 0, 0, 0, 1, 0], [0, 0, 0, 0, 0, 0, 1, 0], [0, 0, 0, 0, 0, 0, 0, 0], [1, 0, 1, 1, 0, 0, 0, 0], [0, 1, 0, 0, 0, 0, 0, 0], [0, 1, 1, 0, 0, 1, 0, 0]]]",2.0,3,,,,True,1.1045581577345729,74.18588905129582
GCzvfk,5,4,2.0,"['aBBB', 'AAB', 'AbbbBB', 'bbbbB']","{'aBBB': [1, 2, 3], 'AAB': [4], 'AbbbBB': [7], 'bbbbB': [0, 5, 6]}","[[[0, 0, 0, 0, 0, 0, 0, 0], [0, 0, 0, 0, 1, 0, 0, 0], [0, 0, 0, 0, 1, 0, 0, 0], [0, 0, 0, 0, 0, 0, 0, 1], [0, 0, 0, 0, 0, 0, 0, 0], [0, 0, 0, 0, 0, 0, 0, 0], [0, 0, 0, 0, 0, 0, 0, 0], [0, 0, 0, 0, 0, 0, 0, 0]], [[0, 0, 0, 1, 1, 1, 0, 1], [0, 0, 0, 0, 0, 0, 0, 0], [0, 0, 0, 0, 0, 0, 0, 0], [0, 0, 0, 0, 0, 0, 0, 0], [0, 0, 0, 0, 0, 0, 0, 0], [0, 1, 1, 1, 0, 0, 0, 1], [1, 1, 1, 1, 0, 0, 0, 0], [0, 1, 1, 0, 0, 0, 1, 0]]]",2.0,4,,,,True,3.201444170437753,224.11692589335144
GCzvfo,5,3,2.0,"['aBBB', 'AbbB', 'bbbbB']","{'aBBB': [4, 5, 6], 'AbbB': [1, 2, 3], 'bbbbB': [0, 7]}","[[[0, 0, 0, 0, 0, 0, 0, 0], [0, 0, 0, 0, 0, 0, 0, 0], [0, 0, 0, 0, 0, 0, 0, 0], [0, 0, 0, 0, 0, 0, 0, 0], [0, 0, 1, 0, 0, 0, 0, 0], [0, 0, 0, 1, 0, 0, 0, 0], [0, 1, 0, 0, 0, 0, 0, 0], [0, 0, 0, 0, 0, 0, 0, 0]], [[0, 0, 0, 1, 1, 1, 1, 0], [0, 0, 0, 0, 1, 1, 0, 0], [0, 0, 0, 0, 0, 1, 1, 0], [0, 0, 0, 0, 0, 0, 1, 1], [0, 0, 0, 0, 0, 0, 0, 0], [0, 0, 0, 0, 0, 0, 0, 0], [0, 0, 0, 0, 0, 0, 0, 0], [1, 1, 1, 0, 1, 0, 0, 0]]]",2.0,3,,,,True,1.665817143395543,11.939197532832624
GCzvfw,5,3,2.0,"['abBB', 'AAbbB', 'AbbbbB']","{'abBB': [1, 2, 3, 4, 6], 'AAbbB': [0, 5], 'AbbbbB': [7]}","[[[0, 0, 0, 0, 0, 0, 0, 0], [0, 0, 0, 0, 0, 0, 0, 1], [0, 0, 0, 0, 0, 1, 0, 0], [0, 0, 0, 0, 0, 1, 0, 0], [1, 0, 0, 0, 0, 0, 0, 0], [0, 0, 0, 0, 0, 0, 0, 0], [1, 0, 0, 0, 0, 0, 0, 0], [0, 0, 0, 0, 0, 0, 0, 0]], [[0, 0, 0, 1, 0, 1, 0, 0], [0, 0, 0, 0, 1, 0, 0, 0], [0, 0, 0, 0, 0, 0, 1, 0], [0, 0, 0, 0, 0, 0, 1, 0], [0, 0, 1, 0, 0, 0, 0, 0], [0, 1, 0, 0, 0, 0, 0, 1], [0, 1, 0, 0, 0, 0, 0, 0], [1, 0, 1, 1, 1, 0, 0, 0]]]",2.0,3,,,,True,0.5356267625465989,71.71285919938236
GCzvf{,5,3,2.0,"['abBB', 'AbbbB', 'AbbBBBB']","{'abBB': [1, 2, 3, 4], 'AbbbB': [0, 5, 6], 'AbbBBBB': [7]}","[[[0, 0, 0, 0, 0, 0, 0, 0], [0, 0, 0, 0, 0, 0, 0, 1], [0, 0, 0, 0, 0, 1, 0, 0], [0, 0, 0, 0, 0, 0, 1, 0], [1, 0, 0, 0, 0, 0, 0, 0], [0, 0, 0, 0, 0, 0, 0, 0], [0, 0, 0, 0, 0, 0, 0, 0], [0, 0, 0, 0, 0, 0, 0, 0]], [[0, 0, 0, 1, 0, 0, 1, 1], [0, 0, 0, 0, 1, 0, 0, 0], [0, 0, 0, 0, 1, 0, 0, 0], [0, 0, 0, 0, 0, 1, 0, 0], [0, 0, 0, 0, 0, 0, 0, 1], [1, 1, 0, 0, 0, 0, 0, 1], [0, 1, 1, 0, 0, 0, 0, 1], [0, 0, 1, 1, 0, 0, 0, 0]]]",2.0,3,,,,True,0.6106150755658746,162.61698436923325
GCzvj{,5,3,2.0,"['abBB', 'AAbbBB', 'Abbbbb']","{'abBB': [0, 1, 2, 3, 4], 'AAbbBB': [5, 6], 'Abbbbb': [7]}","[[[0, 0, 0, 0, 0, 0, 1, 0], [0, 0, 0, 0, 0, 1, 0, 0], [0, 0, 0, 0, 0, 0, 1, 0], [0, 0, 0, 0, 0, 1, 0, 0], [0, 0, 0, 0, 0, 0, 0, 1], [0, 0, 0, 0, 0, 0, 0, 0], [0, 0, 0, 0, 0, 0, 0, 0], [0, 0, 0, 0, 0, 0, 0, 0]], [[0, 0, 0, 0, 0, 1, 0, 0], [0, 0, 0, 0, 1, 0, 0, 0], [0, 0, 0, 0, 1, 0, 0, 0], [1, 0, 0, 0, 0, 0, 0, 0], [1, 0, 0, 0, 0, 0, 0, 0], [0, 0, 1, 0, 0, 0, 1, 0], [0, 1, 0, 1, 0, 0, 0, 0], [0, 1, 1, 1, 0, 1, 1, 0]]]",2.0,3,,,,True,2.732845813035965,33.173510605469346
GCzvnk,5,4,2.0,"['aBBB', 'AbbbBB', 'bbbbB', 'bbb']","{'aBBB': [1, 2, 3], 'AbbbBB': [5, 6, 7], 'bbbbB': [0], 'bbb': [4]}","[[[0, 0, 0, 0, 0, 0, 0, 0], [0, 0, 0, 0, 0, 0, 0, 1], [0, 0, 0, 0, 0, 1, 0, 0], [0, 0, 0, 0, 0, 0, 1, 0], [0, 0, 0, 0, 0, 0, 0, 0], [0, 0, 0, 0, 0, 0, 0, 0], [0, 0, 0, 0, 0, 0, 0, 0], [0, 0, 0, 0, 0, 0, 0, 0]], [[0, 0, 0, 1, 0, 1, 1, 1], [0, 0, 0, 0, 0, 0, 0, 0], [0, 0, 0, 0, 0, 0, 0, 0], [0, 0, 0, 0, 0, 0, 0, 0], [1, 1, 1, 0, 0, 0, 0, 0], [0, 1, 0, 1, 0, 0, 1, 0], [0, 1, 1, 0, 0, 0, 0, 1], [0, 0, 1, 1, 0, 1, 0, 0]]]",2.0,4,,,,True,2.655267563648522,173.63732100930065
GCzvnw,5,4,2.0,"['aBBB', 'AbbbBB', 'AbbB', 'bbbbB']","{'aBBB': [1, 2, 3], 'AbbbBB': [5, 7], 'AbbB': [4], 'bbbbB': [0, 6]}","[[[0, 0, 0, 0, 0, 0, 0, 0], [0, 0, 0, 0, 1, 0, 0, 0], [0, 0, 0, 0, 0, 0, 0, 1], [0, 0, 0, 0, 0, 1, 0, 0], [0, 0, 0, 0, 0, 0, 0, 0], [0, 0, 0, 0, 0, 0, 0, 0], [0, 0, 0, 0, 0, 0, 0, 0], [0, 0, 0, 0, 0, 0, 0, 0]], [[0, 0, 0, 1, 0, 1, 1, 1], [0, 0, 0, 0, 0, 0, 0, 0], [0, 0, 0, 0, 0, 0, 0, 0], [0, 0, 0, 0, 0, 0, 0, 0], [1, 0, 1, 0, 0, 0, 0, 0], [0, 1, 1, 0, 0, 0, 0, 1], [0, 1, 1, 1, 0, 1, 0, 0], [0, 1, 0, 1, 1, 0, 0, 0]]]",2.0,4,,,,True,6.657044417224824,139.73674353398383
GCzvn{,5,4,2.0,"['abBB', 'AbbbbB', 'AbbbB', 'AbBBBBB']","{'abBB': [1, 2, 3, 4], 'AbbbbB': [5, 6], 'AbbbB': [0], 'AbBBBBB': [7]}","[[[0, 0, 0, 0, 0, 0, 0, 0], [0, 0, 0, 0, 0, 0, 0, 1], [0, 0, 0, 0, 0, 1, 0, 0], [0, 0, 0, 0, 0, 0, 1, 0], [1, 0, 0, 0, 0, 0, 0, 0], [0, 0, 0, 0, 0, 0, 0, 0], [0, 0, 0, 0, 0, 0, 0, 0], [0, 0, 0, 0, 0, 0, 0, 0]], [[0, 0, 0, 1, 0, 0, 1, 1], [0, 0, 0, 0, 1, 0, 0, 0], [0, 0, 0, 0, 0, 0, 0, 1], [0, 0, 0, 0, 0, 0, 0, 1], [0, 0, 1, 0, 0, 0, 0, 0], [1, 1, 0, 1, 0, 0, 0, 1], [0, 1, 1, 0, 0, 1, 0, 1], [0, 0, 0, 0, 1, 0, 0, 0]]]",2.0,4,,,,True,4.532723266631365,296.41186630446464
GCzvrw,5,3,2.0,"['abBB', 'AbbbB', 'AbBBB']","{'abBB': [0, 1, 2, 3], 'AbbbB': [5, 6, 7], 'AbBBB': [4]}","[[[0, 0, 0, 0, 1, 0, 0, 0], [0, 0, 0, 0, 0, 0, 1, 0], [0, 0, 0, 0, 0, 0, 0, 1], [0, 0, 0, 0, 0, 1, 0, 0], [0, 0, 0, 0, 0, 0, 0, 0], [0, 0, 0, 0, 0, 0, 0, 0], [0, 0, 0, 0, 0, 0, 0, 0], [0, 0, 0, 0, 0, 0, 0, 0]], [[0, 0, 0, 0, 0, 0, 1, 0], [0, 0, 0, 0, 1, 0, 0, 0], [0, 0, 0, 0, 0, 1, 0, 0], [1, 0, 0, 0, 0, 0, 0, 0], [0, 0, 1, 0, 0, 0, 0, 0], [1, 1, 0, 0, 0, 0, 0, 1], [0, 0, 1, 1, 1, 0, 0, 0], [0, 1, 0, 1, 1, 0, 0, 0]]]",2.0,3,,,,True,2.51667183637619,35.96957252267748
GCrvv{,5,5,2.0,"['abBB', 'AABBBBB', 'AbbBBB', 'bbbbB', 'bbb']","{'abBB': [1, 3, 4], 'AABBBBB': [7], 'AbbBBB': [6], 'bbbbB': [0, 5], 'bbb': [2]}","[[[0, 0, 0, 0, 0, 0, 0, 0], [0, 0, 0, 0, 0, 0, 0, 1], [0, 0, 0, 0, 0, 0, 0, 0], [0, 0, 0, 0, 0, 0, 1, 0], [0, 0, 0, 0, 0, 0, 0, 1], [0, 0, 0, 0, 0, 0, 0, 0], [0, 0, 0, 0, 0, 0, 0, 0], [0, 0, 0, 0, 0, 0, 0, 0]], [[0, 0, 0, 1, 1, 0, 1, 1], [0, 0, 0, 0, 1, 0, 0, 0], [0, 0, 0, 0, 0, 1, 1, 1], [0, 0, 0, 0, 0, 0, 0, 1], [0, 0, 0, 0, 0, 0, 1, 0], [1, 1, 0, 1, 0, 0, 0, 1], [0, 1, 0, 0, 0, 0, 0, 1], [0, 0, 0, 0, 0, 0, 0, 0]]]",2.0,5,,,,True,75.21467041224241,804.7561348369345
GCzvvs,5,4,2.0,"['aBBB', 'AbbbBB', 'AbbB', 'bbbbB']","{'aBBB': [1, 2, 3], 'AbbbBB': [6, 7], 'AbbB': [5], 'bbbbB': [0, 4]}","[[[0, 0, 0, 0, 0, 0, 0, 0], [0, 0, 0, 0, 0, 0, 1, 0], [0, 0, 0, 0, 0, 1, 0, 0], [0, 0, 0, 0, 0, 0, 0, 1], [0, 0, 0, 0, 0, 0, 0, 0], [0, 0, 0, 0, 0, 0, 0, 0], [0, 0, 0, 0, 0, 0, 0, 0], [0, 0, 0, 0, 0, 0, 0, 0]], [[0, 0, 0, 1, 0, 1, 1, 1], [0, 0, 0, 0, 0, 0, 0, 0], [0, 0, 0, 0, 0, 0, 0, 0], [0, 0, 0, 0, 0, 0, 0, 0], [1, 1, 1, 0, 0, 0, 0, 1], [0, 1, 0, 1, 0, 0, 0, 0], [0, 0, 1, 1, 1, 0, 0, 0], [0, 1, 1, 0, 0, 0, 1, 0]]]",2.0,4,,,,True,5.8539168098941445,126.95792724750936
GCzvvw,5,3,2.0,"['aBBB', 'AAABBB', 'bbbbB']","{'aBBB': [1, 2, 3], 'AAABBB': [7], 'bbbbB': [0, 4, 5, 6]}","[[[0, 0, 0, 0, 0, 0, 0, 0], [0, 0, 0, 0, 0, 0, 0, 1], [0, 0, 0, 0, 0, 0, 0, 1], [0, 0, 0, 0, 0, 0, 0, 1], [0, 0, 0, 0, 0, 0, 0, 0], [0, 0, 0, 0, 0, 0, 0, 0], [0, 0, 0, 0, 0, 0, 0, 0], [0, 0, 0, 0, 0, 0, 0, 0]], [[0, 0, 0, 1, 1, 1, 0, 1], [0, 0, 0, 0, 0, 0, 0, 0], [0, 0, 0, 0, 0, 0, 0, 0], [0, 0, 0, 0, 0, 0, 0, 0], [0, 1, 1, 0, 0, 0, 1, 1], [0, 1, 1, 1, 0, 0, 0, 1], [1, 1, 1, 1, 0, 0, 0, 0], [0, 0, 0, 0, 0, 0, 0, 0]]]",2.0,3,,,,True,0.5425891680642962,127.46193981915712
GCzvv{,5,4,2.0,"['aBBB', 'AbbBB', 'bbbbbbB', 'bbbbbB']","{'aBBB': [1, 2, 3], 'AbbBB': [0, 4, 5], 'bbbbbbB': [7], 'bbbbbB': [6]}","[[[0, 0, 0, 0, 0, 0, 0, 0], [0, 0, 0, 0, 1, 0, 0, 0], [0, 0, 0, 0, 0, 1, 0, 0], [1, 0, 0, 0, 0, 0, 0, 0], [0, 0, 0, 0, 0, 0, 0, 0], [0, 0, 0, 0, 0, 0, 0, 0], [0, 0, 0, 0, 0, 0, 0, 0], [0, 0, 0, 0, 0, 0, 0, 0]], [[0, 0, 0, 0, 0, 1, 0, 1], [0, 0, 0, 0, 0, 0, 0, 0], [0, 0, 0, 0, 0, 0, 0, 0], [0, 0, 0, 0, 0, 0, 0, 0], [1, 0, 1, 0, 0, 0, 0, 0], [0, 1, 0, 1, 0, 0, 0, 0], [1, 1, 1, 1, 1, 0, 0, 0], [0, 1, 1, 1, 1, 1, 1, 0]]]",2.0,4,,,,True,5.73329727165401,459.4261309001595
GCzv~{,5,4,2.0,"['aBBB', 'AbbBBB', 'AbbBB', 'bbbbbbB']","{'aBBB': [1, 2, 3], 'AbbBBB': [5], 'AbbBB': [0, 4], 'bbbbbbB': [6, 7]}","[[[0, 0, 0, 0, 0, 0, 0, 0], [0, 0, 0, 0, 0, 1, 0, 0], [0, 0, 0, 0, 1, 0, 0, 0], [1, 0, 0, 0, 0, 0, 0, 0], [0, 0, 0, 0, 0, 0, 0, 0], [0, 0, 0, 0, 0, 0, 0, 0], [0, 0, 0, 0, 0, 0, 0, 0], [0, 0, 0, 0, 0, 0, 0, 0]], [[0, 0, 0, 0, 1, 1, 0, 0], [0, 0, 0, 0, 0, 0, 0, 0], [0, 0, 0, 0, 0, 0, 0, 0], [0, 0, 0, 0, 0, 0, 0, 0], [0, 1, 0, 0, 0, 0, 1, 0], [0, 0, 1, 1, 0, 0, 0, 0], [1, 1, 1, 1, 0, 1, 0, 1], [1, 1, 1, 1, 1, 1, 0, 0]]]",2.0,4,,,,True,4.612734232097864,697.5354359596968
GCz~r{,5,3,2.0,"['abBB', 'AbbbbB', 'ABBBBB']","{'abBB': [0, 1, 2, 3], 'AbbbbB': [4, 5, 6], 'ABBBBB': [7]}","[[[0, 0, 0, 0, 0, 1, 0, 0], [0, 0, 0, 0, 0, 0, 1, 0], [0, 0, 0, 0, 1, 0, 0, 0], [0, 0, 0, 0, 0, 0, 0, 1], [0, 0, 0, 0, 0, 0, 0, 0], [0, 0, 0, 0, 0, 0, 0, 0], [0, 0, 0, 0, 0, 0, 0, 0], [0, 0, 0, 0, 0, 0, 0, 0]], [[0, 0, 0, 1, 0, 0, 0, 0], [0, 0, 0, 0, 0, 0, 0, 1], [0, 0, 0, 0, 0, 0, 0, 1], [0, 0, 0, 0, 0, 0, 1, 0], [1, 1, 0, 0, 0, 1, 0, 1], [0, 1, 1, 1, 0, 0, 0, 1], [1, 0, 1, 0, 1, 0, 0, 1], [0, 0, 0, 0, 0, 0, 0, 0]]]",2.0,3,,,,True,2.013367968611419,40.13469208497554
GCz~u{,5,4,2.0,"['abbBBB', 'Abbb', 'Abb', 'ABBBB']","{'abbBBB': [4, 5, 6, 7], 'Abbb': [1, 3], 'Abb': [2], 'ABBBB': [0]}","[[[0, 0, 0, 0, 0, 0, 0, 0], [0, 0, 0, 0, 0, 0, 0, 0], [0, 0, 0, 0, 0, 0, 0, 0], [0, 0, 0, 0, 0, 0, 0, 0], [1, 0, 0, 0, 0, 0, 0, 0], [0, 1, 0, 0, 0, 0, 0, 0], [0, 0, 1, 0, 0, 0, 0, 0], [0, 0, 0, 1, 0, 0, 0, 0]], [[0, 0, 0, 0, 0, 0, 0, 0], [0, 0, 0, 0, 1, 0, 1, 1], [0, 0, 0, 0, 1, 1, 0, 0], [1, 0, 0, 0, 0, 1, 1, 0], [0, 0, 0, 0, 0, 1, 0, 1], [1, 0, 0, 0, 0, 0, 0, 1], [1, 0, 0, 0, 1, 0, 0, 0], [1, 0, 0, 0, 0, 0, 1, 0]]]",2.0,4,,,,True,9.986512502655389,245.76415432896465
GCz~v[,5,4,2.0,"['abbBBB', 'Abbb', 'Abb', 'ABBBB']","{'abbBBB': [4, 5, 6, 7], 'Abbb': [1, 2], 'Abb': [3], 'ABBBB': [0]}","[[[0, 0, 0, 0, 0, 0, 0, 0], [0, 0, 0, 0, 0, 0, 0, 0], [0, 0, 0, 0, 0, 0, 0, 0], [0, 0, 0, 0, 0, 0, 0, 0], [1, 0, 0, 0, 0, 0, 0, 0], [0, 1, 0, 0, 0, 0, 0, 0], [0, 0, 0, 1, 0, 0, 0, 0], [0, 0, 1, 0, 0, 0, 0, 0]], [[0, 0, 0, 0, 0, 0, 0, 0], [0, 0, 0, 0, 1, 0, 1, 1], [0, 0, 0, 0, 1, 1, 1, 0], [1, 0, 0, 0, 0, 1, 0, 0], [0, 0, 0, 0, 0, 1, 0, 1], [1, 0, 0, 0, 0, 0, 0, 1], [1, 0, 0, 0, 1, 0, 0, 0], [1, 0, 0, 0, 0, 0, 1, 0]]]",2.0,4,,,,True,12.43559105694294,211.02053651679307
GCz~vk,5,3,2.0,"['aBBB', 'AbbbBB', 'bbbbB']","{'aBBB': [1, 2, 3], 'AbbbBB': [5, 6, 7], 'bbbbB': [0, 4]}","[[[0, 0, 0, 0, 0, 0, 0, 0], [0, 0, 0, 0, 0, 0, 0, 1], [0, 0, 0, 0, 0, 0, 1, 0], [0, 0, 0, 0, 0, 1, 0, 0], [0, 0, 0, 0, 0, 0, 0, 0], [0, 0, 0, 0, 0, 0, 0, 0], [0, 0, 0, 0, 0, 0, 0, 0], [0, 0, 0, 0, 0, 0, 0, 0]], [[0, 0, 0, 1, 0, 1, 1, 1], [0, 0, 0, 0, 0, 0, 0, 0], [0, 0, 0, 0, 0, 0, 0, 0], [0, 0, 0, 0, 0, 0, 0, 0], [1, 1, 1, 0, 0, 0, 1, 0], [0, 1, 1, 0, 1, 0, 0, 0], [0, 1, 0, 1, 0, 0, 0, 1], [0, 0, 1, 1, 0, 1, 0, 0]]]",2.0,3,,,,True,1.126300247386098,193.51034682709724
GCz~vw,5,3,2.0,"['aBBB', 'AbbbBB', 'bbbbB']","{'aBBB': [1, 2, 3], 'AbbbBB': [4, 5, 7], 'bbbbB': [0, 6]}","[[[0, 0, 0, 0, 0, 0, 0, 0], [0, 0, 0, 0, 0, 1, 0, 0], [0, 0, 0, 0, 1, 0, 0, 0], [0, 0, 0, 0, 0, 0, 0, 1], [0, 0, 0, 0, 0, 0, 0, 0], [0, 0, 0, 0, 0, 0, 0, 0], [0, 0, 0, 0, 0, 0, 0, 0], [0, 0, 0, 0, 0, 0, 0, 0]], [[0, 0, 0, 1, 1, 1, 1, 0], [0, 0, 0, 0, 0, 0, 0, 0], [0, 0, 0, 0, 0, 0, 0, 0], [0, 0, 0, 0, 0, 0, 0, 0], [0, 1, 0, 0, 0, 1, 0, 1], [0, 0, 1, 1, 0, 0, 0, 1], [0, 1, 1, 1, 1, 0, 0, 0], [1, 1, 1, 0, 0, 0, 0, 0]]]",2.0,3,,,,True,0.4798165485262871,193.92653724737465
GCz~v{,5,4,2.0,"['aBBB', 'AbbbBB', 'bbbbbBB', 'bbbbB']","{'aBBB': [1, 2, 3], 'AbbbBB': [4, 5, 6], 'bbbbbBB': [7], 'bbbbB': [0]}","[[[0, 0, 0, 0, 0, 0, 0, 0], [0, 0, 0, 0, 0, 1, 0, 0], [0, 0, 0, 0, 1, 0, 0, 0], [0, 0, 0, 0, 0, 0, 1, 0], [0, 0, 0, 0, 0, 0, 0, 0], [0, 0, 0, 0, 0, 0, 0, 0], [0, 0, 0, 0, 0, 0, 0, 0], [0, 0, 0, 0, 0, 0, 0, 0]], [[0, 0, 0, 1, 1, 1, 1, 0], [0, 0, 0, 0, 0, 0, 0, 0], [0, 0, 0, 0, 0, 0, 0, 0], [0, 0, 0, 0, 0, 0, 0, 0], [0, 1, 0, 0, 0, 1, 1, 0], [0, 0, 1, 1, 0, 0, 0, 1], [0, 1, 1, 0, 0, 0, 0, 1], [1, 1, 1, 1, 1, 0, 0, 0]]]",2.0,4,,,,True,3.653105048462749,430.63626688253134
GCruvw,3,4,3.0,"['aaABcc', 'abccC', 'aB', 'AcCC']","{'aaABcc': [7], 'abccC': [0, 5], 'aB': [2], 'AcCC': [1, 3, 4, 6]}","[[[0, 0, 0, -0.0, -0.0, -0.0, 1.0, -0.0], [0, 0, 0, 0, -0.0, -0.0, -0.0, -0.0], [0, 0, 0, 0, 0, -0.0, 0, 1.0], [-0.0, 0, 0, 0, 0, -0.0, -0.0, -0.0], [-0.0, -0.0, 0, 0, 0, 0, -0.0, -0.0], [-0.0, -0.0, -0.0, 1.0, 0, 0, 0, -0.0], [-0.0, -0.0, 0, -0.0, -0.0, 0, 0, 0], [-0.0, 1.0, -0.0, -0.0, 1.0, -0.0, 0, 0]], [[0, 0, 0, -0.0, -0.0, -0.0, -0.0, 1.0], [0, 0, 0, 0, -0.0, -0.0, -0.0, -0.0], [0, 0, 0, 0, 0, -0.0, 0, -0.0], [-0.0, 0, 0, 0, 0, -0.0, -0.0, -0.0], [-0.0, -0.0, 0, 0, 0, 0, -0.0, -0.0], [-0.0, -0.0, 1.0, -0.0, 0, 0, 0, -0.0], [-0.0, -0.0, 0, -0.0, -0.0, 0, 0, 0], [-0.0, -0.0, -0.0, -0.0, -0.0, -0.0, 0, 0]], [[0, 0, 0, 1.0, 1.0, -0.0, -0.0, -0.0], [0, 0, 0, 0, 1.0, -0.0, -0.0, -0.0], [0, 0, 0, 0, 0, -0.0, 0, -0.0], [-0.0, 0, 0, 0, 0, -0.0, 1.0, -0.0], [-0.0, -0.0, 0, 0, 0, 0, 1.0, -0.0], [1.0, 1.0, -0.0, -0.0, 0, 0, 0, -0.0], [-0.0, 1.0, 0, -0.0, -0.0, 0, 0, 0], [-0.0, -0.0, -0.0, 1.0, -0.0, 1.0, 0, 0]]]",2.0,6,"['aaaaaB', 'aaaaA', 'AAbbb', 'AAbb', 'AbBB', 'AB']","{'aaaaaB': [7], 'aaaaA': [0], 'AAbbb': [5], 'AAbb': [4], 'AbBB': [1, 3, 6], 'AB': [2]}","[[[0, 0, 0, 1.0, 1.0, 1.0, 1.0, 0.0], [0, 0, 0, 0, -0.0, -0.0, -0.0, -0.0], [0, 0, 0, 0, 0, -0.0, 0, -0.0], [-0.0, 0, 0, 0, 0, -0.0, -0.0, -0.0], [-0.0, -0.0, 0, 0, 0, 0, -0.0, -0.0], [-0.0, -0.0, -0.0, -0.0, 0, 0, 0, -0.0], [-0.0, -0.0, 0, -0.0, -0.0, 0, 0, 0], [1.0, 1.0, 1.0, 0.0, 1.0, 1.0, 0, 0]], [[0, 0, 0, 0.0, 0.0, 0.0, 0.0, -0.0], [0, 0, 0, 0, -0.0, -3.552713678800501e-15, 1.0000000000000036, -0.0], [0, 0, 0, 0, 0, 0.0, 0, 0.0], [-0.0, 0, 0, 0, 0, 0.0, -3.552713678800501e-15, 1.0000000000000036], [-0.0, 1.0, 0, 0, 0, 0, 1.0, 0.0], [-0.0, 1.0000000000000036, 1.0, 1.0, 0, 0, 0, -0.0], [-0.0, -3.552713678800501e-15, 0, 1.0000000000000036, 0.0, 0, 0, 0], [-0.0, -0.0, -0.0, -3.552713678800501e-15, 0.0, 0.0, 0, 0]]]",False,1.4326615864410996,1644.3773830840364
GCrv~{,5,5,2.0,"['abBB', 'AABBB', 'AbBBBB', 'bbbbbBB', 'bbb']","{'abBB': [1, 3, 4], 'AABBB': [0], 'AbBBBB': [5], 'bbbbbBB': [6, 7], 'bbb': [2]}","[[[0, 0, 0, 0, 0, 0, 0, 0], [0, 0, 0, 0, 0, 1, 0, 0], [0, 0, 0, 0, 0, 0, 0, 0], [1, 0, 0, 0, 0, 0, 0, 0], [1, 0, 0, 0, 0, 0, 0, 0], [0, 0, 0, 0, 0, 0, 0, 0], [0, 0, 0, 0, 0, 0, 0, 0], [0, 0, 0, 0, 0, 0, 0, 0]], [[0, 0, 0, 0, 0, 0, 0, 0], [0, 0, 0, 0, 0, 0, 0, 1], [0, 0, 0, 0, 0, 1, 1, 1], [0, 0, 0, 0, 0, 1, 0, 0], [0, 1, 0, 0, 0, 0, 0, 0], [1, 0, 0, 0, 0, 0, 0, 0], [1, 1, 0, 1, 1, 1, 0, 0], [1, 0, 0, 1, 1, 1, 1, 0]]]",2.0,5,,,,True,72.90182937588543,1080.2782106809318
GCz~~{,5,4,2.0,"['aBBB', 'AbbbBBB', 'bbbbbB', 'bbbbb']","{'aBBB': [1, 2, 3], 'AbbbBBB': [5, 6, 7], 'bbbbbB': [4], 'bbbbb': [0]}","[[[0, 0, 0, 0, 0, 0, 0, 0], [0, 0, 0, 0, 0, 1, 0, 0], [0, 0, 0, 0, 0, 0, 0, 1], [0, 0, 0, 0, 0, 0, 1, 0], [0, 0, 0, 0, 0, 0, 0, 0], [0, 0, 0, 0, 0, 0, 0, 0], [0, 0, 0, 0, 0, 0, 0, 0], [0, 0, 0, 0, 0, 0, 0, 0]], [[0, 0, 0, 1, 1, 1, 1, 1], [0, 0, 0, 0, 0, 0, 0, 0], [0, 0, 0, 0, 0, 0, 0, 0], [0, 0, 0, 0, 0, 0, 0, 0], [0, 1, 1, 0, 0, 1, 1, 1], [0, 0, 1, 1, 0, 0, 0, 1], [0, 1, 1, 0, 0, 1, 0, 0], [0, 1, 0, 1, 0, 0, 1, 0]]]",2.0,4,,,,True,4.647285716608167,676.5563377803192
GC~vb[,5,3,2.0,"['abBB', 'AbbbB', 'AbBBB']","{'abBB': [0, 1, 2, 3], 'AbbbB': [5, 6, 7], 'AbBBB': [4]}","[[[0, 0, 0, 0, 0, 0, 1, 0], [0, 0, 0, 0, 0, 0, 0, 1], [0, 0, 0, 0, 1, 0, 0, 0], [0, 0, 0, 0, 0, 1, 0, 0], [0, 0, 0, 0, 0, 0, 0, 0], [0, 0, 0, 0, 0, 0, 0, 0], [0, 0, 0, 0, 0, 0, 0, 0], [0, 0, 0, 0, 0, 0, 0, 0]], [[0, 0, 0, 0, 1, 0, 0, 0], [0, 0, 0, 0, 1, 0, 0, 0], [0, 0, 0, 0, 0, 1, 0, 0], [1, 0, 0, 0, 0, 0, 0, 0], [0, 0, 0, 1, 0, 0, 0, 0], [1, 1, 0, 0, 0, 0, 0, 1], [0, 1, 1, 1, 0, 0, 0, 0], [0, 0, 1, 0, 1, 0, 1, 0]]]",2.0,3,,,,True,1.4783922508358955,26.79899750184268
GC~vc{,5,3,1.0,"['aaaaA', 'aaa', 'AAAAA']","{'aaaaA': [0, 3, 7], 'aaa': [1, 2], 'AAAAA': [4, 5, 6]}","[[[0, 0, 0, 0, 1, 1, 1, 1], [0, 0, 0, 0, 1, 1, 1, 0], [0, 0, 0, 0, 1, 1, 1, 0], [1, 0, 0, 0, 1, 1, 1, 0], [0, 0, 0, 0, 0, 0, 0, 0], [0, 0, 0, 0, 0, 0, 0, 0], [0, 0, 0, 0, 0, 0, 0, 0], [0, 0, 0, 1, 1, 1, 1, 0]]]",1.0,3,,,,True,0.4576131766662001,2.5274232029914856e-05
GC~ve[,5,3,2.0,"['aAbBB', 'abbb', 'AAB']","{'aAbBB': [0, 4, 5, 6, 7], 'abbb': [1, 3], 'AAB': [2]}","[[[0, 0, 0, 0, 0, 0, 0, 1], [0, 0, 0, 0, 0, 1, 0, 0], [0, 0, 0, 0, 0, 0, 0, 0], [0, 0, 0, 0, 0, 0, 1, 0], [0, 0, 1, 0, 0, 0, 0, 0], [1, 0, 0, 0, 0, 0, 0, 0], [0, 0, 1, 0, 0, 0, 0, 0], [0, 0, 0, 0, 1, 0, 0, 0]], [[0, 0, 0, 0, 0, 0, 1, 0], [0, 0, 0, 0, 1, 0, 1, 1], [0, 0, 0, 0, 0, 0, 0, 0], [1, 0, 0, 0, 1, 1, 0, 0], [1, 0, 0, 0, 0, 0, 0, 0], [0, 0, 1, 0, 0, 0, 0, 0], [0, 0, 0, 0, 0, 0, 0, 1], [0, 0, 0, 0, 0, 1, 0, 0]]]",2.0,3,,,,True,2.5624099345877767,74.10591569170356
GC~vew,5,4,2.0,"['aBBB', 'ABBB', 'bbbBB', 'bbB']","{'aBBB': [1], 'ABBB': [6], 'bbbBB': [0, 3, 4, 5, 7], 'bbB': [2]}","[[[0, 0, 0, 0, 0, 0, 0, 0], [0, 0, 0, 0, 0, 0, 1, 0], [0, 0, 0, 0, 0, 0, 0, 0], [0, 0, 0, 0, 0, 0, 0, 0], [0, 0, 0, 0, 0, 0, 0, 0], [0, 0, 0, 0, 0, 0, 0, 0], [0, 0, 0, 0, 0, 0, 0, 0], [0, 0, 0, 0, 0, 0, 0, 0]], [[0, 0, 0, 1, 0, 0, 1, 1], [0, 0, 0, 0, 0, 0, 0, 0], [0, 0, 0, 0, 1, 0, 1, 0], [0, 0, 0, 0, 0, 1, 1, 1], [1, 1, 0, 1, 0, 0, 0, 0], [1, 1, 1, 0, 0, 0, 0, 0], [0, 0, 0, 0, 0, 0, 0, 0], [0, 1, 0, 0, 1, 1, 0, 0]]]",2.0,4,,,,True,14.691829685121776,64.87368497345597
GC~ve{,5,4,2.0,"['aBBB', 'AbBBBB', 'bbbBB', 'bbB']","{'aBBB': [1], 'AbBBBB': [7], 'bbbBB': [0, 3, 4, 5, 6], 'bbB': [2]}","[[[0, 0, 0, 0, 0, 0, 0, 0], [0, 0, 0, 0, 0, 0, 0, 1], [0, 0, 0, 0, 0, 0, 0, 0], [0, 0, 0, 0, 0, 0, 0, 0], [0, 0, 0, 0, 0, 0, 0, 0], [0, 0, 0, 0, 0, 0, 0, 0], [0, 0, 0, 0, 0, 0, 0, 0], [0, 0, 0, 0, 0, 0, 0, 0]], [[0, 0, 0, 1, 0, 1, 1, 0], [0, 0, 0, 0, 0, 0, 0, 0], [0, 0, 0, 0, 1, 0, 1, 0], [0, 0, 0, 0, 1, 1, 0, 1], [1, 1, 0, 0, 0, 0, 0, 1], [0, 1, 1, 0, 0, 0, 0, 1], [0, 1, 0, 1, 0, 0, 0, 1], [1, 0, 0, 0, 0, 0, 0, 0]]]",2.0,4,,,,True,1.6532411687076092,164.75980956945568
GC~vfW,5,3,2.0,"['abBB', 'AbbbB', 'AbBBB']","{'abBB': [1, 2, 3, 6], 'AbbbB': [0, 4, 5], 'AbBBB': [7]}","[[[0, 0, 0, 0, 0, 0, 0, 0], [0, 0, 0, 0, 0, 1, 0, 0], [0, 0, 0, 0, 0, 0, 0, 1], [0, 0, 0, 0, 1, 0, 0, 0], [0, 0, 0, 0, 0, 0, 0, 0], [0, 0, 0, 0, 0, 0, 0, 0], [1, 0, 0, 0, 0, 0, 0, 0], [0, 0, 0, 0, 0, 0, 0, 0]], [[0, 0, 0, 0, 1, 1, 0, 1], [0, 0, 0, 0, 0, 0, 1, 0], [0, 0, 0, 0, 0, 0, 1, 0], [1, 0, 0, 0, 0, 0, 0, 0], [0, 1, 1, 0, 0, 0, 0, 1], [0, 0, 1, 1, 0, 0, 0, 1], [0, 0, 0, 1, 0, 0, 0, 0], [0, 1, 0, 0, 0, 0, 0, 0]]]",2.0,3,,,,True,1.6011643055826426,25.883963505737484
GC~vf[,5,3,2.0,"['abBB', 'aBBBBB', 'AbbbB']","{'abBB': [1, 2, 3], 'aBBBBB': [7], 'AbbbB': [0, 4, 5, 6]}","[[[0, 0, 0, 0, 0, 0, 0, 0], [0, 0, 0, 0, 0, 0, 1, 0], [0, 0, 0, 0, 0, 1, 0, 0], [0, 0, 0, 0, 1, 0, 0, 0], [0, 0, 0, 0, 0, 0, 0, 0], [0, 0, 0, 0, 0, 0, 0, 0], [0, 0, 0, 0, 0, 0, 0, 0], [1, 0, 0, 0, 0, 0, 0, 0]], [[0, 0, 0, 1, 1, 0, 1, 0], [0, 0, 0, 0, 0, 0, 0, 1], [0, 0, 0, 0, 0, 0, 0, 1], [0, 0, 0, 0, 0, 1, 0, 0], [0, 1, 1, 0, 0, 0, 0, 1], [1, 1, 0, 0, 0, 0, 0, 1], [0, 0, 1, 1, 0, 0, 0, 1], [0, 0, 0, 0, 0, 0, 0, 0]]]",2.0,3,,,,True,1.6111099012196064,110.66790574789049
GC~vfo,5,3,2.0,"['abBB', 'AbbbB', 'AbBBB']","{'abBB': [1, 2, 5, 6], 'AbbbB': [0, 3, 4], 'AbBBB': [7]}","[[[0, 0, 0, 0, 0, 0, 0, 0], [0, 0, 0, 0, 0, 0, 0, 1], [0, 0, 0, 0, 1, 0, 0, 0], [0, 0, 0, 0, 0, 0, 0, 0], [0, 0, 0, 0, 0, 0, 0, 0], [0, 0, 0, 1, 0, 0, 0, 0], [1, 0, 0, 0, 0, 0, 0, 0], [0, 0, 0, 0, 0, 0, 0, 0]], [[0, 0, 0, 0, 1, 1, 0, 1], [0, 0, 0, 0, 0, 1, 0, 0], [0, 0, 0, 0, 0, 0, 1, 0], [1, 0, 0, 0, 0, 0, 1, 1], [0, 1, 0, 1, 0, 0, 0, 1], [0, 0, 1, 0, 0, 0, 0, 0], [0, 1, 0, 0, 0, 0, 0, 0], [0, 0, 1, 0, 0, 0, 0, 0]]]",2.0,3,,,,True,1.4875164246186614,32.23400873504579
GC~vfw,5,3,2.0,"['abbB', 'abBBBB', 'AbbBB']","{'abbB': [1, 2, 6], 'abBBBB': [7], 'AbbBB': [0, 3, 4, 5]}","[[[0, 0, 0, 0, 0, 0, 0, 0], [0, 0, 0, 0, 0, 1, 0, 0], [0, 0, 0, 0, 1, 0, 0, 0], [0, 0, 0, 0, 0, 0, 0, 0], [0, 0, 0, 0, 0, 0, 0, 0], [0, 0, 0, 0, 0, 0, 0, 0], [0, 0, 0, 1, 0, 0, 0, 0], [1, 0, 0, 0, 0, 0, 0, 0]], [[0, 0, 0, 1, 0, 1, 0, 0], [0, 0, 0, 0, 1, 0, 0, 1], [0, 0, 0, 0, 0, 1, 1, 0], [0, 0, 0, 0, 1, 0, 0, 1], [1, 0, 0, 0, 0, 0, 0, 1], [0, 0, 0, 1, 0, 0, 0, 1], [1, 1, 0, 0, 0, 0, 0, 0], [0, 0, 1, 0, 0, 0, 0, 0]]]",2.0,3,,,,True,0.7242549015209079,117.02410777565092
GCr~u{,5,4,2.0,"['abBB', 'aB', 'AbbBBB', 'bbbbB']","{'abBB': [1, 3], 'aB': [2], 'AbbBBB': [5, 6, 7], 'bbbbB': [0, 4]}","[[[0, 0, 0, 0, 0, 0, 0, 0], [0, 0, 0, 0, 0, 1, 0, 0], [0, 0, 0, 0, 0, 0, 1, 0], [0, 0, 0, 0, 0, 0, 0, 1], [0, 0, 0, 0, 0, 0, 0, 0], [0, 0, 0, 0, 0, 0, 0, 0], [0, 0, 0, 0, 0, 0, 0, 0], [0, 0, 0, 0, 0, 0, 0, 0]], [[0, 0, 0, 1, 1, 0, 1, 1], [0, 0, 0, 0, 0, 0, 1, 0], [0, 0, 0, 0, 0, 0, 0, 0], [0, 0, 0, 0, 0, 1, 0, 0], [0, 1, 0, 0, 0, 1, 1, 1], [1, 0, 1, 0, 0, 0, 0, 0], [0, 0, 0, 1, 0, 0, 0, 1], [0, 1, 0, 0, 0, 1, 0, 0]]]",2.0,4,,,,True,6.153957510367036,324.44012515526265
GC~vf{,5,3,2.0,"['aBBB', 'AAbbbBB', 'bbbBB']","{'aBBB': [1, 2], 'AAbbbBB': [7], 'bbbBB': [0, 3, 4, 5, 6]}","[[[0, 0, 0, 0, 0, 0, 0, 0], [0, 0, 0, 0, 0, 0, 0, 1], [0, 0, 0, 0, 0, 0, 0, 1], [0, 0, 0, 0, 0, 0, 0, 0], [0, 0, 0, 0, 0, 0, 0, 0], [0, 0, 0, 0, 0, 0, 0, 0], [0, 0, 0, 0, 0, 0, 0, 0], [0, 0, 0, 0, 0, 0, 0, 0]], [[0, 0, 0, 1, 1, 1, 0, 0], [0, 0, 0, 0, 0, 0, 0, 0], [0, 0, 0, 0, 0, 0, 0, 0], [0, 0, 0, 0, 1, 0, 1, 1], [0, 1, 1, 0, 0, 0, 0, 1], [0, 1, 1, 1, 0, 0, 0, 0], [1, 1, 1, 0, 0, 0, 0, 0], [1, 0, 0, 0, 0, 1, 1, 0]]]",2.0,3,,,,True,0.7061641896143556,166.2405576026067
GC~vvs,5,3,2.0,"['aABBB', 'abBB', 'AbbbbB']","{'aABBB': [0, 3], 'abBB': [1, 2, 5], 'AbbbbB': [4, 6, 7]}","[[[0, 0, 0, 0, 1, 0, 0, 0], [0, 0, 0, 0, 0, 0, 0, 1], [0, 0, 0, 0, 0, 0, 1, 0], [1, 0, 0, 0, 0, 0, 0, 0], [0, 0, 0, 0, 0, 0, 0, 0], [0, 0, 0, 1, 0, 0, 0, 0], [0, 0, 0, 0, 0, 0, 0, 0], [0, 0, 0, 0, 0, 0, 0, 0]], [[0, 0, 0, 0, 0, 0, 0, 0], [0, 0, 0, 0, 0, 1, 0, 0], [0, 0, 0, 0, 0, 1, 0, 0], [0, 0, 0, 0, 0, 0, 0, 0], [0, 1, 1, 1, 0, 0, 1, 0], [1, 0, 0, 0, 0, 0, 0, 0], [1, 1, 0, 1, 0, 0, 0, 1], [1, 0, 1, 1, 1, 0, 0, 0]]]",2.0,3,,,,True,0.7766480455175042,188.90204885881397
GC~vvw,5,4,2.0,"['aBBB', 'AbbbBB', 'bbbbB', 'BBBBB']","{'aBBB': [1, 2], 'AbbbBB': [4, 7], 'bbbbB': [3, 5, 6], 'BBBBB': [0]}","[[[0, 0, 0, 0, 0, 0, 0, 0], [0, 0, 0, 0, 0, 0, 0, 1], [0, 0, 0, 0, 1, 0, 0, 0], [0, 0, 0, 0, 0, 0, 0, 0], [0, 0, 0, 0, 0, 0, 0, 0], [0, 0, 0, 0, 0, 0, 0, 0], [0, 0, 0, 0, 0, 0, 0, 0], [0, 0, 0, 0, 0, 0, 0, 0]], [[0, 0, 0, 0, 0, 0, 0, 0], [0, 0, 0, 0, 0, 0, 0, 0], [0, 0, 0, 0, 0, 0, 0, 0], [1, 0, 0, 0, 1, 1, 0, 1], [1, 1, 0, 0, 0, 0, 1, 0], [1, 1, 1, 0, 0, 0, 0, 1], [1, 1, 1, 1, 0, 0, 0, 0], [1, 0, 1, 0, 1, 0, 0, 0]]]",2.0,4,,,,True,53.87272095680237,207.20444095972923
GC~vv{,5,4,2.0,"['aBBB', 'AbbbBB', 'bbbbbbb', 'bbBBB']","{'aBBB': [1, 2], 'AbbbBB': [4, 6], 'bbbbbbb': [7], 'bbBBB': [0, 3, 5]}","[[[0, 0, 0, 0, 0, 0, 0, 0], [0, 0, 0, 0, 1, 0, 0, 0], [0, 0, 0, 0, 0, 0, 1, 0], [0, 0, 0, 0, 0, 0, 0, 0], [0, 0, 0, 0, 0, 0, 0, 0], [0, 0, 0, 0, 0, 0, 0, 0], [0, 0, 0, 0, 0, 0, 0, 0], [0, 0, 0, 0, 0, 0, 0, 0]], [[0, 0, 0, 1, 0, 1, 0, 0], [0, 0, 0, 0, 0, 0, 0, 0], [0, 0, 0, 0, 0, 0, 0, 0], [0, 0, 0, 0, 1, 1, 0, 0], [1, 0, 1, 0, 0, 0, 1, 0], [0, 1, 1, 0, 0, 0, 0, 0], [1, 1, 0, 1, 0, 0, 0, 0], [1, 1, 1, 1, 1, 1, 1, 0]]]",2.0,4,,,,True,3.1346594905480742,661.6497052200139
GC~v~w,5,4,2.0,"['abBBB', 'aBBB', 'AAAABB', 'bbbbbB']","{'abBBB': [0, 3], 'aBBB': [1, 2], 'AAAABB': [5], 'bbbbbB': [4, 6, 7]}","[[[0, 0, 0, 0, 0, 1, 0, 0], [0, 0, 0, 0, 0, 1, 0, 0], [0, 0, 0, 0, 0, 1, 0, 0], [0, 0, 0, 0, 0, 1, 0, 0], [0, 0, 0, 0, 0, 0, 0, 0], [0, 0, 0, 0, 0, 0, 0, 0], [0, 0, 0, 0, 0, 0, 0, 0], [0, 0, 0, 0, 0, 0, 0, 0]], [[0, 0, 0, 0, 1, 0, 0, 0], [0, 0, 0, 0, 0, 0, 0, 0], [0, 0, 0, 0, 0, 0, 0, 0], [1, 0, 0, 0, 0, 0, 0, 0], [0, 1, 1, 1, 0, 0, 1, 1], [0, 0, 0, 0, 0, 0, 0, 0], [1, 1, 1, 1, 0, 1, 0, 0], [1, 1, 1, 1, 0, 1, 0, 0]]]",2.0,4,,,,True,21.21787484176457,181.7433344265446
GCr~v[,5,4,2.0,"['abBBB', 'aBB', 'AbbbbB', 'AbBB']","{'abBBB': [0, 4], 'aBB': [2, 3], 'AbbbbB': [5, 6, 7], 'AbBB': [1]}","[[[0, 0, 0, 0, 0, 0, 1, 0], [0, 0, 0, 0, 0, 0, 0, 0], [0, 0, 0, 0, 0, 0, 0, 1], [0, 0, 0, 0, 0, 1, 0, 0], [0, 1, 0, 0, 0, 0, 0, 0], [0, 0, 0, 0, 0, 0, 0, 0], [0, 0, 0, 0, 0, 0, 0, 0], [0, 0, 0, 0, 0, 0, 0, 0]], [[0, 0, 0, 1, 0, 0, 0, 0], [0, 0, 0, 0, 0, 1, 0, 0], [0, 0, 0, 0, 0, 0, 0, 0], [0, 0, 0, 0, 0, 0, 0, 0], [1, 0, 0, 0, 0, 0, 0, 0], [1, 0, 1, 0, 1, 0, 0, 1], [0, 1, 1, 1, 1, 0, 0, 0], [1, 1, 0, 0, 1, 0, 1, 0]]]",2.0,4,,,,True,12.584062696434556,501.7962779086083
GCr~vk,5,4,2.0,"['abBB', 'AbbBBB', 'bbbbB', 'bbb']","{'abBB': [1, 3, 4], 'AbbBBB': [5, 6, 7], 'bbbbB': [0], 'bbb': [2]}","[[[0, 0, 0, 0, 0, 0, 0, 0], [0, 0, 0, 0, 0, 0, 0, 1], [0, 0, 0, 0, 0, 0, 0, 0], [0, 0, 0, 0, 0, 1, 0, 0], [0, 0, 0, 0, 0, 0, 1, 0], [0, 0, 0, 0, 0, 0, 0, 0], [0, 0, 0, 0, 0, 0, 0, 0], [0, 0, 0, 0, 0, 0, 0, 0]], [[0, 0, 0, 0, 1, 1, 1, 1], [0, 0, 0, 0, 1, 0, 0, 0], [0, 0, 0, 0, 0, 1, 1, 1], [1, 0, 0, 0, 0, 0, 0, 0], [0, 0, 0, 0, 0, 1, 0, 0], [0, 1, 0, 0, 0, 0, 0, 1], [0, 1, 0, 1, 0, 0, 0, 0], [0, 0, 0, 1, 0, 0, 1, 0]]]",2.0,4,,,,True,4.026856940239668,335.3434342024848
GCr~vw,5,4,2.0,"['abb', 'abBBB', 'Abbb', 'AbbBBB']","{'abb': [2], 'abBBB': [0, 4, 6], 'Abbb': [1, 3], 'AbbBBB': [5, 7]}","[[[0, 0, 0, 0, 0, 0, 0, 1], [0, 0, 0, 0, 0, 0, 0, 0], [0, 0, 0, 0, 0, 1, 0, 0], [0, 0, 0, 0, 0, 0, 0, 0], [0, 1, 0, 0, 0, 0, 0, 0], [0, 0, 0, 0, 0, 0, 0, 0], [0, 0, 0, 1, 0, 0, 0, 0], [0, 0, 0, 0, 0, 0, 0, 0]], [[0, 0, 0, 0, 0, 0, 1, 0], [0, 0, 0, 0, 0, 1, 1, 1], [0, 0, 0, 0, 0, 0, 1, 1], [1, 0, 0, 0, 0, 1, 0, 1], [1, 0, 0, 0, 0, 0, 0, 0], [1, 0, 0, 0, 1, 0, 0, 0], [0, 0, 0, 0, 1, 0, 0, 0], [0, 0, 0, 0, 1, 1, 0, 0]]]",2.0,4,,,,True,14.127988891676068,523.3113281968981
GCr~v{,5,5,2.0,"['aBBB', 'AbbbBB', 'bbbbbbb', 'bbBBB', 'bBB']","{'aBBB': [1, 3], 'AbbbBB': [5, 6], 'bbbbbbb': [7], 'bbBBB': [0, 4], 'bBB': [2]}","[[[0, 0, 0, 0, 0, 0, 0, 0], [0, 0, 0, 0, 0, 1, 0, 0], [0, 0, 0, 0, 0, 0, 0, 0], [0, 0, 0, 0, 0, 0, 1, 0], [0, 0, 0, 0, 0, 0, 0, 0], [0, 0, 0, 0, 0, 0, 0, 0], [0, 0, 0, 0, 0, 0, 0, 0], [0, 0, 0, 0, 0, 0, 0, 0]], [[0, 0, 0, 1, 1, 0, 0, 0], [0, 0, 0, 0, 0, 0, 0, 0], [0, 0, 0, 0, 0, 1, 0, 0], [0, 0, 0, 0, 0, 0, 0, 0], [0, 1, 0, 0, 0, 0, 1, 0], [1, 0, 0, 1, 1, 0, 0, 0], [1, 1, 1, 0, 0, 0, 0, 0], [1, 1, 1, 1, 1, 1, 1, 0]]]",2.0,5,,,,True,38.511452957987785,1385.648054515943
GCr~~{,5,4,2.0,"['abbb', 'abbBBBB', 'AAbbB', 'ABB']","{'abbb': [1, 3], 'abbBBBB': [5, 6, 7], 'AAbbB': [0, 4], 'ABB': [2]}","[[[0, 0, 0, 0, 0, 0, 0, 0], [0, 0, 0, 0, 1, 0, 0, 0], [0, 0, 0, 0, 0, 0, 0, 0], [1, 0, 0, 0, 0, 0, 0, 0], [0, 0, 0, 0, 0, 0, 0, 0], [0, 0, 0, 0, 1, 0, 0, 0], [1, 0, 0, 0, 0, 0, 0, 0], [0, 0, 1, 0, 0, 0, 0, 0]], [[0, 0, 0, 0, 1, 0, 0, 1], [0, 0, 0, 0, 0, 1, 1, 1], [0, 0, 0, 0, 0, 0, 0, 0], [0, 0, 0, 0, 0, 1, 1, 1], [0, 0, 0, 0, 0, 0, 1, 1], [1, 0, 1, 0, 0, 0, 0, 0], [0, 0, 1, 0, 0, 1, 0, 0], [0, 0, 0, 0, 0, 1, 1, 0]]]",2.0,4,,,,True,41.67387635633349,1498.36878253147
GCutts,5,4,2.0,"['abB', 'a', 'AbBBB', 'bbbbB']","{'abB': [2, 5], 'a': [1], 'AbBBB': [3, 4, 6], 'bbbbB': [0, 7]}","[[[0, 0, 0, 0, 0, 0, 0, 0], [0, 0, 0, 0, 1, 0, 0, 0], [0, 0, 0, 0, 0, 0, 1, 0], [0, 0, 0, 0, 0, 0, 0, 0], [0, 0, 0, 0, 0, 0, 0, 0], [0, 0, 0, 1, 0, 0, 0, 0], [0, 0, 0, 0, 0, 0, 0, 0], [0, 0, 0, 0, 0, 0, 0, 0]], [[0, 0, 0, 1, 1, 1, 1, 0], [0, 0, 0, 0, 0, 0, 0, 0], [0, 0, 0, 0, 0, 0, 0, 1], [0, 0, 0, 0, 1, 0, 0, 0], [0, 0, 0, 0, 0, 0, 1, 0], [0, 0, 1, 0, 0, 0, 0, 0], [0, 0, 0, 1, 0, 0, 0, 0], [1, 0, 0, 1, 1, 0, 1, 0]]]",2.0,4,,,,True,8.406500442884862,78.7487488584593
GCutt{,5,5,2.0,"['aBBB', 'AbBBBB', 'bbbBB', 'bbB', 'b']","{'aBBB': [5], 'AbBBBB': [7], 'bbbBB': [0, 3, 4, 6], 'bbB': [2], 'b': [1]}","[[[0, 0, 0, 0, 0, 0, 0, 0], [0, 0, 0, 0, 0, 0, 0, 0], [0, 0, 0, 0, 0, 0, 0, 0], [0, 0, 0, 0, 0, 0, 0, 0], [0, 0, 0, 0, 0, 0, 0, 0], [0, 0, 0, 0, 0, 0, 0, 1], [0, 0, 0, 0, 0, 0, 0, 0], [0, 0, 0, 0, 0, 0, 0, 0]], [[0, 0, 0, 1, 0, 1, 1, 0], [0, 0, 0, 0, 1, 0, 0, 0], [0, 0, 0, 0, 0, 1, 0, 1], [0, 0, 0, 0, 1, 1, 0, 1], [1, 0, 0, 0, 0, 0, 1, 1], [0, 0, 0, 0, 0, 0, 0, 0], [0, 0, 1, 1, 0, 0, 0, 1], [1, 0, 0, 0, 0, 0, 0, 0]]]",2.0,5,,,,True,12.22719778586179,297.0199700724333
GCutu{,5,4,2.0,"['aB', 'Abbb', 'ABBBBB', 'bbbBB']","{'aB': [1, 2], 'Abbb': [5], 'ABBBBB': [7], 'bbbBB': [0, 3, 4, 6]}","[[[0, 0, 0, 0, 0, 0, 0, 0], [0, 0, 0, 0, 0, 0, 0, 1], [0, 0, 0, 0, 0, 1, 0, 0], [0, 0, 0, 0, 0, 0, 0, 0], [0, 0, 0, 0, 0, 0, 0, 0], [0, 0, 0, 0, 0, 0, 0, 0], [0, 0, 0, 0, 0, 0, 0, 0], [0, 0, 0, 0, 0, 0, 0, 0]], [[0, 0, 0, 1, 1, 0, 0, 1], [0, 0, 0, 0, 0, 0, 0, 0], [0, 0, 0, 0, 0, 0, 0, 0], [0, 0, 0, 0, 1, 0, 1, 1], [0, 1, 0, 0, 0, 0, 1, 1], [1, 0, 0, 1, 0, 0, 0, 1], [1, 0, 1, 0, 0, 0, 0, 1], [0, 0, 0, 0, 0, 0, 0, 0]]]",2.0,4,,,,True,3.740739887580276,162.8156347433105
GCruv{,3,4,2.0,"['aabB', 'aa', 'aAAAbbb', 'aAAAB']","{'aabB': [1, 3, 4], 'aa': [2], 'aAAAbbb': [7], 'aAAAB': [0, 5, 6]}","[[[0, 0, 0, -0.0, -0.0, -0.0, 1.0, -0.0], [0, 0, 0, 0, -0.0, 1.0, 1.0, -0.0], [0, 0, 0, 0, 0, 1.0, 0, 1.0], [1.0, 0, 0, 0, 0, -0.0, 1.0, -0.0], [1.0, -0.0, 0, 0, 0, 0, -0.0, 1.0], [1.0, -0.0, -0.0, -0.0, 0, 0, 0, -0.0], [-0.0, -0.0, 0, -0.0, -0.0, 0, 0, 1.0], [-0.0, -0.0, -0.0, -0.0, -0.0, 1.0, -0.0, 0]], [[0, 0, 0, -0.0, -0.0, -0.0, -0.0, -0.0], [0, 0, 0, 0, 1.0, -0.0, -0.0, -0.0], [0, 0, 0, 0, 0, -0.0, 0, -0.0], [-0.0, 0, 0, 0, 0, 1.0, -0.0, -0.0], [-0.0, -0.0, 0, 0, 0, 0, 1.0, -0.0], [-0.0, -0.0, -0.0, -0.0, 0, 0, 0, -0.0], [-0.0, -0.0, 0, -0.0, -0.0, 0, 0, -0.0], [1.0, 1.0, -0.0, 1.0, -0.0, -0.0, -0.0, 0]]]",2.0,4,,,,True,1.9473690120503304,364.8332662088797
GCutv[,5,5,2.0,"['abBBB', 'AAAbBB', 'bbbB', 'bbB', 'bb']","{'abBBB': [0, 4, 6], 'AAAbBB': [7], 'bbbB': [3, 5], 'bbB': [2], 'bb': [1]}","[[[0, 0, 0, 0, 0, 0, 0, 1], [0, 0, 0, 0, 0, 0, 0, 0], [0, 0, 0, 0, 0, 0, 0, 0], [0, 0, 0, 0, 0, 0, 0, 0], [0, 0, 0, 0, 0, 0, 0, 1], [0, 0, 0, 0, 0, 0, 0, 0], [0, 0, 0, 0, 0, 0, 0, 1], [0, 0, 0, 0, 0, 0, 0, 0]], [[0, 0, 0, 0, 1, 0, 0, 0], [0, 0, 0, 0, 1, 0, 0, 1], [0, 0, 0, 0, 0, 0, 1, 1], [1, 0, 0, 0, 1, 0, 1, 0], [0, 0, 0, 0, 0, 0, 1, 0], [1, 0, 1, 1, 0, 0, 0, 0], [1, 0, 0, 0, 0, 0, 0, 0], [0, 0, 0, 0, 0, 1, 0, 0]]]",2.0,5,,,,True,60.23583301715553,350.09412068873644
GCutvc,5,5,2.0,"['aAbBB', 'abbB', 'ab', 'AAbbb', 'bBB']","{'aAbBB': [0, 6, 7], 'abbB': [4], 'ab': [1], 'AAbbb': [3], 'bBB': [2, 5]}","[[[0, 0, 0, 0, 0, 0, 1, 0], [0, 0, 0, 0, 0, 0, 0, 1], [0, 0, 0, 0, 0, 0, 0, 0], [0, 0, 0, 0, 0, 0, 0, 0], [0, 0, 0, 1, 0, 0, 0, 0], [0, 0, 0, 0, 0, 0, 0, 0], [0, 0, 0, 1, 0, 0, 0, 0], [1, 0, 0, 0, 0, 0, 0, 0]], [[0, 0, 0, 0, 0, 1, 0, 0], [0, 0, 0, 0, 1, 0, 0, 0], [0, 0, 0, 0, 0, 0, 0, 1], [1, 0, 0, 0, 0, 1, 0, 1], [1, 0, 0, 0, 0, 0, 1, 0], [0, 0, 1, 0, 0, 0, 0, 0], [0, 0, 1, 0, 0, 0, 0, 0], [0, 0, 0, 0, 0, 0, 1, 0]]]",2.0,5,,,,True,1416.2516146749258,104.4778986684978
GCutvk,5,5,2.0,"['abBBB', 'AAAbBB', 'bbbB', 'bbB', 'bb']","{'abBBB': [0, 3, 6], 'AAAbBB': [7], 'bbbB': [4, 5], 'bbB': [2], 'bb': [1]}","[[[0, 0, 0, 0, 0, 0, 0, 1], [0, 0, 0, 0, 0, 0, 0, 0], [0, 0, 0, 0, 0, 0, 0, 0], [0, 0, 0, 0, 0, 0, 0, 1], [0, 0, 0, 0, 0, 0, 0, 0], [0, 0, 0, 0, 0, 0, 0, 0], [0, 0, 0, 0, 0, 0, 0, 1], [0, 0, 0, 0, 0, 0, 0, 0]], [[0, 0, 0, 1, 0, 0, 0, 0], [0, 0, 0, 0, 1, 0, 0, 1], [0, 0, 0, 0, 0, 0, 1, 1], [0, 0, 0, 0, 0, 0, 1, 0], [1, 0, 0, 1, 0, 0, 1, 0], [1, 0, 1, 1, 0, 0, 0, 0], [1, 0, 0, 0, 0, 0, 0, 0], [0, 0, 0, 0, 0, 1, 0, 0]]]",2.0,5,,,,True,68.2628915021196,304.0127036441117
GCutvs,5,4,2.0,"['aB', 'ABBBBB', 'bbbBB', 'bbB']","{'aB': [1], 'ABBBBB': [7], 'bbbBB': [0, 3, 4, 6], 'bbB': [2, 5]}","[[[0, 0, 0, 0, 0, 0, 0, 0], [0, 0, 0, 0, 0, 0, 0, 1], [0, 0, 0, 0, 0, 0, 0, 0], [0, 0, 0, 0, 0, 0, 0, 0], [0, 0, 0, 0, 0, 0, 0, 0], [0, 0, 0, 0, 0, 0, 0, 0], [0, 0, 0, 0, 0, 0, 0, 0], [0, 0, 0, 0, 0, 0, 0, 0]], [[0, 0, 0, 1, 1, 0, 0, 1], [0, 0, 0, 0, 0, 0, 0, 0], [0, 0, 0, 0, 0, 0, 1, 1], [0, 0, 0, 0, 0, 1, 1, 1], [0, 1, 0, 1, 0, 0, 0, 1], [1, 0, 1, 0, 0, 0, 0, 0], [1, 0, 0, 0, 1, 0, 0, 1], [0, 0, 0, 0, 0, 0, 0, 0]]]",2.0,4,,,,True,1.49443141464144,188.37111600209028
GCutvw,5,5,2.0,"['abBBB', 'AAAbBB', 'bbbB', 'bbB', 'bb']","{'abBBB': [0, 3, 4], 'AAAbBB': [7], 'bbbB': [5, 6], 'bbB': [2], 'bb': [1]}","[[[0, 0, 0, 0, 0, 0, 0, 1], [0, 0, 0, 0, 0, 0, 0, 0], [0, 0, 0, 0, 0, 0, 0, 0], [0, 0, 0, 0, 0, 0, 0, 1], [0, 0, 0, 0, 0, 0, 0, 1], [0, 0, 0, 0, 0, 0, 0, 0], [0, 0, 0, 0, 0, 0, 0, 0], [0, 0, 0, 0, 0, 0, 0, 0]], [[0, 0, 0, 0, 1, 0, 0, 0], [0, 0, 0, 0, 1, 0, 0, 1], [0, 0, 0, 0, 0, 1, 1, 0], [1, 0, 0, 0, 0, 0, 0, 0], [0, 0, 0, 1, 0, 0, 0, 0], [1, 0, 0, 1, 0, 0, 0, 1], [1, 0, 0, 1, 1, 0, 0, 0], [0, 0, 1, 0, 0, 0, 0, 0]]]",2.0,5,,,,True,70.759900636971,337.30436997581273
GCutv{,5,5,2.0,"['abBB', 'aB', 'AAbBBBB', 'bbbBB', 'bbB']","{'abBB': [5], 'aB': [1], 'AAbBBBB': [7], 'bbbBB': [0, 3, 4, 6], 'bbB': [2]}","[[[0, 0, 0, 0, 0, 0, 0, 0], [0, 0, 0, 0, 0, 0, 0, 1], [0, 0, 0, 0, 0, 0, 0, 0], [0, 0, 0, 0, 0, 0, 0, 0], [0, 0, 0, 0, 0, 0, 0, 0], [0, 0, 0, 0, 0, 0, 0, 1], [0, 0, 0, 0, 0, 0, 0, 0], [0, 0, 0, 0, 0, 0, 0, 0]], [[0, 0, 0, 0, 1, 1, 0, 1], [0, 0, 0, 0, 0, 0, 0, 0], [0, 0, 0, 0, 0, 1, 0, 1], [1, 0, 0, 0, 1, 0, 1, 0], [0, 1, 0, 0, 0, 0, 1, 1], [0, 0, 0, 1, 0, 0, 0, 0], [1, 0, 1, 0, 0, 0, 0, 1], [0, 0, 0, 1, 0, 0, 0, 0]]]",2.0,5,,,,True,68.90842926036566,394.7845364511013
GCuu|{,5,4,2.0,"['aB', 'AbbBBB', 'bbbbB', 'BBBBB']","{'aB': [1, 2], 'AbbBBB': [6, 7], 'bbbbB': [0, 4, 5], 'BBBBB': [3]}","[[[0, 0, 0, 0, 0, 0, 0, 0], [0, 0, 0, 0, 0, 0, 1, 0], [0, 0, 0, 0, 0, 0, 0, 1], [0, 0, 0, 0, 0, 0, 0, 0], [0, 0, 0, 0, 0, 0, 0, 0], [0, 0, 0, 0, 0, 0, 0, 0], [0, 0, 0, 0, 0, 0, 0, 0], [0, 0, 0, 0, 0, 0, 0, 0]], [[0, 0, 0, 1, 1, 0, 1, 1], [0, 0, 0, 0, 0, 0, 0, 0], [0, 0, 0, 0, 0, 0, 0, 0], [0, 0, 0, 0, 0, 0, 0, 0], [0, 1, 0, 1, 0, 0, 1, 1], [1, 0, 1, 1, 0, 0, 1, 0], [0, 0, 0, 1, 0, 0, 0, 1], [0, 0, 0, 1, 0, 1, 0, 0]]]",2.0,4,,,,True,28.88347290083766,119.40059581492096
GCuu}{,5,4,2.0,"['abBBBB', 'AAb', 'bbbBB', 'b']","{'abBBBB': [6, 7], 'AAb': [1], 'bbbBB': [0, 3, 4, 5], 'b': [2]}","[[[0, 0, 0, 0, 0, 0, 0, 0], [0, 0, 0, 0, 0, 0, 0, 0], [0, 0, 0, 0, 0, 0, 0, 0], [0, 0, 0, 0, 0, 0, 0, 0], [0, 0, 0, 0, 0, 0, 0, 0], [0, 0, 0, 0, 0, 0, 0, 0], [0, 1, 0, 0, 0, 0, 0, 0], [0, 1, 0, 0, 0, 0, 0, 0]], [[0, 0, 0, 0, 1, 0, 1, 1], [0, 0, 0, 0, 1, 0, 0, 0], [0, 0, 0, 0, 0, 1, 0, 0], [1, 0, 0, 0, 0, 0, 1, 1], [0, 0, 0, 1, 0, 0, 1, 1], [1, 0, 0, 1, 0, 0, 0, 1], [0, 0, 0, 0, 0, 1, 0, 0], [0, 0, 0, 0, 0, 0, 1, 0]]]",2.0,4,,,,True,2.9918473213911057,237.3351574251428
GCuu~w,5,4,2.0,"['aB', 'ABBBBB', 'bbbBB', 'bbB']","{'aB': [2], 'ABBBBB': [7], 'bbbBB': [0, 3, 4, 5, 6], 'bbB': [1]}","[[[0, 0, 0, 0, 0, 0, 0, 0], [0, 0, 0, 0, 0, 0, 0, 0], [0, 0, 0, 0, 0, 0, 0, 1], [0, 0, 0, 0, 0, 0, 0, 0], [0, 0, 0, 0, 0, 0, 0, 0], [0, 0, 0, 0, 0, 0, 0, 0], [0, 0, 0, 0, 0, 0, 0, 0], [0, 0, 0, 0, 0, 0, 0, 0]], [[0, 0, 0, 0, 1, 0, 1, 1], [0, 0, 0, 0, 1, 0, 0, 1], [0, 0, 0, 0, 0, 0, 0, 0], [1, 0, 0, 0, 0, 1, 0, 1], [0, 0, 0, 1, 0, 0, 1, 1], [1, 0, 1, 0, 0, 0, 0, 1], [0, 1, 0, 1, 0, 1, 0, 0], [0, 0, 0, 0, 0, 0, 0, 0]]]",2.0,4,,,,True,1.5964401764795184,164.2423835489899
GCuu~{,5,5,2.0,"['ab', 'aBBBBB', 'AAbbBBB', 'bbbBB', 'bbB']","{'ab': [2], 'aBBBBB': [6], 'AAbbBBB': [7], 'bbbBB': [0, 3, 4, 5], 'bbB': [1]}","[[[0, 0, 0, 0, 0, 0, 0, 0], [0, 0, 0, 0, 0, 0, 0, 0], [0, 0, 0, 0, 0, 0, 0, 1], [0, 0, 0, 0, 0, 0, 0, 0], [0, 0, 0, 0, 0, 0, 0, 0], [0, 0, 0, 0, 0, 0, 0, 0], [0, 0, 0, 0, 0, 0, 0, 1], [0, 0, 0, 0, 0, 0, 0, 0]], [[0, 0, 0, 1, 0, 0, 1, 1], [0, 0, 0, 0, 1, 0, 1, 0], [0, 0, 0, 0, 0, 1, 0, 0], [0, 0, 0, 0, 0, 1, 1, 1], [1, 0, 0, 1, 0, 0, 1, 0], [1, 0, 0, 0, 0, 0, 1, 1], [0, 0, 0, 0, 0, 0, 0, 0], [0, 1, 0, 0, 1, 0, 0, 0]]]",2.0,5,,,,True,51.34863338992,578.8361945096403
GCru}{,3,4,2.0,"['bbbcc', 'bBcc', 'BcCCCC', 'c']","{'bbbcc': [0], 'bBcc': [1, 3, 4], 'BcCCCC': [5, 6, 7], 'c': [2]}","[[[0, 0, 0, -0.0, -0.0, -0.0, -0.0, -0.0], [0, 0, 0, 0, -0.0, -0.0, -0.0, -0.0], [0, 0, 0, 0, 0, -0.0, 0, 0], [-0.0, 0, 0, 0, 0, -0.0, -0.0, -0.0], [-0.0, -0.0, 0, 0, 0, 0, -0.0, -0.0], [-0.0, -0.0, -0.0, -0.0, 0, 0, -0.0, -0.0], [-0.0, -0.0, 0, -0.0, -0.0, -0.0, 0, -0.0], [-0.0, -0.0, 0, -0.0, -0.0, -0.0, -0.0, 0]], [[0, 0, 0, 1.0, 1.0, 1.0, -0.0, -0.0], [0, 0, 0, 0, -0.0, -0.0, -0.0, 1.0], [0, 0, 0, 0, 0, -0.0, 0, 0], [-0.0, 0, 0, 0, 0, -0.0, 1.0, -0.0], [-0.0, 1.0, 0, 0, 0, 0, -0.0, -0.0], [-0.0, -0.0, -0.0, -0.0, 0, 0, -0.0, -0.0], [-0.0, -0.0, 0, -0.0, -0.0, -0.0, 0, -0.0], [-0.0, -0.0, 0, -0.0, -0.0, -0.0, -0.0, 0]], [[0, 0, 0, -0.0, -0.0, -0.0, 1.0, 1.0], [0, 0, 0, 0, -0.0, 1.0, 1.0, -0.0], [0, 0, 0, 0, 0, 1.0, 0, 0], [-0.0, 0, 0, 0, 0, 1.0, -0.0, 1.0], [-0.0, -0.0, 0, 0, 0, 0, 1.0, 1.0], [-0.0, -0.0, -0.0, -0.0, 0, 0, -0.0, 1.0], [-0.0, -0.0, 0, -0.0, -0.0, 1.0, 0, -0.0], [-0.0, -0.0, 0, -0.0, -0.0, -0.0, 1.0, 0]]]",2.0,4,,,,True,0.83717589545995,149.34201442543417
GCuvZ{,5,5,2.0,"['aBBB', 'aBB', 'AbbBBB', 'AbBB', 'bbbbb']","{'aBBB': [0], 'aBB': [1, 2], 'AbbBBB': [6, 7], 'AbBB': [3], 'bbbbb': [4, 5]}","[[[0, 0, 0, 1, 0, 0, 0, 0], [0, 0, 0, 0, 0, 0, 1, 0], [0, 0, 0, 0, 0, 0, 0, 1], [0, 0, 0, 0, 0, 0, 0, 0], [0, 0, 0, 0, 0, 0, 0, 0], [0, 0, 0, 0, 0, 0, 0, 0], [0, 0, 0, 0, 0, 0, 0, 0], [0, 0, 0, 0, 0, 0, 0, 0]], [[0, 0, 0, 0, 0, 0, 0, 0], [0, 0, 0, 0, 0, 0, 0, 0], [0, 0, 0, 0, 0, 0, 0, 0], [0, 0, 0, 0, 0, 0, 0, 1], [1, 1, 0, 1, 0, 0, 1, 1], [1, 0, 1, 1, 0, 0, 1, 1], [1, 0, 1, 0, 0, 0, 0, 0], [0, 1, 0, 0, 0, 0, 1, 0]]]",2.0,5,,,,True,29906.624807097018,441.6476673865691
GCuv]{,5,5,2.0,"['abBBB', 'AAAB', 'bbbbBB', 'bbB', 'bb']","{'abBBB': [0, 4, 5], 'AAAB': [3], 'bbbbBB': [6, 7], 'bbB': [1], 'bb': [2]}","[[[0, 0, 0, 1, 0, 0, 0, 0], [0, 0, 0, 0, 0, 0, 0, 0], [0, 0, 0, 0, 0, 0, 0, 0], [0, 0, 0, 0, 0, 0, 0, 0], [0, 0, 0, 1, 0, 0, 0, 0], [0, 0, 0, 1, 0, 0, 0, 0], [0, 0, 0, 0, 0, 0, 0, 0], [0, 0, 0, 0, 0, 0, 0, 0]], [[0, 0, 0, 0, 0, 1, 0, 0], [0, 0, 0, 0, 1, 0, 1, 0], [0, 0, 0, 0, 0, 1, 1, 0], [0, 0, 0, 0, 0, 0, 0, 0], [1, 0, 0, 0, 0, 0, 0, 0], [0, 0, 0, 0, 0, 0, 0, 1], [1, 0, 0, 0, 1, 1, 0, 1], [1, 1, 0, 1, 1, 0, 0, 0]]]",2.0,5,,,,True,50.00355337187648,434.301404280588
GCuv^[,5,4,2.0,"['aBB', 'AbbBBB', 'AbBBB', 'bbbbb']","{'aBB': [1, 2, 3], 'AbbBBB': [6, 7], 'AbBBB': [0], 'bbbbb': [4, 5]}","[[[0, 0, 0, 0, 0, 0, 0, 0], [0, 0, 0, 0, 0, 0, 0, 1], [0, 0, 0, 0, 0, 0, 1, 0], [1, 0, 0, 0, 0, 0, 0, 0], [0, 0, 0, 0, 0, 0, 0, 0], [0, 0, 0, 0, 0, 0, 0, 0], [0, 0, 0, 0, 0, 0, 0, 0], [0, 0, 0, 0, 0, 0, 0, 0]], [[0, 0, 0, 0, 0, 0, 1, 0], [0, 0, 0, 0, 0, 0, 0, 0], [0, 0, 0, 0, 0, 0, 0, 0], [0, 0, 0, 0, 0, 0, 0, 0], [1, 1, 0, 1, 0, 0, 1, 1], [1, 0, 1, 1, 0, 0, 1, 1], [0, 1, 0, 0, 0, 0, 0, 1], [1, 0, 1, 0, 0, 0, 0, 0]]]",2.0,4,,,,True,8.8337159184739,320.8533947262913
GCuv^s,5,5,2.0,"['abBB', 'AbbBBB', 'bbbbB', 'bbb', 'BBBBB']","{'abBB': [3, 5], 'AbbBBB': [6, 7], 'bbbbB': [0], 'bbb': [1, 2], 'BBBBB': [4]}","[[[0, 0, 0, 0, 0, 0, 0, 0], [0, 0, 0, 0, 0, 0, 0, 0], [0, 0, 0, 0, 0, 0, 0, 0], [0, 0, 0, 0, 0, 0, 0, 1], [0, 0, 0, 0, 0, 0, 0, 0], [0, 0, 0, 0, 0, 0, 1, 0], [0, 0, 0, 0, 0, 0, 0, 0], [0, 0, 0, 0, 0, 0, 0, 0]], [[0, 0, 0, 1, 1, 1, 0, 1], [0, 0, 0, 0, 1, 0, 1, 1], [0, 0, 0, 0, 0, 1, 1, 1], [0, 0, 0, 0, 1, 0, 0, 0], [0, 0, 0, 0, 0, 0, 0, 0], [0, 0, 0, 1, 0, 0, 0, 0], [1, 0, 0, 0, 1, 0, 0, 0], [0, 0, 0, 0, 1, 0, 1, 0]]]",2.0,5,,,,True,24154.91850648913,455.6349171008914
GCuv^w,5,4,2.0,"['aBBB', 'AbBBBB', 'bbbBB', 'bbB']","{'aBBB': [3], 'AbBBBB': [7], 'bbbBB': [0, 4, 5, 6], 'bbB': [1, 2]}","[[[0, 0, 0, 0, 0, 0, 0, 0], [0, 0, 0, 0, 0, 0, 0, 0], [0, 0, 0, 0, 0, 0, 0, 0], [0, 0, 0, 0, 0, 0, 0, 1], [0, 0, 0, 0, 0, 0, 0, 0], [0, 0, 0, 0, 0, 0, 0, 0], [0, 0, 0, 0, 0, 0, 0, 0], [0, 0, 0, 0, 0, 0, 0, 0]], [[0, 0, 0, 1, 1, 0, 1, 0], [0, 0, 0, 0, 0, 0, 1, 1], [0, 0, 0, 0, 0, 1, 0, 1], [0, 0, 0, 0, 0, 0, 0, 0], [0, 1, 0, 1, 0, 0, 0, 1], [1, 0, 0, 1, 0, 0, 0, 1], [0, 0, 1, 0, 1, 1, 0, 0], [1, 0, 0, 0, 0, 0, 0, 0]]]",2.0,4,,,,True,3.766456535086036,377.9113856581971
GCuv^{,5,5,2.0,"['aBBB', 'aBB', 'AAABBBB', 'bbbbBB', 'bbbbB']","{'aBBB': [3], 'aBB': [1, 2], 'AAABBBB': [7], 'bbbbBB': [6], 'bbbbB': [0, 4, 5]}","[[[0, 0, 0, 0, 0, 0, 0, 0], [0, 0, 0, 0, 0, 0, 0, 1], [0, 0, 0, 0, 0, 0, 0, 1], [0, 0, 0, 0, 0, 0, 0, 1], [0, 0, 0, 0, 0, 0, 0, 0], [0, 0, 0, 0, 0, 0, 0, 0], [0, 0, 0, 0, 0, 0, 0, 0], [0, 0, 0, 0, 0, 0, 0, 0]], [[0, 0, 0, 1, 0, 1, 1, 1], [0, 0, 0, 0, 0, 0, 0, 0], [0, 0, 0, 0, 0, 0, 0, 0], [0, 0, 0, 0, 0, 0, 0, 0], [1, 1, 0, 1, 0, 0, 0, 1], [0, 0, 1, 1, 0, 0, 1, 1], [0, 1, 1, 0, 1, 0, 0, 1], [0, 0, 0, 0, 0, 0, 0, 0]]]",2.0,5,,,,True,65.97716638632119,1081.590352200903
GCuvt{,5,5,2.0,"['abBBB', 'aBB', 'AbbbbB', 'Abbb', 'AB']","{'abBBB': [0, 3, 4], 'aBB': [2], 'AbbbbB': [6, 7], 'Abbb': [5], 'AB': [1]}","[[[0, 0, 0, 0, 0, 0, 0, 1], [0, 0, 0, 0, 0, 0, 0, 0], [0, 0, 0, 0, 0, 1, 0, 0], [0, 0, 0, 0, 0, 0, 1, 0], [0, 1, 0, 0, 0, 0, 0, 0], [0, 0, 0, 0, 0, 0, 0, 0], [0, 0, 0, 0, 0, 0, 0, 0], [0, 0, 0, 0, 0, 0, 0, 0]], [[0, 0, 0, 0, 1, 0, 0, 0], [0, 0, 0, 0, 0, 0, 0, 0], [0, 0, 0, 0, 0, 0, 0, 0], [1, 0, 0, 0, 0, 0, 0, 0], [0, 0, 0, 1, 0, 0, 0, 0], [1, 0, 0, 1, 0, 0, 0, 1], [1, 1, 1, 0, 1, 0, 0, 0], [0, 0, 1, 1, 1, 0, 1, 0]]]",2.0,5,,,,True,43.78974102716893,334.50241757463664
GCuvu{,5,5,2.0,"['abBBBB', 'aBBB', 'AAB', 'Ab', 'bbbbB']","{'abBBBB': [6, 7], 'aBBB': [5], 'AAB': [1], 'Ab': [2], 'bbbbB': [0, 3, 4]}","[[[0, 0, 0, 0, 0, 0, 0, 0], [0, 0, 0, 0, 0, 0, 0, 0], [0, 0, 0, 0, 0, 0, 0, 0], [0, 0, 0, 0, 0, 0, 0, 0], [0, 0, 0, 0, 0, 0, 0, 0], [0, 0, 1, 0, 0, 0, 0, 0], [0, 1, 0, 0, 0, 0, 0, 0], [0, 1, 0, 0, 0, 0, 0, 0]], [[0, 0, 0, 0, 1, 1, 1, 1], [0, 0, 0, 0, 0, 0, 0, 0], [0, 0, 0, 0, 0, 0, 1, 0], [1, 0, 0, 0, 0, 1, 1, 1], [0, 1, 0, 1, 0, 0, 1, 1], [0, 0, 0, 0, 0, 0, 0, 0], [0, 0, 0, 0, 0, 0, 0, 1], [0, 0, 0, 0, 0, 1, 0, 0]]]",2.0,5,,,,True,51.12523469887674,297.9851228101179
GCuvvk,5,5,2.0,"['aBBB', 'AbbBBB', 'ABBBBB', 'bbbbB', 'bbb']","{'aBBB': [4, 5], 'AbbBBB': [6], 'ABBBBB': [7], 'bbbbB': [0, 3], 'bbb': [1, 2]}","[[[0, 0, 0, 0, 0, 0, 0, 0], [0, 0, 0, 0, 0, 0, 0, 0], [0, 0, 0, 0, 0, 0, 0, 0], [0, 0, 0, 0, 0, 0, 0, 0], [0, 0, 0, 0, 0, 0, 1, 0], [0, 0, 0, 0, 0, 0, 0, 1], [0, 0, 0, 0, 0, 0, 0, 0], [0, 0, 0, 0, 0, 0, 0, 0]], [[0, 0, 0, 0, 1, 1, 1, 1], [0, 0, 0, 0, 1, 0, 1, 1], [0, 0, 0, 0, 0, 1, 1, 1], [1, 0, 0, 0, 1, 1, 0, 1], [0, 0, 0, 0, 0, 0, 0, 0], [0, 0, 0, 0, 0, 0, 0, 0], [0, 0, 0, 1, 0, 0, 0, 1], [0, 0, 0, 0, 0, 0, 0, 0]]]",2.0,5,,,,True,26428.47745115403,410.50989484228194
GCuvvs,5,4,2.0,"['aBBBBB', 'AbbBBB', 'bbbBB', 'bbB']","{'aBBBBB': [7], 'AbbBBB': [6], 'bbbBB': [0, 3, 4], 'bbB': [1, 2, 5]}","[[[0, 0, 0, 0, 0, 0, 0, 0], [0, 0, 0, 0, 0, 0, 0, 0], [0, 0, 0, 0, 0, 0, 0, 0], [0, 0, 0, 0, 0, 0, 0, 0], [0, 0, 0, 0, 0, 0, 0, 0], [0, 0, 0, 0, 0, 0, 0, 0], [0, 0, 0, 0, 0, 0, 0, 0], [0, 0, 0, 0, 0, 0, 1, 0]], [[0, 0, 0, 0, 0, 1, 1, 1], [0, 0, 0, 0, 1, 0, 0, 1], [0, 0, 0, 0, 0, 0, 1, 1], [1, 0, 0, 0, 1, 0, 0, 1], [1, 0, 0, 0, 0, 0, 1, 1], [0, 0, 1, 1, 0, 0, 0, 0], [0, 1, 0, 1, 0, 0, 0, 0], [0, 0, 0, 0, 0, 0, 0, 0]]]",2.0,4,,,,True,8.760952365584671,283.1581564908847
GCru~s,3,4,2.0,"['bbBccC', 'bc', 'BccC', 'cCCCC']","{'bbBccC': [6, 7], 'bc': [2], 'BccC': [1, 3, 4], 'cCCCC': [0, 5]}","[[[0, 0, 0, -0.0, -0.0, 0.0, -0.0, -0.0], [0, 0, 0, 0, -0.0, 0.0, -0.0, -0.0], [0, 0, 0, 0, 0, 0.0, 0, 0.0], [-0.0, 0, 0, 0, 0, -0.0, 0.0, -0.0], [-0.0, -0.0, 0, 0, 0, 0, 0.0, -0.0], [-0.0, -0.0, -0.0, -0.0, 0, 0, -0.0, 0], [-0.0, -0.0, 0, -0.0, -0.0, -0.0, 0, -0.0], [-0.0, -0.0, 0.0, -0.0, -0.0, 0, -0.0, 0]], [[0, 0, 0, -0.0, -0.0, 0.0, -0.0, -0.0], [0, 0, 0, 0, 0.0, -0.0, 0.0, -0.0], [0, 0, 0, 0, 0, -0.0, 0, 1.0], [0.0, 0, 0, 0, 0, -0.0, -0.0, -0.0], [-0.0, -0.0, 0, 0, 0, 0, 0.0, -0.0], [-0.0, -0.0, -0.0, -0.0, 0, 0, -0.0, 0], [-0.0, 1.0, 0, -0.0, 1.0, -0.0, 0, 0.0], [-0.0, -0.0, -0.0, 1.0, 0.0, 0, 1.0, 0]], [[0, 0, 0, -0.0, 0.0, 1.0, -0.0, -0.0], [0, 0, 0, 0, -0.0, 1.0, -0.0, 1.0], [0, 0, 0, 0, 0, 1.0, 0, -0.0], [1.0, 0, 0, 0, 0, 1.0, -0.0, -0.0], [1.0, 1.0, 0, 0, 0, 0, -0.0, -0.0], [-0.0, -0.0, -0.0, -0.0, 0, 0, 1.0, 0], [1.0, -0.0, 0, 1.0, 0.0, -0.0, 0, -0.0], [1.0, -0.0, -0.0, -0.0, 1.0, 0, -0.0, 0]]]",2.0,4,,,,True,0.8969033770263195,250.95209193322808
GCuvvw,5,4,2.0,"['aBBB', 'AbBBBB', 'bbbBB', 'bbB']","{'aBBB': [5], 'AbBBBB': [7], 'bbbBB': [0, 3, 4, 6], 'bbB': [1, 2]}","[[[0, 0, 0, 0, 0, 0, 0, 0], [0, 0, 0, 0, 0, 0, 0, 0], [0, 0, 0, 0, 0, 0, 0, 0], [0, 0, 0, 0, 0, 0, 0, 0], [0, 0, 0, 0, 0, 0, 0, 0], [0, 0, 0, 0, 0, 0, 0, 1], [0, 0, 0, 0, 0, 0, 0, 0], [0, 0, 0, 0, 0, 0, 0, 0]], [[0, 0, 0, 0, 1, 1, 0, 1], [0, 0, 0, 0, 1, 0, 1, 0], [0, 0, 0, 0, 0, 1, 0, 1], [1, 0, 0, 0, 0, 1, 0, 1], [0, 0, 0, 1, 0, 0, 1, 1], [0, 0, 0, 0, 0, 0, 0, 0], [1, 0, 1, 1, 0, 0, 0, 0], [0, 1, 0, 0, 0, 0, 0, 0]]]",2.0,4,,,,True,2.965776844881475,382.0414917999879
GCuvv{,5,5,2.0,"['abBBB', 'AAABBBB', 'bbbbBB', 'bbbB', 'bbb']","{'abBBB': [0, 3, 4], 'AAABBBB': [7], 'bbbbBB': [6], 'bbbB': [5], 'bbb': [1, 2]}","[[[0, 0, 0, 0, 0, 0, 0, 1], [0, 0, 0, 0, 0, 0, 0, 0], [0, 0, 0, 0, 0, 0, 0, 0], [0, 0, 0, 0, 0, 0, 0, 1], [0, 0, 0, 0, 0, 0, 0, 1], [0, 0, 0, 0, 0, 0, 0, 0], [0, 0, 0, 0, 0, 0, 0, 0], [0, 0, 0, 0, 0, 0, 0, 0]], [[0, 0, 0, 0, 1, 0, 0, 0], [0, 0, 0, 0, 1, 0, 1, 1], [0, 0, 0, 0, 0, 1, 1, 1], [1, 0, 0, 0, 0, 0, 0, 0], [0, 0, 0, 1, 0, 0, 0, 0], [1, 0, 0, 1, 0, 0, 0, 1], [1, 0, 0, 1, 1, 0, 0, 1], [0, 0, 0, 0, 0, 0, 0, 0]]]",2.0,5,,,,True,191.20055950526148,1105.4163523167372
GCuv~w,5,4,2.0,"['aBBBBB', 'AAbBB', 'bbbbB', 'bbB']","{'aBBBBB': [6, 7], 'AAbBB': [0], 'bbbbB': [3, 4, 5], 'bbB': [1, 2]}","[[[0, 0, 0, 0, 0, 0, 0, 0], [0, 0, 0, 0, 0, 0, 0, 0], [0, 0, 0, 0, 0, 0, 0, 0], [0, 0, 0, 0, 0, 0, 0, 0], [0, 0, 0, 0, 0, 0, 0, 0], [0, 0, 0, 0, 0, 0, 0, 0], [1, 0, 0, 0, 0, 0, 0, 0], [1, 0, 0, 0, 0, 0, 0, 0]], [[0, 0, 0, 1, 0, 0, 0, 0], [0, 0, 0, 0, 0, 0, 1, 1], [0, 0, 0, 0, 0, 0, 1, 1], [0, 0, 0, 0, 1, 1, 1, 1], [1, 1, 0, 0, 0, 0, 1, 1], [1, 0, 1, 0, 0, 0, 1, 1], [0, 0, 0, 0, 0, 0, 0, 0], [0, 0, 0, 0, 0, 0, 0, 0]]]",2.0,4,,,,True,17.58625990897417,290.4296161616221
GCuv~{,5,4,1.0,"['aaaaAAA', 'aaaAA', 'aaA', 'AAAAAAA']","{'aaaaAAA': [6], 'aaaAA': [0, 3, 4, 5], 'aaA': [1, 2], 'AAAAAAA': [7]}","[[[0, 0, 0, 1, 1, 0, 0, 1], [0, 0, 0, 0, 0, 0, 1, 1], [0, 0, 0, 0, 0, 1, 0, 1], [0, 0, 0, 0, 1, 1, 0, 1], [0, 1, 0, 0, 0, 0, 1, 1], [1, 0, 0, 0, 0, 0, 1, 1], [1, 0, 1, 1, 0, 0, 0, 1], [0, 0, 0, 0, 0, 0, 0, 0]]]",1.0,4,,,,True,83.35194722935557,3.932695835828781e-05
GCu~b[,5,4,2.0,"['aBBB', 'ABBB', 'bbbBB', 'bbB']","{'aBBB': [0], 'ABBB': [3], 'bbbBB': [4, 5, 6, 7], 'bbB': [1, 2]}","[[[0, 0, 0, 1, 0, 0, 0, 0], [0, 0, 0, 0, 0, 0, 0, 0], [0, 0, 0, 0, 0, 0, 0, 0], [0, 0, 0, 0, 0, 0, 0, 0], [0, 0, 0, 0, 0, 0, 0, 0], [0, 0, 0, 0, 0, 0, 0, 0], [0, 0, 0, 0, 0, 0, 0, 0], [0, 0, 0, 0, 0, 0, 0, 0]], [[0, 0, 0, 0, 0, 0, 0, 0], [0, 0, 0, 0, 1, 0, 1, 0], [0, 0, 0, 0, 0, 1, 1, 0], [0, 0, 0, 0, 0, 0, 0, 0], [1, 0, 0, 1, 0, 0, 0, 1], [1, 0, 0, 1, 1, 0, 0, 0], [1, 0, 0, 1, 0, 0, 0, 1], [0, 1, 1, 0, 0, 1, 0, 0]]]",2.0,4,,,,True,6.0346090737730265,148.6899556759745
GCu~c{,5,3,2.0,"['aB', 'AABBB', 'bbbBB']","{'aB': [1, 2], 'AABBB': [6], 'bbbBB': [0, 3, 4, 5, 7]}","[[[0, 0, 0, 0, 0, 0, 0, 0], [0, 0, 0, 0, 0, 0, 1, 0], [0, 0, 0, 0, 0, 0, 1, 0], [0, 0, 0, 0, 0, 0, 0, 0], [0, 0, 0, 0, 0, 0, 0, 0], [0, 0, 0, 0, 0, 0, 0, 0], [0, 0, 0, 0, 0, 0, 0, 0], [0, 0, 0, 0, 0, 0, 0, 0]], [[0, 0, 0, 0, 1, 1, 1, 0], [0, 0, 0, 0, 0, 0, 0, 0], [0, 0, 0, 0, 0, 0, 0, 0], [1, 0, 0, 0, 0, 0, 1, 1], [0, 1, 0, 1, 0, 1, 0, 0], [0, 0, 1, 1, 0, 0, 0, 1], [0, 0, 0, 0, 0, 0, 0, 0], [1, 0, 0, 0, 1, 0, 1, 0]]]",2.0,3,,,,True,1.9961251392960548,17.204512466676533
GCu~ds,5,4,3.0,"['aCC', 'ABCC', 'bBccC', 'bC']","{'aCC': [2], 'ABCC': [5], 'bBccC': [0, 3, 4, 6, 7], 'bC': [1]}","[[[0, 0, 0, 0, 0, 0, 0, 0], [0, 0, 0, 0, 0, 0, 0, 0], [0, 0, 0, 0, 0, 1, 0, 0], [0, 0, 0, 0, 0, 0, 0, 0], [0, 0, 0, 0, 0, 0, 0, 0], [0, 0, 0, 0, 0, 0, 0, 0], [0, 0, 0, 0, 0, 0, 0, 0], [0, 0, 0, 0, 0, 0, 0, 0]], [[0, 0, 0, 0, 0, 1, 0, 0], [0, 0, 0, 0, 1, 0, 0, 0], [0, 0, 0, 0, 0, 0, 0, 0], [1, 0, 0, 0, 0, 0, 0, 0], [0, 0, 0, 0, 0, 0, 0, 1], [0, 0, 0, 0, 0, 0, 0, 0], [0, 0, 0, 1, 0, 0, 0, 0], [0, 0, 0, 0, 0, 0, 1, 0]], [[0, 0, 0, 0, 0, 0, 1, 1], [0, 0, 0, 0, 0, 0, 0, 0], [0, 0, 0, 0, 0, 0, 0, 0], [0, 0, 0, 0, 1, 1, 0, 0], [1, 0, 0, 0, 0, 1, 0, 0], [0, 0, 0, 0, 0, 0, 0, 0], [0, 1, 1, 0, 0, 0, 0, 0], [0, 0, 1, 1, 0, 0, 0, 0]]]",2.0,5,"['abBB', 'aB', 'AABBB', 'bbbBB', 'bbB']","{'abBB': [5], 'aB': [1], 'AABBB': [4], 'bbbBB': [0, 3, 6, 7], 'bbB': [2]}","[[[0, 0, 0, 0, 0, 0, 0, 0], [0, 0, 0, 0, 1, 0, 0, 0], [0, 0, 0, 0, 0, 0, 0, 0], [0, 0, 0, 0, 0, 0, 0, 0], [0, 0, 0, 0, 0, 0, 0, 0], [0, 0, 0, 0, 1, 0, 0, 0], [0, 0, 0, 0, 0, 0, 0, 0], [0, 0, 0, 0, 0, 0, 0, 0]], [[0, 0, 0, 1, 1, 1, 0, 0], [0, 0, 0, 0, 0, 0, 0, 0], [0, 0, 0, 0, 0, 0, 1, 1], [0, 0, 0, 0, 1, 1, 1, 0], [0, 0, 0, 0, 0, 0, 0, 0], [0, 0, 1, 0, 0, 0, 0, 0], [1, 1, 0, 0, 0, 0, 0, 1], [1, 0, 0, 1, 1, 0, 0, 0]]]",False,100.8546964880079,171.4339238461107
GCu~e[,5,4,3.0,"['abBcC', 'AABC', 'AAc', 'Ab']","{'abBcC': [0, 4, 5, 6, 7], 'AABC': [3], 'AAc': [1], 'Ab': [2]}","[[[0, 0, 0, 1, 0, 0, 0, 0], [0, 0, 0, 0, 0, 0, 0, 0], [0, 0, 0, 0, 0, 0, 0, 0], [0, 0, 0, 0, 0, 0, 0, 0], [0, 1, 0, 0, 0, 0, 0, 0], [0, 0, 0, 1, 0, 0, 0, 0], [0, 0, 1, 0, 0, 0, 0, 0], [0, 1, 0, 0, 0, 0, 0, 0]], [[0, 0, 0, 0, 0, 0, 1, 0], [0, 0, 0, 0, 0, 0, 0, 0], [0, 0, 0, 0, 0, 1, 0, 0], [0, 0, 0, 0, 0, 0, 0, 0], [0, 0, 0, 1, 0, 0, 0, 0], [0, 0, 0, 0, 1, 0, 0, 0], [0, 0, 0, 0, 0, 0, 0, 1], [1, 0, 0, 0, 0, 0, 0, 0]], [[0, 0, 0, 0, 0, 1, 0, 0], [0, 0, 0, 0, 0, 0, 1, 0], [0, 0, 0, 0, 0, 0, 0, 0], [0, 0, 0, 0, 0, 0, 0, 0], [1, 0, 0, 0, 0, 0, 0, 0], [0, 0, 0, 0, 0, 0, 0, 1], [0, 0, 0, 1, 0, 0, 0, 0], [0, 0, 0, 0, 1, 0, 0, 0]]]",2.0,5,"['abBB', 'aB', 'AABBB', 'bbbBB', 'bbB']","{'abBB': [3], 'aB': [2], 'AABBB': [6], 'bbbBB': [0, 4, 5, 7], 'bbB': [1]}","[[[0, 0, 0, 0, 0, 0, 0, 0], [0, 0, 0, 0, 0, 0, 0, 0], [0, 0, 0, 0, 0, 0, 1, 0], [0, 0, 0, 0, 0, 0, 1, 0], [0, 0, 0, 0, 0, 0, 0, 0], [0, 0, 0, 0, 0, 0, 0, 0], [0, 0, 0, 0, 0, 0, 0, 0], [0, 0, 0, 0, 0, 0, 0, 0]], [[0, 0, 0, 1, 0, 0, 1, 1], [0, 0, 0, 0, 0, 0, 1, 1], [0, 0, 0, 0, 0, 0, 0, 0], [0, 0, 0, 0, 0, 1, 0, 0], [1, 1, 0, 1, 0, 0, 0, 0], [1, 0, 1, 0, 1, 0, 0, 0], [0, 0, 0, 0, 0, 0, 0, 0], [0, 0, 0, 0, 1, 1, 1, 0]]]",False,111.7312597297132,169.10330072790384
GCu~e{,5,4,2.0,"['abbBB', 'AAABBB', 'Abb', 'Ab']","{'abbBB': [0, 3, 4, 5, 6], 'AAABBB': [7], 'Abb': [1], 'Ab': [2]}","[[[0, 0, 0, 0, 0, 0, 0, 1], [0, 0, 0, 0, 0, 0, 0, 0], [0, 0, 0, 0, 0, 0, 0, 0], [0, 0, 0, 0, 0, 0, 0, 1], [0, 0, 0, 0, 0, 0, 0, 1], [0, 0, 1, 0, 0, 0, 0, 0], [0, 1, 0, 0, 0, 0, 0, 0], [0, 0, 0, 0, 0, 0, 0, 0]], [[0, 0, 0, 1, 1, 0, 0, 0], [0, 0, 0, 0, 1, 0, 0, 1], [0, 0, 0, 0, 0, 0, 1, 0], [0, 0, 0, 0, 0, 1, 1, 0], [0, 0, 0, 1, 0, 1, 0, 0], [1, 0, 0, 0, 0, 0, 0, 1], [1, 0, 0, 0, 0, 0, 0, 1], [0, 0, 0, 0, 0, 0, 0, 0]]]",2.0,4,,,,True,9.537307021208107,170.43234401382506
GCu~fS,5,4,2.0,"['aBBB', 'ABBB', 'bbbBB', 'bbB']","{'aBBB': [5], 'ABBB': [3], 'bbbBB': [0, 4, 6, 7], 'bbB': [1, 2]}","[[[0, 0, 0, 0, 0, 0, 0, 0], [0, 0, 0, 0, 0, 0, 0, 0], [0, 0, 0, 0, 0, 0, 0, 0], [0, 0, 0, 0, 0, 0, 0, 0], [0, 0, 0, 0, 0, 0, 0, 0], [0, 0, 0, 1, 0, 0, 0, 0], [0, 0, 0, 0, 0, 0, 0, 0], [0, 0, 0, 0, 0, 0, 0, 0]], [[0, 0, 0, 1, 0, 1, 1, 0], [0, 0, 0, 0, 1, 0, 1, 0], [0, 0, 0, 0, 0, 1, 0, 1], [0, 0, 0, 0, 0, 0, 0, 0], [1, 0, 0, 1, 0, 1, 0, 0], [0, 0, 0, 0, 0, 0, 0, 0], [0, 0, 1, 1, 0, 0, 0, 1], [1, 1, 0, 0, 1, 0, 0, 0]]]",2.0,4,,,,True,5.792757076211274,172.58867691736668
